Unnamed: 0,CustomerID,Recency,Frequency,Monetary,Recency_log,Frequency_log,Monetary_log,Cluster,Segment
0,12346.0,326,1,77183.6,5.7899601708972535,0.6931471805599453,11.253955234248428,2,At Risk
1,12347.0,2,7,4310.0,1.0986122886681098,2.079441541679836,8.368925174747135,1,Champions
2,12348.0,75,4,1797.24,4.330733340286331,1.6094379124341005,7.494563687769957,2,Potential Customers
3,12349.0,19,1,1757.55,2.995732273553991,0.6931471805599453,7.472244884833674,0,Champions
4,12350.0,310,1,334.40000000000003,5.739792912179234,0.6931471805599453,5.815323849389109,3,At Risk
5,12352.0,36,8,2506.04,3.610917912644224,2.19722457733622,7.826858053356098,2,Champions
6,12353.0,204,1,89.0,5.3230099791384085,0.6931471805599453,4.499809670330265,3,At Risk
7,12354.0,232,1,1079.4,5.4510384535657,0.6931471805599453,6.985086621918461,3,At Risk
8,12355.0,214,1,459.4,5.3706380281276624,0.6931471805599453,6.132095676847728,3,At Risk
9,12356.0,23,3,2811.43,3.1780538303479458,1.3862943611198906,7.941804157314053,2,Champions
10,12357.0,33,1,6207.67,3.5263605246161616,0.6931471805599453,8.733701981297274,2,Champions
11,12358.0,2,2,1168.06,1.0986122886681098,1.0986122886681098,7.063955286074528,0,Champions
12,12359.0,58,4,6372.58,4.07753744390572,1.6094379124341005,8.759916600117213,2,Potential Customers
13,12360.0,52,3,2662.06,3.970291913552122,1.3862943611198906,7.887231116540211,2,Potential Customers
14,12361.0,287,1,189.9,5.662960480135946,0.6931471805599453,5.251749730731702,3,At Risk
15,12362.0,3,10,5226.2300000000005,1.3862943611198906,2.3978952727983707,8.56163678004062,1,Champions
16,12363.0,110,2,552.0,4.709530201312334,1.0986122886681098,6.315358001522335,3,Potential Customers
17,12364.0,8,4,1313.1,2.19722457733622,1.6094379124341005,7.180907299649593,0,Champions
18,12365.0,291,2,641.38,5.676753802268282,1.0986122886681098,6.465180028897591,3,At Risk
19,12367.0,4,1,168.9,1.6094379124341005,0.6931471805599453,5.135210028677887,0,Potential Customers
20,12370.0,51,4,3545.69,3.951243718581428,1.6094379124341005,8.173770053153254,2,Potential Customers
21,12371.0,45,2,1887.96,3.828641396489095,1.0986122886681098,7.543781692052325,2,Champions
22,12372.0,72,3,1298.04,4.290459441148391,1.3862943611198906,7.169380809114136,2,Potential Customers
23,12373.0,311,1,364.6,5.7430031878094825,0.6931471805599453,5.901539839579995,3,At Risk
24,12374.0,25,1,742.9300000000001,3.258096538021482,0.6931471805599453,6.61194694438522,0,Champions
25,12375.0,11,2,457.5,2.4849066497880004,1.0986122886681098,6.127960291696519,0,Potential Customers
26,12377.0,315,2,1628.12,5.755742213586912,1.0986122886681098,7.395795270713971,2,At Risk
27,12378.0,130,1,4008.62,4.875197323201151,0.6931471805599453,8.29645175271804,2,Potential Customers
28,12379.0,82,2,852.24,4.418840607796598,1.0986122886681098,6.749040867823617,2,Potential Customers
29,12380.0,22,4,2724.81,3.1354942159291497,1.6094379124341005,7.910520910634419,2,Champions
30,12381.0,5,5,1845.31,1.791759469228055,1.791759469228055,7.520944331624911,1,Champions
31,12383.0,185,5,1850.56,5.225746673713202,1.791759469228055,7.523783805985769,2,Potential Customers
32,12384.0,29,2,585.27,3.4011973816621555,1.0986122886681098,6.373780434317173,0,Champions
33,12386.0,338,2,401.9,5.82600010738045,1.0986122886681098,5.998688392197302,3,At Risk
34,12388.0,16,6,2780.6600000000003,2.833213344056216,1.9459101490553128,7.930803150780257,1,Champions
35,12390.0,80,1,549.84,4.394449154672439,0.6931471805599453,6.311444385858925,3,Potential Customers
36,12391.0,22,1,460.89,3.1354942159291497,0.6931471805599453,6.1353267674944725,0,Potential Customers
37,12393.0,72,4,1582.6,4.290459441148391,1.6094379124341005,7.367456015231975,2,Potential Customers
38,12394.0,64,2,1272.48,4.174387269895637,1.0986122886681098,7.149508589545504,2,Potential Customers
39,12395.0,19,12,3018.63,2.995732273553991,2.5649493574615367,8.012889586306857,1,Champions
40,12397.0,36,2,2409.9,3.610917912644224,1.0986122886681098,7.7877554007552545,2,Champions
41,12398.0,46,1,1635.66,3.8501476017100575,0.6931471805599453,7.400412858792404,2,Champions
42,12399.0,119,4,1108.65,4.787491742782046,1.6094379124341005,7.011799929268738,2,Potential Customers
43,12401.0,303,1,84.3,5.717027701406222,0.6931471805599453,4.446174454497633,3,At Risk
44,12402.0,323,1,225.6,5.780743515792329,0.6931471805599453,5.423186348593906,3,At Risk
45,12403.0,50,1,427.7,3.9318256327243257,0.6931471805599453,6.060757373603932,3,Potential Customers
46,12405.0,149,1,1710.39,5.010635294096256,0.6931471805599453,7.445061184797548,2,Potential Customers
47,12406.0,22,2,3415.3,3.1354942159291497,1.0986122886681098,8.136313373066384,2,Champions
48,12407.0,50,5,1708.12,3.9318256327243257,1.791759469228055,7.443733897151405,2,Potential Customers
49,12408.0,33,5,2888.55,3.5263605246161616,1.791759469228055,7.968856059639959,2,Champions
50,12409.0,79,3,11072.67,4.382026634673881,1.3862943611198906,9.312325497408466,2,Potential Customers
51,12410.0,309,2,693.33,5.736572297479192,1.0986122886681098,6.542947351813216,3,At Risk
52,12412.0,75,3,1226.88,4.330733340286331,1.3862943611198906,7.113044384062484,2,Potential Customers
53,12413.0,67,3,758.1,4.219507705176107,1.3862943611198906,6.632133521022722,2,Potential Customers
54,12414.0,217,3,562.4100000000001,5.384495062789089,1.3862943611198906,6.334007604663526,3,At Risk
55,12415.0,24,21,124914.53,3.218875824868201,3.091042453358316,11.735393027855736,1,Champions
56,12417.0,3,9,3649.1,1.3862943611198906,2.302585092994046,8.202509843461513,1,Champions
57,12418.0,113,1,668.58,4.736198448394496,0.6931471805599453,6.506650650150935,3,Potential Customers
58,12420.0,64,1,600.39,4.174387269895637,0.6931471805599453,6.3992436425478765,3,Potential Customers
59,12421.0,16,4,807.04,2.833213344056216,1.6094379124341005,6.694611562246261,0,Champions
60,12422.0,96,3,803.5600000000001,4.574710978503383,1.3862943611198906,6.690295544136225,2,Potential Customers
61,12423.0,1,8,1859.31,0.6931471805599453,2.19722457733622,7.528498419486568,1,Champions
62,12424.0,163,2,1760.96,5.099866427824199,1.0986122886681098,7.474182104762846,2,Potential Customers
63,12425.0,78,1,777.2,4.3694478524670215,0.6931471805599453,6.6569835605504535,3,Potential Customers
64,12426.0,195,1,582.73,5.278114659230517,0.6931471805599453,6.369438547154207,3,Potential Customers
65,12427.0,22,3,825.8000000000001,3.1354942159291497,1.3862943611198906,6.717562827807614,0,Champions
66,12428.0,26,9,7956.46,3.295836866004329,2.302585092994046,8.981865132439246,1,Champions
67,12429.0,9,4,3750.4,2.302585092994046,1.6094379124341005,8.22988438262624,1,Champions
68,12430.0,43,1,256.4,3.784189633918261,0.6931471805599453,5.5506312951620265,3,Potential Customers
69,12431.0,36,15,6487.45,3.610917912644224,2.772588722239781,8.777778952206313,1,Champions
70,12432.0,43,5,5059.32,3.784189633918261,1.791759469228055,8.529185001388596,2,Champions
71,12433.0,1,7,13375.87,0.6931471805599453,2.079441541679836,9.50128237507538,1,Champions
72,12434.0,85,2,806.14,4.454347296253507,1.0986122886681098,6.6934971352559,2,Potential Customers
73,12435.0,80,2,7829.89,4.394449154672439,1.0986122886681098,8.965831447914955,2,Potential Customers
74,12436.0,100,1,509.01,4.61512051684126,0.6931471805599453,6.234430333369278,3,Potential Customers
75,12437.0,2,18,4951.41,1.0986122886681098,2.9444389791664403,8.507629605767502,1,Champions
76,12438.0,14,2,2906.85,2.70805020110221,1.0986122886681098,7.975169255479829,2,Champions
77,12441.0,367,1,173.55,5.908082938168931,0.6931471805599453,5.162211233551045,3,At Risk
78,12442.0,3,1,172.06,1.3862943611198906,0.6931471805599453,5.153638355178593,0,Potential Customers
79,12444.0,21,5,5005.46,3.091042453358316,1.791759469228055,8.518484357502437,1,Champions
80,12445.0,22,1,133.4,3.1354942159291497,0.6931471805599453,4.900820428089049,0,Potential Customers
81,12446.0,58,1,1002.31,4.07753744390572,0.6931471805599453,6.9110598129904375,3,Potential Customers
82,12447.0,243,1,476.49,5.497168225293202,0.6931471805599453,6.168543217293113,3,At Risk
83,12448.0,44,1,449.45,3.80666248977032,0.6931471805599453,6.110247083097449,3,Potential Customers
84,12449.0,22,4,4067.29,3.1354942159291497,1.6094379124341005,8.310978042729836,2,Champions
85,12450.0,156,2,197.88,5.056245805348308,1.0986122886681098,5.292701627762401,3,Potential Customers
86,12451.0,11,5,9035.52,2.4849066497880004,1.791759469228055,9.109029423519525,1,Champions
87,12452.0,17,2,430.5700000000001,2.8903717578961645,1.0986122886681098,6.067429722163682,0,Potential Customers
88,12453.0,134,1,707.09,4.90527477843843,0.6931471805599453,6.562571204258897,3,Potential Customers
89,12454.0,56,1,3528.34,4.04305126783455,0.6931471805599453,8.168866163607964,2,Potential Customers
90,12455.0,73,6,2466.86,4.30406509320417,1.9459101490553128,7.81110665732229,2,Potential Customers
91,12456.0,44,3,3181.04,3.80666248977032,1.3862943611198906,8.065277779528966,2,Champions
92,12457.0,66,7,2363.23,4.204692619390966,2.079441541679836,7.768207666517555,2,Potential Customers
93,12458.0,71,2,947.4,4.276666119016055,1.0986122886681098,6.854776354191251,2,Potential Customers
94,12461.0,94,2,826.88,4.553876891600541,1.0986122886681098,6.718868216346018,2,Potential Customers
95,12462.0,19,2,1189.59,2.995732273553991,1.0986122886681098,7.082204261557526,0,Champions
96,12463.0,53,4,1344.78,3.9889840465642745,1.6094379124341005,7.204729049594601,2,Potential Customers
97,12464.0,10,8,1212.05,2.3978952727983707,2.19722457733622,7.100893128209941,1,Champions
98,12465.0,17,2,742.19,2.8903717578961645,1.0986122886681098,6.610951732080795,0,Champions
99,12468.0,188,2,729.54,5.241747015059643,1.0986122886681098,6.593783986707386,3,Potential Customers
100,12471.0,2,30,19824.05,1.0986122886681098,3.4339872044851463,9.894701568567964,1,Champions
101,12472.0,32,7,6572.11,3.49650756146648,2.079441541679836,8.790742363252102,1,Champions
102,12473.0,29,5,3938.55,3.4011973816621555,1.791759469228055,8.278821782571185,2,Champions
103,12474.0,17,18,7375.79,2.8903717578961645,2.9444389791664403,8.906093863622669,1,Champions
104,12475.0,54,1,723.38,4.007333185232471,0.6931471805599453,6.585316116572351,3,Potential Customers
105,12476.0,16,11,6816.42,2.833213344056216,2.4849066497880004,8.82723638014411,1,Champions
106,12477.0,23,6,13219.74,3.1780538303479458,1.9459101490553128,9.489542087633344,1,Champions
107,12478.0,4,1,680.99,1.6094379124341005,0.6931471805599453,6.525014994979364,0,Champions
108,12479.0,11,1,527.2,2.4849066497880004,0.6931471805599453,6.269474999863032,0,Champions
109,12480.0,28,4,3281.63,3.367295829986474,1.6094379124341005,8.096400209353131,2,Champions
110,12481.0,23,10,5596.32,3.1780538303479458,2.3978952727983707,8.630043190742814,1,Champions
111,12483.0,17,8,2484.98,2.8903717578961645,2.19722457733622,7.818422226986002,1,Champions
112,12484.0,33,6,4541.72,3.5263605246161616,1.9459101490553128,8.421281230578023,2,Champions
113,12488.0,10,3,1298.66,2.3978952727983707,1.3862943611198906,7.169857970780942,0,Champions
114,12489.0,336,1,334.93,5.820082930352362,0.6931471805599453,5.816902804925467,3,At Risk
115,12490.0,5,10,5417.93,1.791759469228055,2.3978952727983707,8.597653657970227,1,Champions
116,12491.0,39,1,460.4,3.688879454113936,0.6931471805599453,6.134265345739653,0,Potential Customers
117,12492.0,63,2,263.21000000000004,4.158883083359672,1.0986122886681098,5.5767442414854775,3,Potential Customers
118,12493.0,166,2,433.74,5.117993812416755,1.0986122886681098,6.07474815124472,3,Potential Customers
119,12494.0,16,7,1246.1,2.833213344056216,2.079441541679836,7.128576134926702,2,Champions
120,12497.0,82,1,1043.1,4.418840607796598,0.6931471805599453,6.950910549296065,3,Potential Customers
121,12498.0,21,3,403.7000000000001,3.091042453358316,1.3862943611198906,6.00314605188182,0,Potential Customers
122,12500.0,23,11,4257.82,3.1780538303479458,2.4849066497880004,8.356747405587967,1,Champions
123,12501.0,337,1,2169.39,5.823045895483019,0.6931471805599453,7.682662153888476,3,At Risk
124,12502.0,96,5,3723.87,4.574710978503383,1.791759469228055,8.222787230875806,2,Potential Customers
125,12504.0,18,2,482.05,2.9444389791664403,1.0986122886681098,6.180120167963518,0,Potential Customers
126,12506.0,233,1,73.5,5.455321115357702,0.6931471805599453,4.310799125385514,3,At Risk
127,12507.0,134,3,1304.81,4.90527477843843,1.3862943611198906,7.174578816863813,2,Potential Customers
128,12508.0,26,2,398.27,3.295836866004329,1.0986122886681098,5.989637879766574,0,Potential Customers
129,12509.0,284,1,176.5,5.652489180268651,0.6931471805599453,5.178970608915471,3,At Risk
130,12510.0,143,2,982.57,4.969813299576001,1.0986122886681098,6.8911888096735625,2,Potential Customers
131,12512.0,66,2,138.03,4.204692619390966,1.0986122886681098,4.934689737181452,3,Potential Customers
132,12513.0,113,1,612.29,4.736198448394496,0.6931471805599453,6.418837907265026,3,Potential Customers
133,12514.0,267,1,1017.68,5.5909869805108565,0.6931471805599453,6.926262950537877,3,At Risk
134,12515.0,353,1,383.7,5.869296913133774,0.6931471805599453,5.95246380975825,3,At Risk
135,12516.0,78,2,1312.06,4.3694478524670215,1.0986122886681098,7.180115570136106,2,Potential Customers
136,12517.0,28,5,2502.84,3.367295829986474,1.791759469228055,7.825580832414862,2,Champions
137,12518.0,1,5,2056.89,0.6931471805599453,1.791759469228055,7.629436465014086,1,Champions
138,12519.0,64,1,340.84000000000003,4.174387269895637,0.6931471805599453,5.83434279133577,3,Potential Customers
139,12520.0,79,5,2634.26,4.382026634673881,1.791759469228055,7.876737127834484,2,Potential Customers
140,12521.0,143,1,599.68,4.969813299576001,0.6931471805599453,6.39806234681208,3,Potential Customers
141,12522.0,39,2,192.72,3.688879454113936,1.0986122886681098,5.266413817535028,0,Potential Customers
142,12523.0,19,11,1789.77,2.995732273553991,2.4849066497880004,7.490400973937009,1,Champions
143,12524.0,9,8,4485.72,2.302585092994046,2.19722457733622,8.408877201532766,1,Champions
144,12526.0,1,3,1316.66,0.6931471805599453,1.3862943611198906,7.183612715167257,0,Champions
145,12527.0,82,3,348.71000000000004,4.418840607796598,1.3862943611198906,5.857104239599851,3,Potential Customers
146,12528.0,9,6,1933.48,2.302585092994046,1.9459101490553128,7.567593835498341,1,Champions
147,12530.0,60,4,1662.28,4.110873864173311,1.6094379124341005,7.416546835435133,2,Potential Customers
148,12531.0,15,1,125.22,2.772588722239781,0.6931471805599453,4.838026416156094,0,Potential Customers
149,12532.0,30,1,349.83000000000004,3.4339872044851463,0.6931471805599453,5.860301775655642,0,Potential Customers
150,12534.0,131,1,1089.18,4.882801922586371,0.6931471805599453,6.9940980992041535,3,Potential Customers
151,12535.0,92,2,716.35,4.532599493153256,1.0986122886681098,6.575563866544399,2,Potential Customers
152,12536.0,43,3,12601.830000000002,3.784189633918261,1.3862943611198906,9.441676670894656,2,Champions
153,12538.0,29,1,363.95,3.4011973816621555,0.6931471805599453,5.899760357897641,0,Potential Customers
154,12539.0,22,4,5568.35,3.1354942159291497,1.6094379124341005,8.625033629522884,2,Champions
155,12540.0,20,17,13400.24,3.044522437723423,2.8903717578961645,9.503102518971122,1,Champions
156,12541.0,30,3,981.18,3.4339872044851463,1.3862943611198906,6.889774590946187,2,Champions
157,12544.0,36,1,372.7,3.610917912644224,0.6931471805599453,5.923453336491439,0,Potential Customers
158,12545.0,75,2,1000.39,4.330733340286331,1.0986122886681098,6.909144313826412,2,Potential Customers
159,12546.0,47,2,1161.5,3.871201010907891,1.0986122886681098,7.058328137461511,2,Champions
160,12547.0,198,2,207.8,5.293304824724492,1.0986122886681098,5.341376856008484,3,Potential Customers
161,12548.0,166,1,95.2,5.117993812416755,0.6931471805599453,4.566429357671661,3,Potential Customers
162,12550.0,79,1,964.83,4.382026634673881,0.6931471805599453,6.872987835288763,3,Potential Customers
163,12551.0,358,1,168.0,5.883322388488279,0.6931471805599453,5.1298987149230735,3,At Risk
164,12552.0,39,2,437.82,3.688879454113936,1.0986122886681098,6.084089306213804,0,Potential Customers
165,12553.0,8,10,3692.28,2.19722457733622,2.3978952727983707,8.214270231095687,1,Champions
166,12556.0,50,2,603.71,3.9318256327243257,1.0986122886681098,6.404749004268278,0,Potential Customers
167,12557.0,16,5,11990.96,2.833213344056216,1.791759469228055,9.391991704219834,1,Champions
168,12558.0,8,1,269.96,2.19722457733622,0.6931471805599453,5.601971208509516,0,Potential Customers
169,12559.0,311,2,561.71,5.7430031878094825,1.0986122886681098,6.33276439774036,3,At Risk
170,12560.0,5,3,2134.01,1.791759469228055,1.3862943611198906,7.666226609492505,0,Champions
171,12561.0,303,1,238.85,5.717027701406222,0.6931471805599453,5.480013727948073,3,At Risk
172,12562.0,8,7,3781.74,2.19722457733622,2.079441541679836,8.23820389374878,1,Champions
173,12564.0,261,1,456.9,5.568344503761097,0.6931471805599453,6.12665081966305,3,At Risk
174,12565.0,289,1,145.92000000000002,5.66988092298052,0.6931471805599453,4.989888220951467,3,At Risk
175,12566.0,86,1,351.65,4.465908118654584,0.6931471805599453,5.865476063654188,3,Potential Customers
176,12567.0,23,10,9401.28,3.1780538303479458,2.3978952727983707,9.148707492038316,1,Champions
177,12569.0,2,32,4124.6900000000005,1.0986122886681098,3.49650756146648,8.324988557507531,1,Champions
178,12571.0,40,2,519.61,3.713572066704308,1.0986122886681098,6.255001200981438,0,Champions
179,12572.0,9,2,1020.42,2.302585092994046,1.0986122886681098,6.928949094989139,0,Champions
180,12573.0,227,1,160.54000000000002,5.429345628954441,0.6931471805599453,5.08475279001415,3,At Risk
181,12574.0,316,1,218.45,5.75890177387728,0.6931471805599453,5.391124416134243,3,At Risk
182,12576.0,36,5,1315.83,3.610917912644224,1.791759469228055,7.182982612166326,2,Champions
183,12577.0,35,3,657.8,3.58351893845611,1.3862943611198906,6.490419998303485,2,Champions
184,12578.0,21,2,2794.51,3.091042453358316,1.0986122886681098,7.935769837637909,2,Champions
185,12579.0,78,1,440.42,4.3694478524670215,0.6931471805599453,6.0899968031722285,3,Potential Customers
186,12580.0,247,1,415.7,5.513428746164983,0.6931471805599453,6.032366538428407,3,At Risk
187,12581.0,40,1,197.71,3.713572066704308,0.6931471805599453,5.291846475417725,3,Potential Customers
188,12582.0,239,2,511.36,5.480638923341991,1.0986122886681098,6.239027502962935,3,At Risk
189,12583.0,3,15,7281.38,1.3862943611198906,2.772588722239781,8.89321301083995,1,Champions
190,12584.0,4,9,2338.15,1.6094379124341005,2.302585092994046,7.757542894498013,1,Champions
191,12585.0,234,2,2040.1,5.459585514144159,1.0986122886681098,7.621244157199997,2,At Risk
192,12586.0,17,1,196.94000000000003,2.8903717578961645,0.6931471805599453,5.2879639544685455,0,Potential Customers
193,12587.0,8,1,144.0,2.19722457733622,0.6931471805599453,4.976733742420574,0,Potential Customers
194,12588.0,39,1,214.9,3.688879454113936,0.6931471805599453,5.3748153375207615,3,Potential Customers
195,12589.0,29,2,646.68,3.4011973816621555,1.0986122886681098,6.473396747218991,0,Champions
196,12590.0,211,2,9864.26,5.356586274672012,1.0986122886681098,9.196774773912752,2,At Risk
197,12591.0,317,1,452.85,5.762051382780177,0.6931471805599453,6.117766746972636,3,At Risk
198,12592.0,92,2,437.6,4.532599493153256,1.0986122886681098,6.083587835983788,3,Potential Customers
199,12593.0,109,3,418.1,4.700480365792417,1.3862943611198906,6.038109554931026,3,Potential Customers
200,12594.0,38,10,3338.2200000000003,3.6635616461296463,2.3978952727983707,8.113492525763553,1,Champions
201,12596.0,51,2,618.27,3.951243718581428,1.0986122886681098,6.428541364981557,2,Potential Customers
202,12597.0,19,4,3811.22,2.995732273553991,1.6094379124341005,8.245966975595675,2,Champions
203,12598.0,10,8,3023.08,2.3978952727983707,2.19722457733622,8.01436219197595,1,Champions
204,12599.0,29,7,1032.58,3.4011973816621555,2.079441541679836,6.940783782995926,2,Champions
205,12600.0,29,10,2599.04,3.4011973816621555,2.3978952727983707,7.863282108506616,1,Champions
206,12601.0,190,5,577.0600000000001,5.25227342804663,1.791759469228055,6.359677669513258,2,Potential Customers
207,12602.0,59,1,153.12,4.0943445622221,0.6931471805599453,5.037731519757957,3,Potential Customers
208,12603.0,22,1,739.1999999999999,3.1354942159291497,0.6931471805599453,6.606920419952056,0,Champions
209,12604.0,79,2,254.18,4.382026634673881,1.0986122886681098,5.541969178493598,3,Potential Customers
210,12607.0,60,1,1579.51,4.110873864173311,0.6931471805599453,7.3655028587473295,2,Potential Customers
211,12609.0,78,3,1126.85,4.3694478524670215,1.3862943611198906,7.0280684444921455,2,Potential Customers
212,12610.0,23,5,2099.54,3.1780538303479458,1.791759469228055,7.6499497335130995,2,Champions
213,12611.0,52,1,1193.32,3.970291913552122,0.6931471805599453,7.085332264745334,2,Potential Customers
214,12612.0,74,1,704.04,4.31748811353631,0.6931471805599453,6.558254538791405,3,Potential Customers
215,12613.0,57,5,3344.38,4.060443010546419,1.791759469228055,8.115335568501695,2,Potential Customers
216,12614.0,278,1,315.6,5.631211781821365,0.6931471805599453,5.757639147446912,3,At Risk
217,12615.0,2,4,2291.19,1.0986122886681098,1.6094379124341005,7.73726297143202,1,Champions
218,12616.0,95,2,713.3,4.564348191467836,1.0986122886681098,6.571303042160927,3,Potential Customers
219,12617.0,29,1,355.53000000000003,3.4011973816621555,0.6931471805599453,5.876418387786465,0,Potential Customers
220,12618.0,22,1,177.31,3.1354942159291497,0.6931471805599453,5.183523608545955,0,Potential Customers
221,12619.0,16,9,3641.24,2.833213344056216,2.302585092994046,8.200354155974704,1,Champions
222,12620.0,15,3,1339.41,2.772588722239781,1.3862943611198906,7.20073081629489,2,Champions
223,12621.0,2,20,13689.67,1.0986122886681098,3.044522437723423,9.524469857917657,1,Champions
224,12622.0,232,1,180.1,5.4510384535657,0.6931471805599453,5.199049364889368,3,At Risk
225,12623.0,276,1,305.1,5.6240175061873385,0.6931471805599453,5.723911845951367,3,At Risk
226,12624.0,106,2,641.13,4.672828834461906,1.0986122886681098,6.464790775403018,3,Potential Customers
227,12625.0,212,2,2683.82,5.3612921657094255,1.0986122886681098,7.895368965589599,2,At Risk
228,12626.0,23,9,6620.4800000000005,3.1780538303479458,2.302585092994046,8.798074188898816,1,Champions
229,12627.0,11,7,4478.53,2.4849066497880004,2.079441541679836,8.407273409191232,1,Champions
230,12628.0,4,3,786.46,1.6094379124341005,1.3862943611198906,6.668812575758953,0,Champions
231,12630.0,10,2,1270.88,2.3978952727983707,1.0986122886681098,7.148251399827164,0,Champions
232,12631.0,57,1,640.5,4.060443010546419,0.6931471805599453,6.463809184055691,3,Potential Customers
233,12633.0,59,4,2163.98,4.0943445622221,1.6094379124341005,7.680166402518632,2,Potential Customers
234,12635.0,90,2,1689.18,4.51085950651685,1.0986122886681098,7.432590311121191,2,Potential Customers
235,12637.0,67,8,6021.9,4.219507705176107,2.19722457733622,8.70332414988414,2,Potential Customers
236,12638.0,33,1,671.69,3.5263605246161616,0.6931471805599453,6.511284599453549,0,Champions
237,12639.0,239,1,486.1,5.480638923341991,0.6931471805599453,6.188469440812497,3,At Risk
238,12640.0,24,3,1174.58,3.218875824868201,1.3862943611198906,7.06951692181073,2,Champions
239,12641.0,115,1,185.9,4.7535901911063645,0.6931471805599453,5.230573714461517,3,Potential Customers
240,12642.0,25,3,1013.26,3.258096538021482,1.3862943611198906,6.921914561540048,2,Champions
241,12643.0,128,6,3344.64,4.859812404361672,1.9459101490553128,8.11541328460481,2,Potential Customers
242,12644.0,130,1,477.91,4.875197323201151,0.6931471805599453,6.171512688316606,3,Potential Customers
243,12645.0,34,4,1775.18,3.555348061489413,1.6094379124341005,7.482220269767765,2,Champions
244,12646.0,5,2,1346.97,1.791759469228055,1.0986122886681098,7.206355036031724,0,Champions
245,12647.0,22,12,3722.82,3.1354942159291497,2.5649493574615367,8.222505302105255,1,Champions
246,12648.0,155,1,318.05,5.049856007249537,0.6931471805599453,5.765347830314356,3,Potential Customers
247,12649.0,107,3,623.51,4.68213122712422,1.3862943611198906,6.4369673422476765,2,Potential Customers
248,12650.0,3,1,314.44,1.3862943611198906,0.6931471805599453,5.753968489569372,0,Potential Customers
249,12651.0,335,1,114.0,5.817111159963204,0.6931471805599453,4.74493212836325,3,At Risk
250,12652.0,331,1,919.98,5.805134968916488,0.6931471805599453,6.82543832049292,3,At Risk
251,12653.0,149,2,2209.85,5.010635294096256,1.0986122886681098,7.701132335950876,2,Potential Customers
252,12654.0,11,5,601.98,2.4849066497880004,1.791759469228055,6.401884028681278,0,Champions
253,12656.0,17,5,4051.17,2.8903717578961645,1.791759469228055,8.30700781907883,1,Champions
254,12657.0,11,4,1643.18,2.4849066497880004,1.6094379124341005,7.4049970586737315,2,Champions
255,12658.0,19,1,686.05,2.995732273553991,0.6931471805599453,6.532407069777784,0,Champions
256,12659.0,30,1,91.68,3.4339872044851463,0.6931471805599453,4.529152699564175,3,Potential Customers
257,12660.0,11,1,245.1,2.4849066497880004,0.6931471805599453,5.50573795739701,0,Potential Customers
258,12662.0,1,11,3849.78,0.6931471805599453,2.4849066497880004,8.256031004164345,1,Champions
259,12664.0,8,9,4881.88,2.19722457733622,2.302585092994046,8.49349048870337,1,Champions
260,12665.0,325,1,63.0,5.786897381366708,0.6931471805599453,4.158883083359672,3,At Risk
261,12667.0,58,1,620.13,4.07753744390572,0.6931471805599453,6.431540399799522,3,Potential Customers
262,12668.0,12,4,3807.15,2.5649493574615367,1.6094379124341005,8.244898785891763,1,Champions
263,12669.0,151,3,2744.03,5.0238805208462765,1.3862943611198906,7.917547282845659,2,Potential Customers
264,12670.0,10,5,2996.05,2.3978952727983707,1.791759469228055,8.005383750527514,1,Champions
265,12672.0,330,1,225.9,5.802118375377063,0.6931471805599453,5.424509391785796,3,At Risk
266,12673.0,5,2,610.52,1.791759469228055,1.0986122886681098,6.415947661051908,0,Champions
267,12674.0,39,4,1970.6,3.688879454113936,1.6094379124341005,7.586600674831223,2,Champions
268,12676.0,25,6,1331.39,3.258096538021482,1.9459101490553128,7.194729601037682,2,Champions
269,12678.0,42,12,17628.46,3.7612001156935615,2.5649493574615367,9.7773266453142,1,Champions
270,12679.0,59,4,1113.02,4.0943445622221,1.6094379124341005,7.015730373647435,2,Potential Customers
271,12680.0,1,4,862.81,0.6931471805599453,1.6094379124341005,6.761352837213469,0,Champions
272,12681.0,15,22,13787.54,2.772588722239781,3.1354942159291497,9.531593091360708,1,Champions
273,12682.0,4,31,12288.22,1.6094379124341005,3.4657359027997265,9.416477734313304,1,Champions
274,12683.0,4,15,8476.57,1.6094379124341005,2.772588722239781,9.045179131116988,1,Champions
275,12684.0,8,7,2283.63,2.19722457733622,2.079441541679836,7.733959364615189,1,Champions
276,12685.0,28,6,2863.08,3.367295829986474,1.9459101490553128,7.960002460651312,2,Champions
277,12686.0,372,1,89.14,5.921578419643816,0.6931471805599453,4.501364017262502,3,At Risk
278,12688.0,114,1,4873.81,4.74493212836325,0.6931471805599453,8.491836408313453,2,Potential Customers
279,12689.0,26,2,1247.61,3.295836866004329,1.0986122886681098,7.1297862115656185,2,Champions
280,12690.0,206,1,389.01,5.332718793265369,0.6931471805599453,5.966172379820607,3,At Risk
281,12691.0,28,6,1035.8,3.367295829986474,1.9459101490553128,6.94389432559801,2,Champions
282,12693.0,127,4,855.91,4.852030263919617,1.6094379124341005,6.753332895580138,2,Potential Customers
283,12694.0,70,2,869.67,4.262679877041316,1.0986122886681098,6.769263030204804,2,Potential Customers
284,12695.0,7,4,582.1,2.079441541679836,1.6094379124341005,6.368358698228111,0,Champions
285,12697.0,29,3,957.59,3.4011973816621555,1.3862943611198906,6.865463454791294,2,Champions
286,12700.0,8,4,4939.99,2.19722457733622,1.6094379124341005,8.505320994961897,1,Champions
287,12701.0,80,2,797.71,4.394449154672439,1.0986122886681098,6.682997926190526,2,Potential Customers
288,12702.0,20,1,219.0,3.044522437723423,0.6931471805599453,5.393627546352362,0,Potential Customers
289,12703.0,71,1,283.55,4.276666119016055,0.6931471805599453,5.650908985049133,3,Potential Customers
290,12704.0,7,8,2340.84,2.079441541679836,2.19722457733622,7.758692224146705,1,Champions
291,12705.0,15,9,6868.29,2.772588722239781,2.302585092994046,8.834816031986259,1,Champions
292,12707.0,292,1,603.42,5.680172609017068,0.6931471805599453,6.404269320519532,3,At Risk
293,12708.0,30,10,2712.91,3.4339872044851463,2.3978952727983707,7.906145678459555,1,Champions
294,12709.0,15,15,9736.52,2.772588722239781,2.772588722239781,9.18374174409217,1,Champions
295,12710.0,97,3,1149.02,4.584967478670572,1.3862943611198906,7.047534612510416,2,Potential Customers
296,12712.0,29,13,4396.13,3.4011973816621555,2.6390573296152584,8.388707334356674,1,Champions
297,12713.0,1,1,848.55,0.6931471805599453,0.6931471805599453,6.744706797531768,0,Champions
298,12714.0,9,5,4708.86,2.302585092994046,1.791759469228055,8.45741346257719,1,Champions
299,12715.0,106,1,353.86,4.672828834461906,0.6931471805599453,5.871723345495433,3,Potential Customers
300,12716.0,4,2,1053.49,1.6094379124341005,1.0986122886681098,6.960812516706486,0,Champions
301,12717.0,151,2,1030.98,5.0238805208462765,1.0986122886681098,6.939234566008755,2,Potential Customers
302,12718.0,71,1,238.25,4.276666119016055,0.6931471805599453,5.477509030333064,3,Potential Customers
303,12719.0,5,2,644.95,1.791759469228055,1.0986122886681098,6.47072210140631,0,Champions
304,12720.0,3,25,5781.7300000000005,1.3862943611198906,3.258096538021482,8.662631168498327,1,Champions
305,12721.0,32,6,2656.13,3.49650756146648,1.9459101490553128,7.885001871924596,2,Champions
306,12722.0,85,4,997.63,4.454347296253507,1.6094379124341005,6.906384339674138,2,Potential Customers
307,12723.0,4,5,725.07,1.6094379124341005,1.791759469228055,6.587646428909591,0,Champions
308,12724.0,5,4,1031.41,1.791759469228055,1.6094379124341005,6.9396511539657,0,Champions
309,12725.0,371,1,427.8,5.918893854273146,0.6931471805599453,6.060990609756592,3,At Risk
310,12726.0,28,7,2609.1,3.367295829986474,2.079441541679836,7.867143813759015,2,Champions
311,12727.0,11,7,3980.7,2.4849066497880004,2.079441541679836,8.2894641427604,1,Champions
312,12728.0,71,4,836.33,4.276666119016055,1.6094379124341005,6.7302182580203365,2,Potential Customers
313,12729.0,114,1,453.01,4.74493212836325,0.6931471805599453,6.118119224230488,3,Potential Customers
314,12731.0,24,12,18895.91,3.218875824868201,2.5649493574615367,9.846753695617958,1,Champions
315,12732.0,180,1,236.26,5.198497031265826,0.6931471805599453,5.469156586232957,3,Potential Customers
316,12733.0,234,1,383.95,5.459585514144159,0.6931471805599453,5.953113455724059,3,At Risk
317,12734.0,353,1,110.4,5.869296913133774,0.6931471805599453,4.713127327493184,3,At Risk
318,12735.0,315,2,779.5699999999999,5.755742213586912,1.0986122886681098,6.660024422032584,3,At Risk
319,12736.0,333,1,234.0,5.811140992976701,0.6931471805599453,5.459585514144159,3,At Risk
320,12738.0,372,1,155.35,5.921578419643816,0.6931471805599453,5.05209708390385,3,At Risk
321,12739.0,78,2,1013.04,4.3694478524670215,1.0986122886681098,6.921697631104842,2,Potential Customers
322,12740.0,64,1,427.6,4.174387269895637,0.6931471805599453,6.060524083039477,3,Potential Customers
323,12743.0,134,2,546.43,4.90527477843843,1.0986122886681098,6.305234599635373,3,Potential Customers
324,12744.0,52,7,21279.29,3.970291913552122,2.079441541679836,9.965536571182271,1,Potential Customers
325,12747.0,2,11,4196.01,1.0986122886681098,2.4849066497880004,8.342127645985029,1,Champions
326,12748.0,1,209,33719.73,0.6931471805599453,5.3471075307174685,10.425868060754532,1,Champions
327,12749.0,4,5,4090.88,1.6094379124341005,1.791759469228055,8.316759801128319,1,Champions
328,12750.0,129,1,275.88,4.867534450455582,0.6931471805599453,5.623584199327089,3,Potential Customers
329,12752.0,81,1,4366.78,4.406719247264253,0.6931471805599453,8.38201014985595,2,Potential Customers
330,12753.0,23,6,21429.39,3.1780538303479458,1.9459101490553128,9.972565287088774,1,Champions
331,12754.0,236,3,3010.74,5.468060141135132,1.3862943611198906,8.010273263812737,2,At Risk
332,12755.0,281,2,3811.95,5.641907070938114,1.0986122886681098,8.246158446737232,2,At Risk
333,12756.0,87,1,112.08,4.477336814478207,0.6931471805599453,4.72809553282539,3,Potential Customers
334,12757.0,16,13,7857.1,2.833213344056216,2.6390573296152584,8.969300125921881,1,Champions
335,12758.0,117,2,2791.59,4.770684624465665,1.0986122886681098,7.934724759609325,2,Potential Customers
336,12759.0,52,3,1531.44,3.970291913552122,1.3862943611198906,7.334616515331031,2,Potential Customers
337,12762.0,8,2,1898.52,2.19722457733622,1.0986122886681098,7.549356501658852,0,Champions
338,12763.0,138,2,494.08,4.934473933130692,1.0986122886681098,6.204719365671822,3,Potential Customers
339,12764.0,317,1,1693.88,5.762051382780177,0.6931471805599453,7.435367220848186,3,At Risk
340,12766.0,4,7,6989.63,1.6094379124341005,2.079441541679836,8.852325959921869,1,Champions
341,12769.0,239,1,1143.6,5.480638923341991,0.6931471805599453,7.042810509975002,3,At Risk
342,12770.0,211,1,1351.45,5.356586274672012,0.6931471805599453,7.209673041460572,3,At Risk
343,12772.0,60,1,892.47,4.110873864173311,0.6931471805599453,6.795112758210396,3,Potential Customers
344,12775.0,17,5,1386.04,2.8903717578961645,1.791759469228055,7.23492725912033,2,Champions
345,12778.0,20,6,822.23,3.044522437723423,1.9459101490553128,6.713235627004493,2,Champions
346,12779.0,38,8,3981.36,3.6635616461296463,2.19722457733622,8.289629887368429,1,Champions
347,12781.0,64,2,826.74,4.174387269895637,1.0986122886681098,6.718699095412067,2,Potential Customers
348,12782.0,5,5,2330.92,1.791759469228055,1.791759469228055,7.754447241564618,1,Champions
349,12783.0,2,6,2225.91,1.0986122886681098,1.9459101490553128,7.708370253328926,1,Champions
350,12784.0,9,2,574.42,2.302585092994046,1.0986122886681098,6.355100208942306,0,Champions
351,12785.0,364,1,311.95,5.899897353582492,0.6931471805599453,5.74604343337071,3,At Risk
352,12787.0,10,3,463.66,2.3978952727983707,1.3862943611198906,6.141305955347142,0,Potential Customers
353,12789.0,65,1,91.85,4.189654742026425,0.6931471805599453,4.530985287798715,3,Potential Customers
354,12790.0,192,1,324.92,5.262690188904886,0.6931471805599453,5.786651952478496,3,Potential Customers
355,12791.0,374,1,192.6,5.926926025970411,0.6931471805599453,5.265794174842477,3,At Risk
356,12792.0,257,1,400.54,5.552959584921617,0.6931471805599453,5.995307154825432,3,At Risk
357,12793.0,335,2,545.48,5.817111159963204,1.0986122886681098,6.303497710423594,3,At Risk
358,12794.0,53,2,860.41,3.9889840465642745,1.0986122886681098,6.758570581561217,2,Potential Customers
359,12795.0,19,1,430.48,2.995732273553991,0.6931471805599453,6.067221159507229,0,Potential Customers
360,12797.0,366,1,254.03,5.905361848054571,0.6931471805599453,5.541381185297377,3,At Risk
361,12798.0,10,3,6977.04,2.3978952727983707,1.3862943611198906,8.85052335403181,1,Champions
362,12802.0,187,1,427.58,5.236441962829949,0.6931471805599453,6.060477418394936,3,Potential Customers
363,12808.0,37,3,483.65,3.6375861597263857,1.3862943611198906,6.183426980938617,0,Potential Customers
364,12809.0,178,1,489.31,5.187385805840755,0.6931471805599453,6.195037844125316,3,Potential Customers
365,12811.0,261,3,514.85,5.568344503761097,1.3862943611198906,6.245816025546385,3,At Risk
366,12812.0,45,1,229.64,3.828641396489095,0.6931471805599453,5.440858053330147,3,Potential Customers
367,12814.0,102,1,125.92,4.634728988229636,0.6931471805599453,4.843556966714995,3,Potential Customers
368,12815.0,148,2,1063.46,5.003946305945459,1.0986122886681098,6.970222907300612,2,Potential Customers
369,12816.0,96,2,572.2,4.574710978503383,1.0986122886681098,6.351234695954017,3,Potential Customers
370,12817.0,281,1,166.04000000000002,5.641907070938114,0.6931471805599453,5.118233304694274,3,At Risk
371,12818.0,262,1,1542.08,5.572154032177765,0.6931471805599453,7.341535698070348,3,At Risk
372,12820.0,3,4,942.34,1.3862943611198906,1.6094379124341005,6.849426769082011,0,Champions
373,12821.0,214,1,92.72,5.3706380281276624,0.6931471805599453,4.540311613639595,3,At Risk
374,12822.0,71,2,948.88,4.276666119016055,1.0986122886681098,6.856335660826602,2,Potential Customers
375,12823.0,75,5,1759.5,4.330733340286331,1.791759469228055,7.473353138595107,2,Potential Customers
376,12824.0,60,1,397.12,4.110873864173311,0.6931471805599453,5.986753467377863,3,Potential Customers
377,12826.0,3,7,1474.72,1.3862943611198906,2.079441541679836,7.296901285267718,1,Champions
378,12827.0,6,3,430.15,1.9459101490553128,1.3862943611198906,6.066456057398334,0,Potential Customers
379,12828.0,3,6,1018.71,1.3862943611198906,1.9459101490553128,6.927273552128017,1,Champions
380,12829.0,337,2,293.0,5.823045895483019,1.0986122886681098,5.683579767338681,3,At Risk
381,12830.0,38,6,6814.64,3.6635616461296463,1.9459101490553128,8.826975250212882,2,Champions
382,12831.0,262,1,215.05,5.572154032177765,0.6931471805599453,5.375509862377943,3,At Risk
383,12832.0,32,2,383.03,3.49650756146648,1.0986122886681098,5.950720674536128,0,Potential Customers
384,12833.0,145,1,417.38,4.983606621708336,0.6931471805599453,6.036390110460975,3,Potential Customers
385,12834.0,283,1,312.38,5.648974238161206,0.6931471805599453,5.747416511676263,3,At Risk
386,12836.0,59,4,2612.86,4.0943445622221,1.6094379124341005,7.868583334984023,2,Potential Customers
387,12837.0,173,1,134.1,5.159055299214529,0.6931471805599453,4.906015244966153,3,Potential Customers
388,12838.0,34,2,683.13,3.555348061489413,1.0986122886681098,6.528147958043258,0,Champions
389,12839.0,3,14,5591.42,1.3862943611198906,2.70805020110221,8.629167388389371,1,Champions
390,12840.0,144,4,2726.77,4.976733742420574,1.6094379124341005,7.911239704558553,2,Potential Customers
391,12841.0,5,25,4022.35,1.791759469228055,3.258096538021482,8.299870167916959,1,Champions
392,12842.0,70,2,1118.99,4.262679877041316,1.0986122886681098,7.021075035677852,2,Potential Customers
393,12843.0,66,8,1702.26,4.204692619390966,2.19722457733622,7.440299340765267,2,Potential Customers
394,12844.0,29,2,325.96000000000004,3.4011973816621555,1.0986122886681098,5.789837839256022,0,Potential Customers
395,12845.0,267,4,354.09000000000003,5.5909869805108565,1.6094379124341005,5.872371278471126,3,At Risk
396,12847.0,22,1,871.54,3.1354942159291497,0.6931471805599453,6.771408498297926,0,Champions
397,12849.0,31,2,1050.89,3.4657359027997265,1.0986122886681098,6.958343825092949,2,Champions
398,12851.0,97,1,135.18,4.584967478670572,0.6931471805599453,4.9139775400548205,3,Potential Customers
399,12852.0,295,1,311.55,5.69035945432406,0.6931471805599453,5.744764456377822,3,At Risk
400,12853.0,135,6,1957.1,4.912654885736052,1.9459101490553128,7.579729894309281,2,Potential Customers
401,12854.0,79,3,1324.5,4.382026634673881,1.3862943611198906,7.18954502572908,2,Potential Customers
402,12855.0,373,1,38.1,5.924255797414532,0.6931471805599453,3.66612246699132,3,At Risk
403,12856.0,8,6,2179.93,2.19722457733622,1.9459101490553128,7.687506670317465,1,Champions
404,12857.0,211,2,1106.4,5.356586274672012,1.0986122886681098,7.009770204388867,2,At Risk
405,12863.0,52,1,521.2,3.970291913552122,0.6931471805599453,6.258050656265029,3,Potential Customers
406,12864.0,138,1,147.12,4.934473933130692,0.6931471805599453,4.998022756045412,3,Potential Customers
407,12865.0,26,2,1568.23,3.295836866004329,1.0986122886681098,7.358340332174572,2,Champions
408,12866.0,283,1,559.12,5.648974238161206,0.6931471805599453,6.3281510464875765,3,At Risk
409,12867.0,26,7,4036.82,3.295836866004329,2.079441541679836,8.30346022135619,1,Champions
410,12868.0,186,6,1607.0600000000002,5.231108616854587,1.9459101490553128,7.382783762475618,2,Potential Customers
411,12871.0,84,2,380.64,4.442651256490317,1.0986122886681098,5.9444777558836455,3,Potential Customers
412,12872.0,327,2,599.97,5.793013608384144,1.0986122886681098,6.398545016483998,3,At Risk
413,12873.0,282,1,374.0,5.645446897643238,0.6931471805599453,5.926926025970411,3,At Risk
414,12875.0,143,2,343.2300000000001,4.969813299576001,1.0986122886681098,5.841310038608051,3,Potential Customers
415,12876.0,58,2,2218.02,4.07753744390572,1.0986122886681098,7.704820935960926,2,Potential Customers
416,12877.0,4,12,1535.77,1.6094379124341005,2.5649493574615367,7.337438090181038,1,Champions
417,12878.0,236,2,854.99,5.468060141135132,1.0986122886681098,6.752258693830513,3,At Risk
418,12879.0,45,3,573.22,3.828641396489095,1.3862943611198906,6.353012598149689,2,Champions
419,12881.0,276,1,298.0,5.6240175061873385,0.6931471805599453,5.700443573390687,3,At Risk
420,12882.0,9,2,1463.04,2.302585092994046,1.0986122886681098,7.288955016552379,0,Champions
421,12883.0,25,4,703.47,3.258096538021482,1.6094379124341005,6.55744574703956,2,Champions
422,12884.0,88,1,309.05,4.48863636973214,0.6931471805599453,5.736733574795887,3,Potential Customers
423,12885.0,63,3,1175.22,4.158883083359672,1.3862943611198906,7.070061185792191,2,Potential Customers
424,12886.0,68,2,1378.4,4.23410650459726,1.0986122886681098,7.229403900997191,2,Potential Customers
425,12888.0,214,2,354.12,5.3706380281276624,1.0986122886681098,5.87245576052578,3,At Risk
426,12890.0,24,1,380.47,3.218875824868201,0.6931471805599453,5.944032210673093,0,Potential Customers
427,12891.0,186,3,331.0,5.231108616854587,1.3862943611198906,5.805134968916488,3,Potential Customers
428,12893.0,31,1,188.14,3.4657359027997265,0.6931471805599453,5.242487481587366,0,Potential Customers
429,12895.0,42,2,372.8,3.7612001156935615,1.0986122886681098,5.923720895021463,0,Potential Customers
430,12897.0,205,2,216.5,5.327876168789581,1.0986122886681098,5.382198850528739,3,At Risk
431,12901.0,9,28,17654.54,2.302585092994046,3.367295829986474,9.778804894130932,1,Champions
432,12902.0,265,1,138.68,5.583496308781699,0.6931471805599453,4.939354092091292,3,At Risk
433,12904.0,18,2,509.58,2.9444389791664403,1.0986122886681098,6.235547334435847,0,Champions
434,12906.0,12,5,2919.81,2.5649493574615367,1.791759469228055,7.979616254055095,1,Champions
435,12908.0,176,2,750.0,5.176149732573829,1.0986122886681098,6.621405651764134,3,Potential Customers
436,12909.0,40,5,2178.67,3.713572066704308,1.791759469228055,7.686928768177821,2,Champions
437,12910.0,23,8,3075.04,3.1780538303479458,2.19722457733622,8.031398334442155,1,Champions
438,12912.0,3,5,1662.3,1.3862943611198906,1.791759469228055,7.416558859796489,1,Champions
439,12913.0,5,5,2483.63,1.791759469228055,1.791759469228055,7.817879034084852,1,Champions
440,12915.0,149,2,363.65,5.010635294096256,1.0986122886681098,5.898937989430242,3,Potential Customers
441,12916.0,139,4,3006.15,4.941642422609304,1.6094379124341005,8.008748065349305,2,Potential Customers
442,12917.0,128,1,594.0,4.859812404361672,0.6931471805599453,6.38856140554563,3,Potential Customers
443,12919.0,8,6,1335.19,2.19722457733622,1.9459101490553128,7.197577559553778,1,Champions
444,12920.0,17,1,164.23,2.8903717578961645,0.6931471805599453,5.1073384426629,0,Potential Customers
445,12921.0,9,37,16587.09,2.302585092994046,3.6375861597263857,9.716440246960428,1,Champions
446,12922.0,161,1,405.38,5.087596335232384,0.6931471805599453,6.007288682454868,3,Potential Customers
447,12923.0,64,1,176.97,4.174387269895637,0.6931471805599453,5.181614996761894,3,Potential Customers
448,12924.0,88,4,933.7,4.48863636973214,1.6094379124341005,6.840225622188537,2,Potential Customers
449,12925.0,5,2,694.05,1.791759469228055,1.0986122886681098,6.5439837854231016,0,Champions
450,12928.0,35,5,2062.7,3.58351893845611,1.791759469228055,7.632255767200078,2,Champions
451,12929.0,312,1,117.85,5.746203190540153,0.6931471805599453,4.777862193806203,3,At Risk
452,12930.0,78,2,415.8,4.3694478524670215,1.0986122886681098,6.032606490439157,3,Potential Customers
453,12931.0,22,15,42055.96,3.1354942159291497,2.772588722239781,10.646780168946004,1,Champions
454,12933.0,24,3,607.53,3.218875824868201,1.3862943611198906,6.411046212773516,0,Champions
455,12935.0,2,7,2160.7,1.0986122886681098,2.079441541679836,7.678650228164007,1,Champions
456,12936.0,17,4,1063.9,2.8903717578961645,1.6094379124341005,6.970636177021338,2,Champions
457,12937.0,15,4,1504.27,2.772588722239781,1.6094379124341005,7.316727563085719,2,Champions
458,12938.0,26,1,114.14,3.295836866004329,0.6931471805599453,4.746148779247664,0,Potential Customers
459,12939.0,64,8,11581.8,4.174387269895637,2.19722457733622,9.357276518099342,1,Potential Customers
460,12940.0,55,2,913.54,4.02535169073515,1.0986122886681098,6.818421206622862,2,Potential Customers
461,12942.0,131,3,683.9,4.882801922586371,1.3862943611198906,6.529272842203859,2,Potential Customers
462,12944.0,36,2,604.51,3.610917912644224,1.0986122886681098,6.406071078133402,0,Champions
463,12945.0,288,1,462.95,5.666426688112432,0.6931471805599453,6.139776787799188,3,At Risk
464,12947.0,144,6,1603.99,4.976733742420574,1.9459101490553128,7.380872805015112,2,Potential Customers
465,12948.0,16,7,2064.95,2.833213344056216,2.079441541679836,7.63334544803145,1,Champions
466,12949.0,31,8,4167.22,3.4657359027997265,2.19722457733622,8.335244365149629,1,Champions
467,12950.0,2,3,1843.0,1.0986122886681098,1.3862943611198906,7.519692404116539,0,Champions
468,12951.0,9,6,1064.07,2.302585092994046,1.9459101490553128,6.970795803683085,1,Champions
469,12952.0,6,4,1387.79,1.9459101490553128,1.6094379124341005,7.236188143419333,0,Champions
470,12953.0,10,1,329.85,2.3978952727983707,0.6931471805599453,5.801665100458068,0,Potential Customers
471,12955.0,1,11,4757.16,0.6931471805599453,2.4849066497880004,8.46761631787212,1,Champions
472,12956.0,306,1,108.07,5.726847747587197,0.6931471805599453,4.691989877940651,3,At Risk
473,12957.0,10,8,4017.54,2.3978952727983707,2.19722457733622,8.298673931566155,1,Champions
474,12962.0,7,2,266.39,2.079441541679836,1.0986122886681098,5.588708266810736,0,Potential Customers
475,12963.0,8,8,1856.63,2.19722457733622,2.19722457733622,7.527056760684021,1,Champions
476,12965.0,89,1,771.91,4.499809670330265,0.6931471805599453,6.65016261231351,3,Potential Customers
477,12966.0,10,1,160.18,2.3978952727983707,0.6931471805599453,5.0825217528963655,0,Potential Customers
478,12967.0,358,2,1660.9,5.883322388488279,1.0986122886681098,7.415716805133478,2,At Risk
479,12968.0,112,1,135.95,4.727387818712341,0.6931471805599453,4.919615895709087,3,Potential Customers
480,12970.0,7,4,452.24,2.079441541679836,1.6094379124341005,6.116421786512366,0,Potential Customers
481,12971.0,4,86,11189.91,1.6094379124341005,4.465908118654584,9.32285712060894,1,Champions
482,12974.0,198,1,144.8,5.293304824724492,0.6931471805599453,4.982235819574558,3,Potential Customers
483,12976.0,212,1,738.6,5.3612921657094255,0.6931471805599453,6.60610949951297,3,At Risk
484,12977.0,156,1,39.24,5.056245805348308,0.6931471805599453,3.694861525791484,3,Potential Customers
485,12980.0,158,9,7374.900000000001,5.068904202220232,2.302585092994046,8.905973207660795,2,Potential Customers
486,12981.0,30,2,372.22,3.4339872044851463,1.0986122886681098,5.922168058105325,0,Potential Customers
487,12982.0,243,1,390.54,5.497168225293202,0.6931471805599453,5.970087681348397,3,At Risk
488,12984.0,19,1,97.5,2.995732273553991,0.6931471805599453,4.590056548178043,0,Potential Customers
489,12985.0,1,2,1239.38,0.6931471805599453,1.0986122886681098,7.123173063265281,0,Champions
490,12987.0,74,2,558.7,4.31748811353631,1.0986122886681098,6.327400925897314,3,Potential Customers
491,12988.0,292,1,535.32,5.680172609017068,0.6931471805599453,6.284730997853663,3,At Risk
492,12989.0,3,15,6924.11,1.3862943611198906,2.772588722239781,8.842909215405916,1,Champions
493,12990.0,31,3,409.5,3.4657359027997265,1.3862943611198906,6.017375928892483,0,Potential Customers
494,12991.0,23,2,503.76,3.1780538303479458,1.0986122886681098,6.22408306878471,0,Champions
495,12993.0,23,4,414.76,3.1780538303479458,1.6094379124341005,6.030108170700187,0,Potential Customers
496,12994.0,4,3,974.42,1.6094379124341005,1.3862943611198906,6.882868147474188,0,Champions
497,12995.0,85,1,211.32,4.454347296253507,0.6931471805599453,5.358094570583897,3,Potential Customers
498,12997.0,22,4,1226.89,3.1354942159291497,1.6094379124341005,7.113052528147638,2,Champions
499,12999.0,196,3,455.88,5.2832037287379885,1.3862943611198906,6.124420774356607,3,Potential Customers
500,13000.0,107,3,534.85,4.68213122712422,1.3862943611198906,6.283854271159006,2,Potential Customers
501,13001.0,4,13,9818.82,1.6094379124341005,2.6390573296152584,9.192158071241616,1,Champions
502,13002.0,318,1,120.95,5.765191102784844,0.6931471805599453,4.80361112466193,3,At Risk
503,13003.0,106,3,149.05,4.672828834461906,1.3862943611198906,5.010968571886377,3,Potential Customers
504,13004.0,12,18,5655.91,2.5649493574615367,2.9444389791664403,8.640633085723934,1,Champions
505,13005.0,174,2,513.7,5.1647859739235145,1.0986122886681098,6.243584206658709,3,Potential Customers
506,13006.0,56,1,81.57,4.04305126783455,0.6931471805599453,4.413646418429337,3,Potential Customers
507,13008.0,323,1,229.47,5.780743515792329,0.6931471805599453,5.4401207021224,3,At Risk
508,13011.0,372,1,50.55,5.921578419643816,0.6931471805599453,3.942552210462969,3,At Risk
509,13012.0,9,8,1661.84,2.302585092994046,2.19722457733622,7.416282262898624,1,Champions
510,13013.0,1,13,4810.9400000000005,0.6931471805599453,2.6390573296152584,8.478855608188903,1,Champions
511,13014.0,11,10,3466.28,2.4849066497880004,2.3978952727983707,8.151125703889235,1,Champions
512,13015.0,53,5,3346.28,3.9889840465642745,1.791759469228055,8.115903354718549,2,Potential Customers
513,13016.0,73,3,789.89,4.30406509320417,1.3862943611198906,6.673158893621945,2,Potential Customers
514,13017.0,7,1,204.0,2.079441541679836,0.6931471805599453,5.3230099791384085,0,Potential Customers
515,13018.0,16,28,7277.7,2.833213344056216,3.367295829986474,8.892707553816384,1,Champions
516,13021.0,4,9,2616.38,1.6094379124341005,2.302585092994046,7.869929096421559,1,Champions
517,13023.0,64,2,689.9,4.174387269895637,1.0986122886681098,6.537995095494749,2,Potential Customers
518,13026.0,1,5,975.36,0.6931471805599453,1.791759469228055,6.883831370862763,1,Champions
519,13027.0,114,6,6912.0,4.74493212836325,1.9459101490553128,8.841158975945264,2,Potential Customers
520,13028.0,23,2,661.3199999999999,3.1780538303479458,1.0986122886681098,6.49574882283055,0,Champions
521,13029.0,31,3,1247.5,3.4657359027997265,1.3862943611198906,7.129698109719828,2,Champions
522,13030.0,11,2,799.48,2.4849066497880004,1.0986122886681098,6.685211547739895,0,Champions
523,13032.0,52,2,1010.18,3.970291913552122,1.0986122886681098,6.918873244715984,2,Potential Customers
524,13033.0,357,1,190.55,5.8805329864007,0.6931471805599453,5.255148871146658,3,At Risk
525,13034.0,55,2,642.77,4.02535169073515,1.0986122886681098,6.467341519456512,2,Potential Customers
526,13035.0,74,2,921.88,4.31748811353631,1.0986122886681098,6.827499215216475,2,Potential Customers
527,13037.0,138,3,881.07,4.934473933130692,1.3862943611198906,6.782271417936915,2,Potential Customers
528,13038.0,80,3,908.46,4.394449154672439,1.3862943611198906,6.812851016782114,2,Potential Customers
529,13040.0,9,2,676.99,2.302585092994046,1.0986122886681098,6.519132538569087,0,Champions
530,13043.0,273,1,516.42,5.613128106388071,0.6931471805599453,6.248854923817375,3,At Risk
531,13044.0,291,1,560.47,5.676753802268282,0.6931471805599453,6.330558344434147,3,At Risk
532,13045.0,99,1,305.28000000000003,4.605170185988092,0.6931471805599453,5.724499716244923,3,Potential Customers
533,13046.0,31,2,629.31,3.4657359027997265,1.0986122886681098,6.446211761854101,0,Champions
534,13047.0,32,10,3237.54,3.49650756146648,2.3978952727983707,8.082877889943946,1,Champions
535,13048.0,14,4,1835.91,2.70805020110221,1.6094379124341005,7.515840091091689,2,Champions
536,13049.0,64,2,656.6800000000001,4.174387269895637,1.0986122886681098,6.488718490843878,2,Potential Customers
537,13050.0,15,17,5836.86,2.772588722239781,2.8903717578961645,8.672119570311168,1,Champions
538,13052.0,212,1,348.15000000000003,5.3612921657094255,0.6931471805599453,5.8555016292920445,3,At Risk
539,13055.0,78,3,1214.41,4.3694478524670215,1.3862943611198906,7.102836747411359,2,Potential Customers
540,13058.0,25,3,271.40000000000003,3.258096538021482,1.3862943611198906,5.607271574275358,0,Potential Customers
541,13059.0,250,1,183.4,5.525452939131784,0.6931471805599453,5.2171073111224935,3,At Risk
542,13060.0,254,1,307.53000000000003,5.541263545158426,0.6931471805599453,5.731819083350057,3,At Risk
543,13061.0,72,1,248.61,4.290459441148391,0.6931471805599453,5.519899699795292,3,Potential Customers
544,13062.0,191,1,346.98,5.2574953720277815,0.6931471805599453,5.85214500685857,3,Potential Customers
545,13064.0,13,4,1119.49,2.6390573296152584,1.6094379124341005,7.02152136861392,2,Champions
546,13065.0,373,1,205.86,5.924255797414532,0.6931471805599453,5.3320422359496575,3,At Risk
547,13066.0,24,2,470.8,3.218875824868201,1.0986122886681098,6.156555166973575,0,Potential Customers
548,13067.0,82,1,115.46,4.418840607796598,0.6931471805599453,4.757547866408974,3,Potential Customers
549,13068.0,10,2,344.0,2.3978952727983707,1.0986122886681098,5.84354441703136,0,Potential Customers
550,13069.0,1,24,4436.12,0.6931471805599453,3.218875824868201,8.39776079631407,1,Champions
551,13070.0,192,1,228.8,5.262690188904886,0.6931471805599453,5.437209365414655,3,Potential Customers
552,13072.0,267,1,177.15,5.5909869805108565,0.6931471805599453,5.182625892051845,3,At Risk
553,13075.0,130,1,919.61,4.875197323201151,0.6931471805599453,6.825036493805135,3,Potential Customers
554,13077.0,1,4,729.27,0.6931471805599453,1.6094379124341005,6.593414328773672,0,Champions
555,13078.0,3,26,12627.94,1.3862943611198906,3.295836866004329,9.443746284664895,1,Champions
556,13079.0,4,5,220.1,1.6094379124341005,1.791759469228055,5.3986150878634005,0,Potential Customers
557,13080.0,179,1,58.08,5.19295685089021,0.6931471805599453,4.078892457663179,3,Potential Customers
558,13081.0,12,11,28337.38,2.5649493574615367,2.4849066497880004,10.251972348590336,1,Champions
559,13082.0,126,9,3613.63,4.844187086458591,2.302585092994046,8.192744778040643,2,Potential Customers
560,13083.0,4,2,303.75,1.6094379124341005,1.0986122886681098,5.719491768361381,0,Potential Customers
561,13085.0,158,2,416.08,5.068904202220232,1.0986122886681098,6.0332780499213925,3,Potential Customers
562,13089.0,3,97,58825.83,1.3862943611198906,4.584967478670572,10.982353322333951,1,Champions
563,13090.0,9,14,8910.82,2.302585092994046,2.70805020110221,9.09513376447656,1,Champions
564,13091.0,28,1,345.82,3.367295829986474,0.6931471805599453,5.848805913370403,0,Potential Customers
565,13092.0,71,5,477.83,4.276666119016055,1.791759469228055,6.171345628362577,2,Potential Customers
566,13093.0,276,8,7832.47,5.6240175061873385,2.19722457733622,8.966160858120457,2,At Risk
567,13094.0,21,12,1927.32,3.091042453358316,2.5649493574615367,7.564404436501881,1,Champions
568,13095.0,71,1,74.39999999999999,4.276666119016055,0.6931471805599453,4.32280727501391,3,Potential Customers
569,13097.0,33,10,6010.42,3.5263605246161616,2.3978952727983707,8.701416272499749,1,Champions
570,13098.0,1,28,28882.44,0.6931471805599453,3.367295829986474,10.271023699486712,1,Champions
571,13099.0,99,1,207.36,4.605170185988092,0.6931471805599453,5.339267352876991,3,Potential Customers
572,13101.0,234,1,101.19,5.459585514144159,0.6931471805599453,4.626833825624118,3,At Risk
573,13102.0,1,24,6424.09,0.6931471805599453,3.218875824868201,8.767965917447414,1,Champions
574,13103.0,40,1,243.94,3.713572066704308,0.6931471805599453,5.501013282593141,3,Potential Customers
575,13104.0,3,6,1098.48,1.3862943611198906,1.9459101490553128,7.002592619742972,1,Champions
576,13106.0,133,1,76.5,4.897839799950911,0.6931471805599453,4.350277936359301,3,Potential Customers
577,13107.0,44,4,1531.62,3.80666248977032,1.6094379124341005,7.334733968170588,2,Champions
578,13108.0,373,1,350.06,5.924255797414532,0.6931471805599453,5.8609571490282,3,At Risk
579,13109.0,60,2,786.54,4.110873864173311,1.0986122886681098,6.668914163060628,2,Potential Customers
580,13110.0,31,7,1488.67,3.4657359027997265,2.079441541679836,7.306309897899894,2,Champions
581,13113.0,1,24,12245.96,0.6931471805599453,3.218875824868201,9.41303302190997,1,Champions
582,13115.0,12,4,2294.78,2.5649493574615367,1.6094379124341005,7.73882793403321,2,Champions
583,13116.0,138,1,501.14,4.934473933130692,0.6931471805599453,6.218878965272838,3,Potential Customers
584,13117.0,22,8,984.91,3.1354942159291497,2.19722457733622,6.893565072546089,2,Champions
585,13118.0,20,5,1197.81,3.044522437723423,1.791759469228055,7.089084677082725,2,Champions
586,13120.0,239,1,30.6,5.480638923341991,0.6931471805599453,3.4531571205928664,3,At Risk
587,13121.0,269,1,283.73,5.598421958998375,0.6931471805599453,5.6515413628105104,3,At Risk
588,13122.0,94,2,922.39,4.553876891600541,1.0986122886681098,6.828051680471256,2,Potential Customers
589,13124.0,90,3,3866.33,4.51085950651685,1.3862943611198906,8.26031962543717,2,Potential Customers
590,13126.0,5,8,2099.64,1.791759469228055,2.19722457733622,7.6499973391858,1,Champions
591,13127.0,78,1,259.17,4.3694478524670215,0.6931471805599453,5.561335263505108,3,Potential Customers
592,13130.0,94,1,64.0,4.553876891600541,0.6931471805599453,4.174387269895637,3,Potential Customers
593,13131.0,23,3,1073.3,3.1780538303479458,1.3862943611198906,6.979424565672496,2,Champions
594,13132.0,262,1,77.3,5.572154032177765,0.6931471805599453,4.360547602996758,3,At Risk
595,13133.0,274,2,109.8,5.616771097666572,1.0986122886681098,4.707726774313183,3,At Risk
596,13134.0,86,4,1793.58,4.465908118654584,1.6094379124341005,7.492526290257111,2,Potential Customers
597,13135.0,197,1,3096.0,5.288267030694535,0.6931471805599453,8.038189179973203,2,Potential Customers
598,13136.0,56,5,2607.61,4.04305126783455,1.791759469228055,7.866572791402729,2,Potential Customers
599,13137.0,11,8,3650.41,2.4849066497880004,2.19722457733622,8.202868673351237,1,Champions
600,13138.0,22,6,962.39,3.1354942159291497,1.9459101490553128,6.870458314237744,2,Champions
601,13139.0,16,7,5064.9400000000005,2.833213344056216,2.079441541679836,8.530294986827844,1,Champions
602,13140.0,108,3,423.72,4.691347882229144,1.3862943611198906,6.051430128275416,3,Potential Customers
603,13141.0,85,5,2388.75,4.454347296253507,1.791759469228055,7.778944036943872,2,Potential Customers
604,13142.0,19,1,307.09000000000003,2.995732273553991,0.6931471805599453,5.7303919480814,0,Potential Customers
605,13144.0,333,1,110.95,5.811140992976701,0.6931471805599453,4.718052343044764,3,At Risk
606,13145.0,40,4,618.52,3.713572066704308,1.6094379124341005,6.428944984648157,2,Champions
607,13146.0,26,1,228.91,3.295836866004329,0.6931471805599453,5.437687927995845,0,Potential Customers
608,13147.0,10,4,712.8,2.3978952727983707,1.6094379124341005,6.57060281105606,0,Champions
609,13148.0,29,12,3707.12,3.4011973816621555,2.5649493574615367,8.21828028862164,1,Champions
610,13149.0,14,4,1676.06,2.70805020110221,1.6094379124341005,7.424797539358498,2,Champions
611,13151.0,296,1,1257.87,5.6937321388027,0.6931471805599453,7.1379697721602025,3,At Risk
612,13153.0,6,1,486.22,1.9459101490553128,0.6931471805599453,6.188715766456242,0,Potential Customers
613,13155.0,33,4,971.76,3.5263605246161616,1.6094379124341005,6.880137391945464,2,Champions
614,13157.0,49,4,1741.22,3.912023005428146,1.6094379124341005,7.462915441057162,2,Champions
615,13158.0,95,4,1201.06,4.564348191467836,1.6094379124341005,7.091792030654675,2,Potential Customers
616,13159.0,9,4,1437.85,2.302585092994046,1.6094379124341005,7.271599462399201,0,Champions
617,13160.0,22,1,91.8,3.1354942159291497,0.6931471805599453,4.530446639792155,0,Potential Customers
618,13161.0,313,1,112.75,5.749392985908253,0.6931471805599453,4.73400305783106,3,At Risk
619,13162.0,122,4,1688.29,4.812184355372417,1.6094379124341005,7.432063601299488,2,Potential Customers
620,13165.0,46,2,1021.48,3.8501476017100575,1.0986122886681098,6.929986327823459,2,Champions
621,13166.0,283,1,417.2,5.648974238161206,0.6931471805599453,6.035959786994534,3,At Risk
622,13167.0,19,4,791.33,2.995732273553991,1.6094379124341005,6.674977971699642,2,Champions
623,13168.0,36,4,1319.19,3.610917912644224,1.6094379124341005,7.185530944616075,2,Champions
624,13169.0,64,2,712.88,4.174387269895637,1.0986122886681098,6.570714880987815,2,Potential Customers
625,13170.0,27,1,116.01,3.332204510175204,0.6931471805599453,4.7622594012308666,0,Potential Customers
626,13171.0,22,3,468.41,3.1354942159291497,1.3862943611198906,6.151476586982076,0,Potential Customers
627,13173.0,4,2,353.65000000000003,1.6094379124341005,1.0986122886681098,5.871131387648096,0,Potential Customers
628,13174.0,16,3,2817.03,2.833213344056216,1.3862943611198906,7.943793338250078,2,Champions
629,13176.0,46,1,492.84,3.8501476017100575,0.6931471805599453,6.202211578085641,3,Potential Customers
630,13177.0,65,1,282.45,4.189654742026425,0.6931471805599453,5.6470357407703125,3,Potential Customers
631,13178.0,26,11,5725.47,3.295836866004329,2.4849066497880004,8.652854564021988,1,Champions
632,13182.0,45,1,121.18,3.828641396489095,0.6931471805599453,4.805495367221621,3,Potential Customers
633,13183.0,8,9,3957.78,2.19722457733622,2.302585092994046,8.283691175973804,1,Champions
634,13184.0,15,10,1701.29,2.772588722239781,2.3978952727983707,7.439729682398054,1,Champions
635,13185.0,268,1,71.4,5.594711379601839,0.6931471805599453,4.282206299391671,3,At Risk
636,13186.0,40,3,1575.89,3.713572066704308,1.3862943611198906,7.363209831835215,2,Champions
637,13187.0,337,1,236.02,5.823045895483019,0.6931471805599453,5.468144525760303,3,At Risk
638,13188.0,11,1,114.6,2.4849066497880004,0.6931471805599453,4.750135956238277,0,Potential Customers
639,13189.0,19,2,260.68,2.995732273553991,1.0986122886681098,5.567122383230129,0,Potential Customers
640,13192.0,95,2,911.94,4.564348191467836,1.0986122886681098,6.81667016102037,2,Potential Customers
641,13193.0,61,1,117.88,4.127134385045092,0.6931471805599453,4.778114580969449,3,Potential Customers
642,13194.0,136,1,60.7,4.919980925828125,0.6931471805599453,4.122283930911342,3,Potential Customers
643,13196.0,11,4,1797.78,2.4849066497880004,1.6094379124341005,7.494863936311281,2,Champions
644,13198.0,10,6,3401.24,2.3978952727983707,1.9459101490553128,8.132189317204716,1,Champions
645,13199.0,4,38,9817.12,1.6094379124341005,3.6635616461296463,9.191984936991869,1,Champions
646,13200.0,19,4,870.09,2.995732273553991,1.6094379124341005,6.769745301020691,2,Champions
647,13203.0,10,4,869.46,2.3978952727983707,1.6094379124341005,6.769021807549381,0,Champions
648,13207.0,15,2,250.26,2.772588722239781,1.0986122886681098,5.526488259576272,0,Potential Customers
649,13208.0,59,6,1223.9,4.0943445622221,1.9459101490553128,7.11061448699364,2,Potential Customers
650,13209.0,30,8,5891.61,3.4339872044851463,2.19722457733622,8.681454302434092,1,Champions
651,13210.0,94,1,353.48,4.553876891600541,0.6931471805599453,5.8706519268912345,3,Potential Customers
652,13211.0,10,3,1197.42,2.3978952727983707,1.3862943611198906,7.088759301542255,0,Champions
653,13212.0,20,3,788.08,3.044522437723423,1.3862943611198906,6.670867709875668,0,Champions
654,13213.0,57,5,1520.58,4.060443010546419,1.791759469228055,7.327504547645857,2,Potential Customers
655,13216.0,268,1,333.74,5.594711379601839,0.6931471805599453,5.813354111085492,3,At Risk
656,13217.0,122,3,533.98,4.812184355372417,1.3862943611198906,6.282229363019668,2,Potential Customers
657,13218.0,127,1,62.64,4.852030263919617,0.6931471805599453,4.153242203469586,3,Potential Customers
658,13220.0,78,4,819.2900000000001,4.3694478524670215,1.6094379124341005,6.7096579362724444,2,Potential Customers
659,13221.0,240,2,847.41,5.484796933490655,1.0986122886681098,6.743364009514037,3,At Risk
660,13223.0,200,2,163.2,5.303304908059076,1.0986122886681098,5.101085197018328,3,Potential Customers
661,13224.0,60,2,2155.95,4.110873864173311,1.0986122886681098,7.676450465777419,2,Potential Customers
662,13225.0,3,7,6463.84,1.3862943611198906,2.079441541679836,8.774133542253146,1,Champions
663,13226.0,273,1,108.21,5.613128106388071,0.6931471805599453,4.693272634209637,3,At Risk
664,13227.0,202,1,257.7,5.313205979041787,0.6931471805599453,5.555669089191984,3,At Risk
665,13228.0,81,1,358.0,4.406719247264253,0.6931471805599453,5.883322388488279,3,Potential Customers
666,13229.0,226,1,160.95,5.424950017481403,0.6931471805599453,5.087287645617338,3,At Risk
667,13230.0,4,14,2806.97,1.6094379124341005,2.70805020110221,7.940217081327946,1,Champions
668,13232.0,13,7,1357.6,2.6390573296152584,2.079441541679836,7.214210036757201,1,Champions
669,13233.0,74,2,605.12,4.31748811353631,1.0986122886681098,6.407077986267962,3,Potential Customers
670,13235.0,212,1,1031.07,5.3612921657094255,0.6931471805599453,6.939321773198559,3,At Risk
671,13236.0,25,2,744.85,3.258096538021482,1.0986122886681098,6.614524507599939,0,Champions
672,13238.0,17,4,700.73,2.8903717578961645,1.6094379124341005,6.553548714657728,0,Champions
673,13239.0,262,1,329.56,5.572154032177765,0.6931471805599453,5.800788185931274,3,At Risk
674,13240.0,96,4,663.65,4.574710978503383,1.6094379124341005,6.499260586313608,2,Potential Customers
675,13242.0,112,3,270.40000000000003,4.727387818712341,1.3862943611198906,5.603593747400769,3,Potential Customers
676,13243.0,203,1,600.07,5.318119993844216,0.6931471805599453,6.3987114002985646,3,At Risk
677,13244.0,93,1,121.74,4.543294782270004,0.6931471805599453,4.810068296960951,3,Potential Customers
678,13245.0,51,1,430.5,3.951243718581428,0.6931471805599453,6.067267510523482,3,Potential Customers
679,13246.0,18,6,1987.3,2.9444389791664403,1.9459101490553128,7.595035281264035,2,Champions
680,13247.0,18,4,501.12,2.9444389791664403,1.6094379124341005,6.218839134950008,0,Champions
681,13248.0,125,2,465.68,4.836281906951478,1.0986122886681098,6.145643797955656,3,Potential Customers
682,13249.0,92,3,711.41,4.532599493153256,1.3862943611198906,6.56865358837482,2,Potential Customers
683,13253.0,157,2,1030.4,5.062595033026967,1.0986122886681098,6.9386723816168585,2,Potential Customers
684,13255.0,9,2,399.51,2.302585092994046,1.0986122886681098,5.992738734985712,0,Potential Customers
685,13258.0,12,3,698.5799999999999,2.5649493574615367,1.3862943611198906,6.550480154971372,0,Champions
686,13259.0,62,1,292.32,4.143134726391533,0.6931471805599453,5.681264163225599,3,Potential Customers
687,13260.0,61,1,557.62,4.127134385045092,0.6931471805599453,6.325469456665338,3,Potential Customers
688,13261.0,269,2,944.1,5.598421958998375,1.0986122886681098,6.8512907420010105,3,At Risk
689,13262.0,263,1,200.29,5.575949103146316,0.6931471805599453,5.3047466543129405,3,At Risk
690,13263.0,1,35,7454.07,0.6931471805599453,3.58351893845611,8.916649616826117,1,Champions
691,13265.0,53,5,2107.66,3.9889840465642745,1.791759469228055,7.653807953637001,2,Potential Customers
692,13266.0,11,12,3834.26,2.4849066497880004,2.5649493574615367,8.251992508113439,1,Champions
693,13267.0,3,19,4521.49,1.3862943611198906,2.995732273553991,8.416818006100614,1,Champions
694,13268.0,18,11,3214.69,2.9444389791664403,2.4849066497880004,8.075797232617925,1,Champions
695,13269.0,1,15,5346.2300000000005,0.6931471805599453,2.772588722239781,8.584333948798262,1,Champions
696,13270.0,366,1,590.0,5.905361848054571,0.6931471805599453,6.3818160174060985,3,At Risk
697,13271.0,37,1,217.38,3.6375861597263857,0.6931471805599453,5.38623666458592,3,Potential Customers
698,13272.0,31,2,276.56,3.4657359027997265,1.0986122886681098,5.626037126031348,0,Potential Customers
699,13273.0,113,1,138.98,4.736198448394496,0.6931471805599453,4.941499555261394,3,Potential Customers
700,13276.0,64,2,590.9300000000001,4.174387269895637,1.0986122886681098,6.383388384649479,2,Potential Customers
701,13277.0,16,4,258.4,2.833213344056216,1.6094379124341005,5.558371271882344,0,Potential Customers
702,13278.0,41,1,542.73,3.737669618283368,0.6931471805599453,6.298452800117238,0,Champions
703,13279.0,78,1,137.75,4.3694478524670215,0.6931471805599453,4.932673752626544,3,Potential Customers
704,13280.0,122,3,814.86,4.812184355372417,1.3862943611198906,6.704242771617076,2,Potential Customers
705,13282.0,18,3,1132.14,2.9444389791664403,1.3862943611198906,7.032747819149021,2,Champions
706,13283.0,60,2,93.66,4.110873864173311,1.0986122886681098,4.5502915244781015,3,Potential Customers
707,13284.0,331,1,201.19,5.805134968916488,0.6931471805599453,5.309207849379209,3,At Risk
708,13285.0,23,4,2709.12,3.1780538303479458,1.6094379124341005,7.904748193336201,2,Champions
709,13291.0,156,1,361.11,5.056245805348308,0.6931471805599453,5.8919480330707374,3,Potential Customers
710,13292.0,39,2,578.94,3.688879454113936,1.0986122886681098,6.362924649913461,0,Champions
711,13294.0,190,2,873.74,5.25227342804663,1.0986122886681098,6.773926699344786,3,Potential Customers
712,13295.0,360,1,201.2,5.8888779583328805,0.6931471805599453,5.309257306586371,3,At Risk
713,13296.0,137,1,87.4,4.927253685157205,0.6931471805599453,4.481871969643598,3,Potential Customers
714,13297.0,8,4,2089.85,2.19722457733622,1.6094379124341005,7.645325960844005,1,Champions
715,13298.0,1,1,360.0,0.6931471805599453,0.6931471805599453,5.8888779583328805,0,Potential Customers
716,13299.0,268,1,142.5,5.594711379601839,0.6931471805599453,4.966335035199676,3,At Risk
717,13300.0,169,1,371.89,5.135798437050262,0.6931471805599453,5.921283469984221,3,Potential Customers
718,13301.0,104,4,618.09,4.653960350157523,1.6094379124341005,6.428250657915328,2,Potential Customers
719,13302.0,155,1,63.75,5.049856007249537,0.6931471805599453,4.170533700579648,3,Potential Customers
720,13304.0,351,1,300.42,5.863631175598097,0.6931471805599453,5.7085046409915305,3,At Risk
721,13305.0,4,10,2000.86,1.6094379124341005,2.3978952727983707,7.601832027360015,1,Champions
722,13307.0,120,1,15.0,4.795790545596741,0.6931471805599453,2.772588722239781,3,Potential Customers
723,13308.0,23,3,1385.51,3.1780538303479458,1.3862943611198906,7.23454507743516,2,Champions
724,13309.0,7,5,1456.79,2.079441541679836,1.791759469228055,7.284676869273055,1,Champions
725,13310.0,28,3,1132.03,3.367295829986474,1.3862943611198906,7.032650739053453,2,Champions
726,13311.0,4,2,598.57,1.6094379124341005,1.0986122886681098,6.396212731621162,0,Champions
727,13313.0,22,5,1555.3200000000002,3.1354942159291497,1.791759469228055,7.35007933912113,2,Champions
728,13314.0,2,3,775.94,1.0986122886681098,1.3862943611198906,6.655363127308804,0,Champions
729,13316.0,37,4,5977.73,3.6375861597263857,1.6094379124341005,8.695963449808062,2,Champions
730,13317.0,66,6,2273.68,4.204692619390966,1.9459101490553128,7.729594662150938,2,Potential Customers
731,13318.0,1,3,640.76,0.6931471805599453,1.3862943611198906,6.464214402021743,0,Champions
732,13319.0,5,26,10845.55,1.791759469228055,3.295836866004329,9.29160233605445,1,Champions
733,13320.0,78,4,1548.7,4.3694478524670215,1.6094379124341005,7.345816642793289,2,Potential Customers
734,13321.0,72,2,567.36,4.290459441148391,1.0986122886681098,6.342755020769874,3,Potential Customers
735,13322.0,17,1,199.48,2.8903717578961645,0.6931471805599453,5.300714491147758,0,Potential Customers
736,13323.0,3,5,787.85,1.3862943611198906,1.791759469228055,6.670576188703463,0,Champions
737,13324.0,36,10,7121.95,3.610917912644224,2.3978952727983707,8.871077244439467,1,Champions
738,13325.0,82,1,675.3,4.418840607796598,0.6931471805599453,6.516636764580894,3,Potential Customers
739,13327.0,39,8,3627.77,3.688879454113936,2.19722457733622,8.196649026863438,1,Champions
740,13328.0,316,1,1308.48,5.75890177387728,0.6931471805599453,7.17738539082617,3,At Risk
741,13329.0,32,2,789.0,3.49650756146648,1.0986122886681098,6.672032945461067,0,Champions
742,13330.0,93,3,1140.93,4.543294782270004,1.3862943611198906,7.040475092365302,2,Potential Customers
743,13332.0,14,1,350.90000000000003,2.70805020110221,0.6931471805599453,5.86334704432754,0,Potential Customers
744,13334.0,82,3,3536.82,4.418840607796598,1.3862943611198906,8.17126599722425,2,Potential Customers
745,13336.0,77,1,795.12,4.356708826689592,0.6931471805599453,6.679749928251019,3,Potential Customers
746,13338.0,158,1,487.02,5.068904202220232,0.6931471805599453,6.190356388619899,3,Potential Customers
747,13339.0,201,1,860.12,5.308267697401205,0.6931471805599453,6.758233867538541,3,At Risk
748,13340.0,45,7,10736.48,3.828641396489095,2.079441541679836,9.28149570365981,1,Champions
749,13341.0,261,1,775.85,5.568344503761097,0.6931471805599453,6.65524728153801,3,At Risk
750,13343.0,178,1,353.43,5.187385805840755,0.6931471805599453,5.870510865261174,3,Potential Customers
751,13344.0,68,3,2543.7200000000003,4.23410650459726,1.3862943611198906,7.841775903285653,2,Potential Customers
752,13345.0,288,1,389.5,5.666426688112432,0.6931471805599453,5.967427969279741,3,At Risk
753,13347.0,70,1,341.36,4.262679877041316,0.6931471805599453,5.835862815013409,3,Potential Customers
754,13348.0,64,1,233.76,4.174387269895637,0.6931471805599453,5.458563715690134,3,Potential Customers
755,13349.0,11,1,247.32,2.4849066497880004,0.6931471805599453,5.514718236994854,0,Potential Customers
756,13350.0,16,2,979.12,2.833213344056216,1.0986122886681098,6.887675013147945,0,Champions
757,13351.0,66,1,373.94,4.204692619390966,0.6931471805599453,5.926766013169045,3,Potential Customers
758,13352.0,60,1,397.98,4.110873864173311,0.6931471805599453,5.988911290320265,3,Potential Customers
759,13354.0,71,1,743.53,4.276666119016055,0.6931471805599453,6.612753146812557,3,Potential Customers
760,13355.0,122,1,674.7,4.812184355372417,0.6931471805599453,6.515749190558129,3,Potential Customers
761,13356.0,80,1,768.24,4.394449154672439,0.6931471805599453,6.645403014442647,3,Potential Customers
762,13357.0,257,1,609.95,5.552959584921617,0.6931471805599453,6.415015122762531,3,At Risk
763,13358.0,269,1,439.03,5.598421958998375,0.6931471805599453,6.086842906406214,3,At Risk
764,13359.0,64,1,439.56,4.174387269895637,0.6931471805599453,6.088046644954226,3,Potential Customers
765,13362.0,9,4,3090.74,2.302585092994046,1.6094379124341005,8.036489318202769,1,Champions
766,13363.0,18,2,992.5,2.9444389791664403,1.0986122886681098,6.901234061991872,0,Champions
767,13364.0,71,1,134.96,4.276666119016055,0.6931471805599453,4.912360724827916,3,Potential Customers
768,13365.0,34,2,2225.37,3.555348061489413,1.0986122886681098,7.708127735453272,2,Champions
769,13366.0,50,1,56.16,3.9318256327243257,0.6931471805599453,4.045854353061666,3,Potential Customers
770,13368.0,257,2,623.4,5.552959584921617,1.0986122886681098,6.436791188641277,3,At Risk
771,13369.0,366,1,308.28000000000003,5.905361848054571,0.6931471805599453,5.734247015460021,3,At Risk
772,13370.0,372,1,754.87,5.921578419643816,0.6931471805599453,6.62786940372116,3,At Risk
773,13372.0,90,1,378.64,4.51085950651685,0.6931471805599453,5.939223435262291,3,Potential Customers
774,13373.0,61,3,3312.25,4.127134385045092,1.3862943611198906,8.105684859760789,2,Potential Customers
775,13375.0,89,1,778.65,4.499809670330265,0.6931471805599453,6.658845101030894,3,Potential Customers
776,13376.0,99,3,1019.76,4.605170185988092,1.3862943611198906,6.928302726869797,2,Potential Customers
777,13379.0,26,3,572.56,3.295836866004329,1.3862943611198906,6.351862551846838,0,Champions
778,13381.0,32,6,3639.31,3.49650756146648,1.9459101490553128,8.199824121839633,2,Champions
779,13382.0,281,1,222.99,5.641907070938114,0.6931471805599453,5.411601408001375,3,At Risk
780,13384.0,31,7,4151.93,3.4657359027997265,2.079441541679836,8.331569388203366,1,Champions
781,13385.0,330,1,534.57,5.802118375377063,0.6931471805599453,6.283331600299074,3,At Risk
782,13388.0,131,2,677.1,4.882801922586371,1.0986122886681098,6.519294769689797,3,Potential Customers
783,13389.0,11,3,797.96,2.4849066497880004,1.3862943611198906,6.683310881934879,0,Champions
784,13390.0,75,1,544.08,4.330733340286331,0.6931471805599453,6.30093257288162,3,Potential Customers
785,13391.0,204,1,59.8,5.3230099791384085,0.6931471805599453,4.107589788972121,3,At Risk
786,13394.0,2,8,2520.02,1.0986122886681098,2.19722457733622,7.832418860516229,1,Champions
787,13395.0,185,1,307.72,5.225746673713202,0.6931471805599453,5.732434717229364,3,Potential Customers
788,13396.0,29,2,1360.99,3.4011973816621555,1.0986122886681098,7.216702144538598,2,Champions
789,13397.0,73,5,1544.13,4.30406509320417,1.791759469228055,7.342863328186895,2,Potential Customers
790,13398.0,192,1,457.34,5.262690188904886,0.6931471805599453,6.127611266781323,3,Potential Customers
791,13402.0,127,2,621.23,4.852030263919617,1.0986122886681098,6.433309799308897,3,Potential Customers
792,13403.0,18,1,75.0,2.9444389791664403,0.6931471805599453,4.330733340286331,0,Potential Customers
793,13404.0,1,2,252.49,0.6931471805599453,1.0986122886681098,5.5353243745214,0,Potential Customers
794,13405.0,74,3,572.451,4.31748811353631,1.3862943611198906,6.351672492640208,2,Potential Customers
795,13408.0,2,62,28117.04,1.0986122886681098,4.143134726391533,10.244166642215127,1,Champions
796,13410.0,24,5,1003.06,3.218875824868201,1.791759469228055,6.911807059422235,2,Champions
797,13411.0,107,1,213.55,4.68213122712422,0.6931471805599453,5.368542811437534,3,Potential Customers
798,13414.0,134,3,1390.5,4.90527477843843,1.3862943611198906,7.238137580965946,2,Potential Customers
799,13416.0,44,2,712.5,3.80666248977032,1.0986122886681098,6.570182436916891,2,Champions
800,13417.0,5,2,640.83,1.791759469228055,1.0986122886681098,6.4643234711171225,0,Champions
801,13418.0,12,18,6127.43,2.5649493574615367,2.9444389791664403,8.720693878671442,1,Champions
802,13419.0,64,1,221.06,4.174387269895637,0.6931471805599453,5.40294761562612,3,Potential Customers
803,13420.0,150,2,159.85,5.017279836814924,1.0986122886681098,5.080472253685035,3,Potential Customers
804,13421.0,40,2,1851.08,3.713572066704308,1.0986122886681098,7.524064610817457,2,Champions
805,13422.0,64,1,2626.3,4.174387269895637,0.6931471805599453,7.873711981871112,2,Potential Customers
806,13425.0,108,3,1624.21,4.691347882229144,1.3862943611198906,7.393392317183492,2,Potential Customers
807,13426.0,1,10,3641.32,0.6931471805599453,2.3978952727983707,8.200376120238847,1,Champions
808,13427.0,19,3,582.6,2.995732273553991,1.3862943611198906,6.369215816648631,0,Champions
809,13428.0,10,1,218.47,2.3978952727983707,0.6931471805599453,5.391215548914767,0,Potential Customers
810,13429.0,11,4,1006.8,2.4849066497880004,1.6094379124341005,6.915525016246498,0,Champions
811,13430.0,19,2,679.45,2.995732273553991,1.0986122886681098,6.522754344006327,0,Champions
812,13431.0,67,2,1269.1,4.219507705176107,1.0986122886681098,7.146850916510274,2,Potential Customers
813,13434.0,74,2,534.24,4.31748811353631,1.0986122886681098,6.282715244436788,3,Potential Customers
814,13435.0,5,7,3809.89,1.791759469228055,2.079441541679836,8.245618036642021,1,Champions
815,13436.0,2,1,196.89,1.0986122886681098,0.6931471805599453,5.287711320760812,0,Potential Customers
816,13437.0,14,7,3408.06,2.70805020110221,2.079441541679836,8.134191872452362,1,Champions
817,13439.0,255,1,283.71,5.545177444479562,0.6931471805599453,5.651471118359793,3,At Risk
818,13441.0,92,1,296.64,4.532599493153256,0.6931471805599453,5.69588470252906,3,Potential Customers
819,13447.0,23,3,1129.14,3.1780538303479458,1.3862943611198906,7.030096797837492,2,Champions
820,13448.0,17,6,3539.3700000000003,2.8903717578961645,1.9459101490553128,8.17198652044002,1,Champions
821,13449.0,24,1,291.88,3.218875824868201,0.6931471805599453,5.679762968811981,0,Potential Customers
822,13450.0,27,6,2043.72,3.332204510175204,1.9459101490553128,7.623016139787193,2,Champions
823,13451.0,26,5,2976.15,3.295836866004329,1.791759469228055,7.998721746041357,2,Champions
824,13452.0,259,2,590.0,5.560681631015528,1.0986122886681098,6.3818160174060985,3,At Risk
825,13453.0,166,2,356.98,5.117993812416755,1.0986122886681098,5.880477118918354,3,Potential Customers
826,13455.0,25,2,1058.34,3.258096538021482,1.0986122886681098,6.965401351674954,0,Champions
827,13456.0,18,6,1766.72,2.9444389791664403,1.9459101490553128,7.477445859614847,2,Champions
828,13458.0,7,14,9646.57,2.079441541679836,2.70805020110221,9.174461349151194,1,Champions
829,13460.0,29,2,183.44,3.4011973816621555,1.0986122886681098,5.217324207338505,0,Potential Customers
830,13461.0,39,3,1445.0,3.688879454113936,1.3862943611198906,7.27655640271871,2,Champions
831,13462.0,253,1,151.5,5.537334267018537,0.6931471805599453,5.0271645960474665,3,At Risk
832,13464.0,58,1,674.68,4.07753744390572,0.6931471805599453,6.515719591185634,3,Potential Customers
833,13466.0,184,1,307.90000000000003,5.220355825078324,0.6931471805599453,5.733017599924536,3,Potential Customers
834,13467.0,11,2,1083.71,2.4849066497880004,1.0986122886681098,6.989067949142608,0,Champions
835,13468.0,2,37,5704.97,1.0986122886681098,3.6375861597263857,8.64926827413607,1,Champions
836,13470.0,99,2,165.0,4.605170185988092,1.0986122886681098,5.111987788356544,3,Potential Customers
837,13471.0,1,4,2531.58,0.6931471805599453,1.6094379124341005,7.836993824962504,1,Champions
838,13473.0,61,2,422.64,4.127134385045092,1.0986122886681098,6.048884037975468,3,Potential Customers
839,13474.0,236,1,229.59,5.468060141135132,0.6931471805599453,5.440641241760233,3,At Risk
840,13475.0,191,4,1431.78,5.2574953720277815,1.6094379124341005,7.267371891966778,2,Potential Customers
841,13476.0,179,2,1238.47,5.19295685089021,1.0986122886681098,7.122439147874555,2,Potential Customers
842,13477.0,38,6,1454.58,3.6635616461296463,1.9459101490553128,7.283159725605137,2,Champions
843,13479.0,201,2,300.95,5.308267697401205,1.0986122886681098,5.71026144075391,3,At Risk
844,13481.0,46,5,1804.56,3.8501476017100575,1.791759469228055,7.498626071957096,2,Champions
845,13482.0,232,1,184.64,5.4510384535657,0.6931471805599453,5.223809314372975,3,At Risk
846,13483.0,66,1,140.34,4.204692619390966,0.6931471805599453,4.951168335262708,3,Potential Customers
847,13484.0,241,1,313.8,5.488937726156687,0.6931471805599453,5.751937516543248,3,At Risk
848,13485.0,233,1,454.24,5.455321115357702,0.6931471805599453,6.120824752413689,3,At Risk
849,13486.0,78,3,1122.41,4.3694478524670215,1.3862943611198906,7.024123981607583,2,Potential Customers
850,13487.0,58,3,575.4,4.07753744390572,1.3862943611198906,6.356801864125367,2,Potential Customers
851,13488.0,17,13,8968.31,2.8903717578961645,2.6390573296152584,9.101564029017188,1,Champions
852,13489.0,105,4,449.52,4.663439094112067,1.6094379124341005,6.110402471179496,2,Potential Customers
853,13491.0,52,10,1215.82,3.970291913552122,2.3978952727983707,7.103996177364903,2,Potential Customers
854,13492.0,136,3,1269.84,4.919980925828125,1.3862943611198906,7.147433378135437,2,Potential Customers
855,13493.0,275,2,618.63,5.62040086571715,1.0986122886681098,6.429122525704993,3,At Risk
856,13494.0,312,1,316.26000000000005,5.746203190540153,0.6931471805599453,5.759721626980309,3,At Risk
857,13495.0,8,5,2044.87,2.19722457733622,1.791759469228055,7.623578405880983,1,Champions
858,13496.0,11,2,653.33,2.4849066497880004,1.0986122886681098,6.483611811351871,0,Champions
859,13497.0,283,2,348.05,5.648974238161206,1.0986122886681098,5.855215178416411,3,At Risk
860,13499.0,18,5,1159.11,2.9444389791664403,1.791759469228055,7.056270107190766,2,Champions
861,13500.0,23,3,1166.77,3.1780538303479458,1.3862943611198906,7.062851226189096,2,Champions
862,13501.0,288,1,1340.32,5.666426688112432,0.6931471805599453,7.201409482704207,3,At Risk
863,13502.0,17,3,292.0,2.8903717578961645,1.3862943611198906,5.680172609017068,0,Potential Customers
864,13503.0,71,1,216.85,4.276666119016055,0.6931471805599453,5.383806752563451,3,Potential Customers
865,13504.0,64,1,295.93,4.174387269895637,0.6931471805599453,5.693496420787701,3,Potential Customers
866,13505.0,73,4,4393.63,4.30406509320417,1.6094379124341005,8.388138619999735,2,Potential Customers
867,13506.0,316,2,458.52,5.75890177387728,1.0986122886681098,6.130182466419805,3,At Risk
868,13507.0,3,4,2479.16,1.3862943611198906,1.6094379124341005,7.816078353206984,1,Champions
869,13508.0,244,1,110.97,5.501258210544727,0.6931471805599453,4.718230978272105,3,At Risk
870,13509.0,9,7,979.72,2.302585092994046,2.079441541679836,6.888286995786739,1,Champions
871,13510.0,1,4,1791.56,0.6931471805599453,1.6094379124341005,7.491400044716921,1,Champions
872,13512.0,261,1,251.21,5.568344503761097,0.6931471805599453,5.530262073815315,3,At Risk
873,13513.0,127,1,205.1,4.852030263919617,0.6931471805599453,5.328361487896413,3,Potential Customers
874,13514.0,74,1,152.20000000000002,4.31748811353631,0.6931471805599453,5.031744257306491,3,Potential Customers
875,13515.0,73,4,891.12,4.30406509320417,1.6094379124341005,6.793600652679757,2,Potential Customers
876,13516.0,21,3,1389.41,3.091042453358316,1.3862943611198906,7.2373539466601775,2,Champions
877,13517.0,60,3,2128.42,4.110873864173311,1.3862943611198906,7.663604921153483,2,Potential Customers
878,13518.0,86,1,659.44,4.465908118654584,0.6931471805599453,6.492906279563631,3,Potential Customers
879,13519.0,78,1,122.75,4.3694478524670215,0.6931471805599453,4.8182634014488,3,Potential Customers
880,13520.0,59,6,3624.35,4.0943445622221,1.9459101490553128,8.195706114352095,2,Potential Customers
881,13521.0,1,3,1093.65,0.6931471805599453,1.3862943611198906,6.998189956453345,0,Champions
882,13522.0,30,1,125.8,3.4339872044851463,0.6931471805599453,4.842611042003125,0,Potential Customers
883,13523.0,33,5,3964.88,3.5263605246161616,1.791759469228055,8.285483051435902,2,Champions
884,13524.0,41,5,680.1800000000001,3.737669618283368,1.791759469228055,6.523826588404497,2,Champions
885,13525.0,15,2,628.78,2.772588722239781,1.0986122886681098,6.445370552049637,0,Champions
886,13527.0,34,7,2287.51,3.555348061489413,2.079441541679836,7.735656229758609,2,Champions
887,13529.0,79,2,307.76,4.382026634673881,1.0986122886681098,5.732564276081653,3,Potential Customers
888,13531.0,205,2,483.8,5.327876168789581,1.0986122886681098,6.1837364347551045,3,At Risk
889,13532.0,34,1,210.31,3.555348061489413,0.6931471805599453,5.353326249578836,0,Potential Customers
890,13533.0,183,3,270.79,5.214935757608986,1.3862943611198906,5.605029709281564,3,Potential Customers
891,13534.0,2,25,5870.08,1.0986122886681098,3.258096538021482,8.677793882270105,1,Champions
892,13536.0,1,7,3448.29,0.6931471805599453,2.079441541679836,8.145923691744827,1,Champions
893,13538.0,43,7,1280.85,3.784189633918261,2.079441541679836,7.156059625954846,2,Champions
894,13539.0,86,3,631.34,4.465908118654584,1.3862943611198906,6.449427224173901,2,Potential Customers
895,13544.0,40,2,291.41,3.713572066704308,1.0986122886681098,5.678156927017229,0,Potential Customers
896,13546.0,12,3,626.99,2.5649493574615367,1.3862943611198906,6.442524242774538,0,Champions
897,13548.0,96,2,682.41,4.574710978503383,1.0986122886681098,6.527094972292893,3,Potential Customers
898,13549.0,26,7,918.2,3.295836866004329,2.079441541679836,6.823503726534546,2,Champions
899,13551.0,319,1,91.8,5.768320995793772,0.6931471805599453,4.530446639792155,3,At Risk
900,13552.0,66,12,3740.07,4.204692619390966,2.5649493574615367,8.227126945747532,1,Loyal Customers
901,13555.0,74,4,4149.28,4.31748811353631,1.6094379124341005,8.330931080828272,2,Potential Customers
902,13557.0,28,2,584.0600000000001,3.367295829986474,1.0986122886681098,6.371714406075083,0,Champions
903,13558.0,6,4,605.06,1.9459101490553128,1.6094379124341005,6.406978991069148,0,Champions
904,13560.0,7,1,174.37,2.079441541679836,0.6931471805599453,5.166898027681201,0,Potential Customers
905,13561.0,216,1,141.86,5.37989735354046,0.6931471805599453,4.961865129726826,3,At Risk
906,13562.0,82,3,1799.3300000000002,4.418840607796598,1.3862943611198906,7.495725260414088,2,Potential Customers
907,13563.0,84,2,777.53,4.442651256490317,1.0986122886681098,6.657407526177046,2,Potential Customers
908,13564.0,144,3,1749.02,4.976733742420574,1.3862943611198906,7.467382495423682,2,Potential Customers
909,13565.0,19,2,240.22,2.995732273553991,1.0986122886681098,5.485709380155097,0,Potential Customers
910,13566.0,41,2,874.71,3.737669618283368,1.0986122886681098,6.775034985898857,2,Champions
911,13568.0,173,1,192.85,5.159055299214529,0.6931471805599453,5.267084664116938,3,Potential Customers
912,13569.0,17,2,373.75,2.8903717578961645,1.0986122886681098,5.926259136982707,0,Potential Customers
913,13570.0,243,1,239.49,5.497168225293202,0.6931471805599453,5.482678508639762,3,At Risk
914,13571.0,13,12,2092.32,2.6390573296152584,2.5649493574615367,7.646506601347098,1,Champions
915,13572.0,206,1,1384.25,5.332718793265369,0.6931471805599453,7.233635907747459,3,At Risk
916,13573.0,50,2,294.40000000000003,3.9318256327243257,1.0986122886681098,5.68833037009728,3,Potential Customers
917,13575.0,23,5,732.07,3.1780538303479458,1.791759469228055,6.597241195280628,2,Champions
918,13576.0,10,18,6717.34,2.3978952727983707,2.9444389791664403,8.812596379192264,1,Champions
919,13577.0,25,4,1687.6,3.258096538021482,1.6094379124341005,7.4316550622354,2,Champions
920,13579.0,15,2,467.04,2.772588722239781,1.0986122886681098,6.148553762350757,0,Potential Customers
921,13581.0,309,1,118.0,5.736572297479192,0.6931471805599453,4.77912349311153,3,At Risk
922,13583.0,156,1,781.03,5.056245805348308,0.6931471805599453,6.661893102980819,3,Potential Customers
923,13584.0,307,1,142.4,5.730099782973574,0.6931471805599453,4.96563792816552,3,At Risk
924,13587.0,64,1,712.4,4.174387269895637,0.6931471805599453,6.570042272924791,3,Potential Customers
925,13588.0,16,9,2478.95,2.833213344056216,2.302585092994046,7.815993677665464,1,Champions
926,13589.0,15,2,379.65,2.772588722239781,1.0986122886681098,5.941880317752221,0,Potential Customers
927,13590.0,11,6,1981.92,2.4849066497880004,1.9459101490553128,7.592325784791223,1,Champions
928,13591.0,65,3,1117.13,4.189654742026425,1.3862943611198906,7.019412926024925,2,Potential Customers
929,13592.0,36,4,247.96,3.610917912644224,1.6094379124341005,5.5172922409900265,0,Potential Customers
930,13593.0,108,5,2037.08,4.691347882229144,1.791759469228055,7.6197634671830015,2,Potential Customers
931,13594.0,53,1,396.97,3.9889840465642745,0.6931471805599453,5.986376625559036,3,Potential Customers
932,13596.0,6,2,697.04,1.9459101490553128,1.0986122886681098,6.54827640771067,0,Champions
933,13598.0,47,1,180.17,3.871201010907891,0.6931471805599453,5.199435816987919,3,Potential Customers
934,13599.0,1,21,5153.67,0.6931471805599453,3.091042453358316,8.547658378883066,1,Champions
935,13600.0,312,1,219.52,5.746203190540153,0.6931471805599453,5.395988393721483,3,At Risk
936,13601.0,45,2,693.32,3.828641396489095,1.0986122886681098,6.54293294933599,2,Champions
937,13602.0,65,1,428.89,4.189654742026425,0.6931471805599453,6.063529362008149,3,Potential Customers
938,13603.0,26,1,164.34,3.295836866004329,0.6931471805599453,5.108003959824529,0,Potential Customers
939,13606.0,29,3,280.54,3.4011973816621555,1.3862943611198906,5.640274533399819,0,Potential Customers
940,13607.0,40,1,678.01,3.713572066704308,0.6931471805599453,6.520635854990748,0,Champions
941,13610.0,12,7,1131.88,2.5649493574615367,2.079441541679836,7.032518341914804,1,Champions
942,13611.0,89,3,1171.8,4.499809670330265,1.3862943611198906,7.067149331132387,2,Potential Customers
943,13614.0,24,4,1610.46,3.218875824868201,1.6094379124341005,7.384895879352644,2,Champions
944,13615.0,319,1,417.69,5.768320995793772,0.6931471805599453,6.037130789291114,3,At Risk
945,13617.0,40,3,544.18,3.713572066704308,1.3862943611198906,6.301116015363744,2,Champions
946,13618.0,174,1,177.34,5.1647859739235145,0.6931471805599453,5.183691840706733,3,Potential Customers
947,13621.0,117,1,213.85,4.770684624465665,0.6931471805599453,5.3699401102210045,3,Potential Customers
948,13623.0,31,5,747.78,3.4657359027997265,1.791759469228055,6.618445215404971,2,Champions
949,13626.0,253,1,257.23,5.537334267018537,0.6931471805599453,5.5538506606638975,3,At Risk
950,13627.0,59,5,1638.47,4.0943445622221,1.791759469228055,7.402128297855622,2,Potential Customers
951,13629.0,23,11,7792.36,3.1780538303479458,2.4849066497880004,8.961027368080067,1,Champions
952,13630.0,5,7,2031.78,1.791759469228055,2.079441541679836,7.617159593311352,1,Champions
953,13631.0,100,11,3070.42,4.61512051684126,2.4849066497880004,8.029895274358873,2,Loyal Customers
954,13632.0,25,5,2121.27,3.258096538021482,1.791759469228055,7.660241549534091,2,Champions
955,13634.0,33,5,1575.16,3.5263605246161616,1.791759469228055,7.362746788107369,2,Champions
956,13635.0,68,1,1071.03,4.23410650459726,0.6931471805599453,6.977309326313799,3,Potential Customers
957,13636.0,37,5,949.12,3.6375861597263857,1.791759469228055,6.856588292406893,2,Champions
958,13637.0,52,3,810.5,3.970291913552122,1.3862943611198906,6.698884386954646,2,Potential Customers
959,13638.0,16,1,122.64,2.833213344056216,0.6931471805599453,4.817374117263916,0,Potential Customers
960,13639.0,74,1,1033.34,4.31748811353631,0.6931471805599453,6.941518821134943,3,Potential Customers
961,13642.0,216,1,354.8,5.37989735354046,0.6931471805599453,5.874368775231734,3,At Risk
962,13643.0,31,3,519.44,3.4657359027997265,1.3862943611198906,6.254674607635275,0,Champions
963,13644.0,16,4,2624.26,2.833213344056216,1.6094379124341005,7.87293521773988,2,Champions
964,13645.0,120,1,252.1,4.795790545596741,0.6931471805599453,5.533784667551078,3,Potential Customers
965,13647.0,10,4,1678.12,2.3978952727983707,1.6094379124341005,7.426025125637361,2,Champions
966,13649.0,257,2,346.6,5.552959584921617,1.0986122886681098,5.851052393391237,3,At Risk
967,13650.0,17,6,1836.34,2.8903717578961645,1.9459101490553128,7.516074152465826,2,Champions
968,13651.0,35,2,94.2,3.58351893845611,1.0986122886681098,4.55597994179732,0,Potential Customers
969,13652.0,46,3,1095.08,3.8501476017100575,1.3862943611198906,6.999495457544853,2,Champions
970,13654.0,43,6,2707.33,3.784189633918261,1.9459101490553128,7.90408748775984,2,Champions
971,13655.0,114,2,932.97,4.74493212836325,1.0986122886681098,6.83944431779864,2,Potential Customers
972,13656.0,165,2,379.65,5.111987788356544,1.0986122886681098,5.941880317752221,3,Potential Customers
973,13657.0,11,2,382.14,2.4849066497880004,1.0986122886681098,5.948400457636955,0,Potential Customers
974,13658.0,10,5,2639.17,2.3978952727983707,1.791759469228055,7.878598588006555,1,Champions
975,13659.0,206,2,1573.2,5.332718793265369,1.0986122886681098,7.36150248570835,2,At Risk
976,13662.0,86,3,897.76,4.465908118654584,1.3862943611198906,6.80101603553803,2,Potential Customers
977,13663.0,179,1,189.47,5.19295685089021,0.6931471805599453,5.249494701850468,3,Potential Customers
978,13666.0,60,3,84.65,4.110873864173311,1.3862943611198906,4.450269224770129,3,Potential Customers
979,13667.0,149,1,305.02,5.010635294096256,0.6931471805599453,5.723650459293667,3,Potential Customers
980,13668.0,3,21,6363.59,1.3862943611198906,3.091042453358316,8.758505094148523,1,Champions
981,13669.0,51,2,218.55,3.951243718581428,1.0986122886681098,5.391579997007726,3,Potential Customers
982,13670.0,75,1,349.7,4.330733340286331,0.6931471805599453,5.859931157146132,3,Potential Customers
983,13672.0,301,2,186.39,5.71042701737487,1.0986122886681098,5.233192006587575,3,At Risk
984,13673.0,19,2,396.92,2.995732273553991,1.0986122886681098,5.986250980055095,0,Potential Customers
985,13675.0,151,2,486.8200000000001,5.0238805208462765,1.0986122886681098,6.189946485351331,3,Potential Customers
986,13678.0,152,1,232.6,5.030437921392435,0.6931471805599453,5.453610250954072,3,Potential Customers
987,13680.0,1,4,3722.42,0.6931471805599453,1.6094379124341005,8.22239787975808,1,Champions
988,13681.0,18,4,827.83,2.9444389791664403,1.6094379124341005,6.720015067761323,2,Champions
989,13682.0,187,1,59.5,5.236441962829949,0.6931471805599453,4.102643365036796,3,Potential Customers
990,13684.0,286,1,67.23,5.659482215759621,0.6931471805599453,4.222884350827332,3,At Risk
991,13685.0,3,7,3119.44,1.3862943611198906,2.079441541679836,8.045729296501372,1,Champions
992,13686.0,183,1,72.0,5.214935757608986,0.6931471805599453,4.290459441148391,3,Potential Customers
993,13689.0,63,1,910.0,4.158883083359672,0.6931471805599453,6.814542897259958,3,Potential Customers
994,13690.0,59,1,172.25,4.0943445622221,0.6931471805599453,5.1547356380700124,3,Potential Customers
995,13692.0,25,3,1488.32,3.258096538021482,1.3862943611198906,7.30607491892943,2,Champions
996,13694.0,4,50,65039.62,1.6094379124341005,3.9318256327243257,11.082767276771584,1,Champions
997,13695.0,31,15,2504.13,3.4657359027997265,2.772588722239781,7.826095908379989,1,Champions
998,13697.0,39,1,151.3,3.688879454113936,0.6931471805599453,5.025852259901116,3,Potential Customers
999,13699.0,155,1,308.58000000000004,5.049856007249537,0.6931471805599453,5.735216540145732,3,Potential Customers
1000,13700.0,26,10,2265.12,3.295836866004329,2.3978952727983707,7.725824396937778,1,Champions
1001,13703.0,318,1,99.5,5.765191102784844,0.6931471805599453,4.61015772749913,3,At Risk
1002,13704.0,5,9,2308.06,1.791759469228055,2.302585092994046,7.744595794291895,1,Champions
1003,13705.0,8,3,711.86,2.19722457733622,1.3862943611198906,6.569285047698251,0,Champions
1004,13706.0,303,1,330.79,5.717027701406222,0.6931471805599453,5.8045022386644325,3,At Risk
1005,13707.0,267,2,806.41,5.5909869805108565,1.0986122886681098,6.693831593776871,3,At Risk
1006,13708.0,271,1,296.88,5.605802066295998,0.6931471805599453,5.696690720842445,3,At Risk
1007,13709.0,4,13,6328.05,1.6094379124341005,2.6390573296152584,8.752905424886302,1,Champions
1008,13710.0,32,1,180.48,3.49650756146648,0.6931471805599453,5.201145454795763,0,Potential Customers
1009,13711.0,219,2,252.06,5.393627546352362,1.0986122886681098,5.5336266147611175,3,At Risk
1010,13712.0,247,1,228.84,5.513428746164983,0.6931471805599453,5.437383414671034,3,At Risk
1011,13715.0,281,5,1079.34,5.641907070938114,1.791759469228055,6.985031085389294,2,At Risk
1012,13716.0,269,1,138.28,5.598421958998375,0.6931471805599453,4.936486295459933,3,At Risk
1013,13717.0,32,6,1445.01,3.49650756146648,1.9459101490553128,7.276563318324119,2,Champions
1014,13718.0,246,2,306.55,5.5093883366279774,1.0986122886681098,5.728637675654378,3,At Risk
1015,13719.0,15,5,1041.68,2.772588722239781,1.791759469228055,6.949549600639115,2,Champions
1016,13720.0,117,4,799.9,4.770684624465665,1.6094379124341005,6.685736095329637,2,Potential Customers
1017,13721.0,36,1,524.14,3.610917912644224,0.6931471805599453,6.263664893709055,0,Champions
1018,13722.0,132,3,2375.41,4.890349128221754,1.3862943611198906,7.773346224518516,2,Potential Customers
1019,13723.0,217,1,199.85,5.384495062789089,0.6931471805599453,5.302558360805292,3,At Risk
1020,13725.0,50,8,1980.56,3.9318256327243257,2.19722457733622,7.5916396922628975,2,Potential Customers
1021,13726.0,39,2,1079.66,3.688879454113936,1.0986122886681098,6.985327244577022,2,Champions
1022,13727.0,29,2,333.48,3.4011973816621555,1.0986122886681098,5.81257708704831,0,Potential Customers
1023,13728.0,37,6,1016.14,3.6375861597263857,1.9459101490553128,6.924750046357999,2,Champions
1024,13730.0,136,2,752.6,4.919980925828125,1.0986122886681098,6.624861723262153,3,Potential Customers
1025,13731.0,219,2,610.59,5.393627546352362,1.0986122886681098,6.416062123365316,3,At Risk
1026,13732.0,28,1,491.86,3.367295829986474,0.6931471805599453,6.200225158054739,0,Potential Customers
1027,13735.0,25,4,2885.24,3.258096538021482,1.6094379124341005,7.967709895959368,2,Champions
1028,13736.0,5,2,731.9,1.791759469228055,1.0986122886681098,6.597009266931805,0,Champions
1029,13737.0,200,1,339.6,5.303304908059076,0.6931471805599453,5.830708768228588,3,Potential Customers
1030,13739.0,18,1,216.9,2.9444389791664403,0.6931471805599453,5.384036241950574,0,Potential Customers
1031,13740.0,241,1,350.75,5.488937726156687,0.6931471805599453,5.862920695994498,3,At Risk
1032,13741.0,72,3,668.4300000000001,4.290459441148391,1.3862943611198906,6.50642660402637,2,Potential Customers
1033,13742.0,17,12,3131.02,2.8903717578961645,2.5649493574615367,8.049433442786347,1,Champions
1034,13743.0,3,7,1341.6,1.3862943611198906,2.079441541679836,7.202363311504652,1,Champions
1035,13744.0,95,2,1156.36,4.564348191467836,1.0986122886681098,7.053896828321335,2,Potential Customers
1036,13745.0,162,1,300.04,5.093750200806762,0.6931471805599453,5.707243146285182,3,Potential Customers
1037,13747.0,374,1,79.6,5.926926025970411,0.6931471805599453,4.389498649512583,3,At Risk
1038,13748.0,96,5,948.25,4.574710978503383,1.791759469228055,6.855672199111912,2,Potential Customers
1039,13750.0,54,5,1647.26,4.007333185232471,1.791759469228055,7.407475465015805,2,Potential Customers
1040,13751.0,288,1,296.25,5.666426688112432,0.6931471805599453,5.694573535570891,3,At Risk
1041,13752.0,124,6,1186.28,4.8283137373023015,1.9459101490553128,7.0794202555875625,2,Potential Customers
1042,13753.0,288,1,741.26,5.666426688112432,0.6931471805599453,6.609699586102796,3,At Risk
1043,13754.0,152,2,282.6,5.030437921392435,1.0986122886681098,5.647564794657972,3,Potential Customers
1044,13755.0,4,9,2161.35,1.6094379124341005,2.302585092994046,7.67895087223838,1,Champions
1045,13756.0,2,14,5189.52,1.0986122886681098,2.70805020110221,8.55458916381921,1,Champions
1046,13758.0,12,7,3190.55,2.5649493574615367,2.079441541679836,8.068261971187837,1,Champions
1047,13759.0,33,2,659.4100000000001,3.5263605246161616,1.0986122886681098,6.492860854269306,0,Champions
1048,13760.0,54,2,286.79,4.007333185232471,1.0986122886681098,5.662231047497966,3,Potential Customers
1049,13761.0,50,2,1070.65,3.9318256327243257,1.0986122886681098,6.976954795783142,2,Potential Customers
1050,13762.0,219,1,306.72,5.393627546352362,0.6931471805599453,5.729190278590734,3,At Risk
1051,13763.0,63,1,1714.96,4.158883083359672,0.6931471805599453,7.447727969752915,2,Potential Customers
1052,13764.0,71,3,1521.76,4.276666119016055,1.3862943611198906,7.328279756761194,2,Potential Customers
1053,13767.0,2,37,17220.36,1.0986122886681098,3.6375861597263857,9.753905752795765,1,Champions
1054,13769.0,2,10,2796.51,1.0986122886681098,2.3978952727983707,7.936485014799888,1,Champions
1055,13771.0,64,4,2634.45,4.174387269895637,1.6094379124341005,7.876809224383177,2,Potential Customers
1056,13772.0,34,3,1132.13,3.555348061489413,1.3862943611198906,7.032738994075221,2,Champions
1057,13774.0,82,1,345.0,4.418840607796598,0.6931471805599453,5.846438775057725,3,Potential Customers
1058,13777.0,1,33,25977.16,0.6931471805599453,3.5263605246161616,10.165011464005929,1,Champions
1059,13778.0,103,1,178.7,4.6443908991413725,0.6931471805599453,5.191288793789513,3,Potential Customers
1060,13780.0,7,2,360.01,2.079441541679836,1.0986122886681098,5.888905658780245,0,Potential Customers
1061,13781.0,251,1,127.84,5.529429087511423,0.6931471805599453,4.858571324462998,3,At Risk
1062,13782.0,13,6,912.0,2.6390573296152584,1.9459101490553128,6.816735880594968,2,Champions
1063,13784.0,10,11,2462.79,2.3978952727983707,2.4849066497880004,7.809456093748633,1,Champions
1064,13786.0,367,1,230.4,5.908082938168931,0.6931471805599453,5.444147814759576,3,At Risk
1065,13787.0,76,2,309.04,4.343805421853684,1.0986122886681098,5.736701321413311,3,Potential Customers
1066,13790.0,4,1,348.79999999999995,1.6094379124341005,0.6931471805599453,5.857361562584502,0,Potential Customers
1067,13791.0,128,2,1516.0,4.859812404361672,1.0986122886681098,7.324489979348532,2,Potential Customers
1068,13792.0,66,2,195.55,4.204692619390966,1.0986122886681098,5.280916851867869,3,Potential Customers
1069,13798.0,1,57,37153.85,0.6931471805599453,4.060443010546419,10.522849593441716,1,Champions
1070,13799.0,117,2,688.86,4.770684624465665,1.0986122886681098,6.5364886784538845,3,Potential Customers
1071,13800.0,310,1,558.32,5.739792912179234,0.6931471805599453,6.32672176017265,3,At Risk
1072,13801.0,67,1,324.8,4.219507705176107,0.6931471805599453,5.786283696167945,3,Potential Customers
1073,13802.0,139,3,4599.42,4.941642422609304,1.3862943611198906,8.433902882657025,2,Potential Customers
1074,13803.0,255,1,277.07,5.545177444479562,0.6931471805599453,5.627872880555851,3,At Risk
1075,13804.0,31,7,2635.79,3.4657359027997265,2.079441541679836,7.877317547232232,2,Champions
1076,13805.0,52,2,924.6,3.970291913552122,1.0986122886681098,6.830442175879467,2,Potential Customers
1077,13806.0,64,1,256.38,4.174387269895637,0.6931471805599453,5.550553592065519,3,Potential Customers
1078,13807.0,367,1,112.6,5.908082938168931,0.6931471805599453,4.732683506287051,3,At Risk
1079,13808.0,6,5,1747.66,1.9459101490553128,1.791759469228055,7.466605059322925,1,Champions
1080,13809.0,305,1,155.05,5.723585101952381,0.6931471805599453,5.0501764687167885,3,At Risk
1081,13810.0,29,3,1499.01,3.4011973816621555,1.3862943611198906,7.313227053734746,2,Champions
1082,13811.0,184,3,814.5,5.220355825078324,1.3862943611198906,6.703801422061068,2,Potential Customers
1083,13812.0,42,3,539.0,3.7612001156935615,1.3862943611198906,6.29156913955832,2,Champions
1084,13813.0,40,4,1366.86,3.713572066704308,1.6094379124341005,7.221002753764198,2,Champions
1085,13814.0,92,2,1579.12,4.532599493153256,1.0986122886681098,7.365256072504094,2,Potential Customers
1086,13815.0,22,4,4027.36,3.1354942159291497,1.6094379124341005,8.301114624224146,2,Champions
1087,13816.0,24,2,571.6700000000001,3.218875824868201,1.0986122886681098,6.3503096345809205,0,Champions
1088,13817.0,29,2,382.98,3.4011973816621555,1.0986122886681098,5.950590467898009,0,Potential Customers
1089,13819.0,302,3,1140.35,5.713732805509369,1.3862943611198906,7.039967051290641,2,At Risk
1090,13821.0,145,2,385.64,4.983606621708336,1.0986122886681098,5.957494027536828,3,Potential Customers
1091,13822.0,6,2,632.0,1.9459101490553128,1.0986122886681098,6.450470422144176,0,Champions
1092,13823.0,19,2,957.66,2.995732273553991,1.0986122886681098,6.865536476045727,0,Champions
1093,13824.0,33,5,1698.94,3.5263605246161616,1.791759469228055,7.438348235303808,2,Champions
1094,13826.0,176,1,189.5,5.176149732573829,0.6931471805599453,5.249652194566756,3,Potential Customers
1095,13827.0,58,3,412.05,4.07753744390572,1.3862943611198906,6.023568651008515,2,Potential Customers
1096,13828.0,22,1,209.49,3.1354942159291497,0.6931471805599453,5.349438146055751,0,Potential Customers
1097,13831.0,16,6,2202.99,2.833213344056216,1.9459101490553128,7.69802463305743,1,Champions
1098,13832.0,19,1,52.2,2.995732273553991,0.6931471805599453,3.974058396347599,0,Potential Customers
1099,13833.0,159,1,384.8,5.075173815233827,0.6931471805599453,5.955319100471629,3,Potential Customers
1100,13835.0,25,4,834.57,3.258096538021482,1.6094379124341005,6.728114126692287,2,Champions
1101,13837.0,212,2,271.24,5.3612921657094255,1.0986122886681098,5.606684030192651,3,At Risk
1102,13838.0,6,4,691.73,1.9459101490553128,1.6094379124341005,6.540640312882445,0,Champions
1103,13841.0,253,1,85.0,5.537334267018537,0.6931471805599453,4.454347296253507,3,At Risk
1104,13842.0,59,9,3385.62,4.0943445622221,2.302585092994046,8.127587652841866,2,Potential Customers
1105,13844.0,11,1,361.62,2.4849066497880004,0.6931471805599453,5.893355453997663,0,Potential Customers
1106,13845.0,65,1,312.98,4.189654742026425,0.6931471805599453,5.749329289612172,3,Potential Customers
1107,13846.0,25,3,865.0600000000001,3.258096538021482,1.3862943611198906,6.763954190227071,2,Champions
1108,13848.0,92,3,1255.0,4.532599493153256,1.3862943611198906,7.135687347028144,2,Potential Customers
1109,13849.0,52,2,1537.95,3.970291913552122,1.0986122886681098,7.338855644682132,2,Potential Customers
1110,13850.0,129,1,1595.48,4.867534450455582,0.6931471805599453,7.375556484672672,2,Potential Customers
1111,13851.0,96,3,2651.46,4.574710978503383,1.3862943611198906,7.883242790261331,2,Potential Customers
1112,13853.0,57,1,1090.14,4.060443010546419,0.6931471805599453,6.994978300240205,2,Potential Customers
1113,13854.0,9,25,8109.519999999999,2.302585092994046,3.258096538021482,9.000917263426343,1,Champions
1114,13856.0,169,3,388.5,5.135798437050262,1.3862943611198906,5.964863865310803,3,Potential Customers
1115,13858.0,57,1,216.17,4.060443010546419,0.6931471805599453,5.38068045697316,3,Potential Customers
1116,13859.0,326,1,201.16,5.7899601708972535,0.6931471805599453,5.309059463079938,3,At Risk
1117,13860.0,1,5,1245.9,0.6931471805599453,1.791759469228055,7.1284157500025405,1,Champions
1118,13862.0,18,8,2209.36,2.9444389791664403,2.19722457733622,7.700910677173299,1,Champions
1119,13863.0,248,1,305.78,5.517452896464707,0.6931471805599453,5.726130878319963,3,At Risk
1120,13865.0,58,4,501.56,4.07753744390572,1.6094379124341005,6.219715035790337,2,Potential Customers
1121,13866.0,74,1,145.67,4.31748811353631,0.6931471805599453,4.988185165258664,3,Potential Customers
1122,13867.0,31,3,1015.29,3.4657359027997265,1.3862943611198906,6.923914020481024,2,Champions
1123,13868.0,7,2,3192.54,2.079441541679836,1.0986122886681098,8.068885298365506,0,Champions
1124,13869.0,123,4,3104.9500000000003,4.820281565605037,1.6094379124341005,8.04107490570398,2,Potential Customers
1125,13870.0,2,8,2770.94,1.0986122886681098,2.19722457733622,7.927302715053892,1,Champions
1126,13871.0,23,13,6403.25,3.1780538303479458,2.6390573296152584,8.764717111455825,1,Champions
1127,13873.0,120,3,389.6,4.795790545596741,1.3862943611198906,5.967684018442578,3,Potential Customers
1128,13874.0,358,1,540.45,5.883322388488279,0.6931471805599453,6.294250726074389,3,At Risk
1129,13875.0,54,5,1786.79,4.007333185232471,1.791759469228055,7.488735499171278,2,Potential Customers
1130,13876.0,64,1,122.7,4.174387269895637,0.6931471805599453,4.8178592793984425,3,Potential Customers
1131,13877.0,86,1,117.24,4.465908118654584,0.6931471805599453,4.772716457199891,3,Potential Customers
1132,13878.0,55,1,1281.53,4.02535169073515,0.6931471805599453,7.156589968584206,2,Potential Customers
1133,13880.0,21,13,3219.77,3.091042453358316,2.6390573296152584,8.077375740386112,1,Champions
1134,13881.0,4,20,17159.52,1.6094379124341005,3.044522437723423,9.75036667561313,1,Champions
1135,13882.0,3,5,1191.13,1.3862943611198906,1.791759469228055,7.083496902081326,1,Champions
1136,13883.0,11,5,2674.48,2.4849066497880004,1.791759469228055,7.891884082485146,1,Champions
1137,13884.0,7,5,787.6,2.079441541679836,1.791759469228055,6.670259221443527,0,Champions
1138,13885.0,189,2,506.8,5.247024072160486,1.0986122886681098,6.230087669270578,3,Potential Customers
1139,13886.0,71,1,243.56,4.276666119016055,0.6931471805599453,5.499460677582579,3,Potential Customers
1140,13887.0,204,1,349.55,5.3230099791384085,0.6931471805599453,5.859503349652977,3,At Risk
1141,13888.0,120,2,605.63,4.795790545596741,1.0986122886681098,6.407919050015748,3,Potential Customers
1142,13889.0,93,1,416.9,4.543294782270004,0.6931471805599453,6.03524216945387,3,Potential Customers
1143,13890.0,1,10,1883.81,0.6931471805599453,2.3978952727983707,7.541582299045909,1,Champions
1144,13892.0,27,4,632.97,3.332204510175204,1.6094379124341005,6.452001634705677,2,Champions
1145,13893.0,298,1,821.1,5.700443573390687,0.6931471805599453,6.711862042158088,3,At Risk
1146,13894.0,24,3,564.62,3.218875824868201,1.3862943611198906,6.337922474636114,0,Champions
1147,13895.0,28,4,2593.07,3.367295829986474,1.6094379124341005,7.860983349863101,2,Champions
1148,13897.0,50,1,311.16,3.9318256327243257,0.6931471805599453,5.743515876874802,3,Potential Customers
1149,13898.0,326,1,155.93,5.7899601708972535,0.6931471805599453,5.055799846050629,3,At Risk
1150,13899.0,16,2,388.52,2.833213344056216,1.0986122886681098,5.9649152118744455,0,Potential Customers
1151,13900.0,183,3,740.95,5.214935757608986,1.3862943611198906,6.609281855452135,2,Potential Customers
1152,13901.0,72,5,2867.2000000000003,4.290459441148391,1.791759469228055,7.961439934295112,2,Potential Customers
1153,13904.0,37,2,332.64,3.6375861597263857,1.0986122886681098,5.810062567373411,0,Potential Customers
1154,13908.0,80,4,2369.55,4.394449154672439,1.6094379124341005,7.770877274716226,2,Potential Customers
1155,13911.0,57,9,2580.91,4.060443010546419,2.302585092994046,7.856284714098846,2,Potential Customers
1156,13914.0,12,2,626.45,2.5649493574615367,1.0986122886681098,6.441663986556317,0,Champions
1157,13917.0,50,2,272.04,3.9318256327243257,1.0986122886681098,5.609618304598452,3,Potential Customers
1158,13918.0,50,2,1212.84,3.9318256327243257,1.0986122886681098,7.101544167216986,2,Potential Customers
1159,13919.0,59,2,384.81,4.0943445622221,1.0986122886681098,5.955345020301596,3,Potential Customers
1160,13922.0,352,1,172.25,5.8664680569332965,0.6931471805599453,5.1547356380700124,3,At Risk
1161,13923.0,54,1,351.13,4.007333185232471,0.6931471805599453,5.864000425598742,3,Potential Customers
1162,13924.0,2,6,1838.85,1.0986122886681098,1.9459101490553128,7.517439325540823,1,Champions
1163,13925.0,93,4,678.25,4.543294782270004,1.6094379124341005,6.520989248306457,2,Potential Customers
1164,13926.0,23,1,223.85,3.1780538303479458,0.6931471805599453,5.415433513216716,0,Potential Customers
1165,13927.0,75,1,348.99,4.330733340286331,0.6931471805599453,5.857904582646717,3,Potential Customers
1166,13928.0,11,4,464.57,2.4849066497880004,1.6094379124341005,6.143262461351643,0,Potential Customers
1167,13929.0,169,2,842.65,5.135798437050262,1.0986122886681098,6.737737716644347,3,Potential Customers
1168,13930.0,58,2,337.34,4.07753744390572,1.0986122886681098,5.824051307047146,3,Potential Customers
1169,13931.0,96,2,1237.53,4.574710978503383,1.0986122886681098,7.121680471486267,2,Potential Customers
1170,13932.0,295,1,307.4,5.69035945432406,0.6931471805599453,5.731397641689174,3,At Risk
1171,13933.0,109,2,608.79,4.700480365792417,1.0986122886681098,6.413114635600407,3,Potential Customers
1172,13934.0,264,1,922.1,5.579729825986222,0.6931471805599453,6.8277375709961055,3,At Risk
1173,13936.0,180,1,376.58,5.198497031265826,0.6931471805599453,5.933782466766897,3,Potential Customers
1174,13937.0,169,1,158.85,5.135798437050262,0.6931471805599453,5.074235875505851,3,Potential Customers
1175,13938.0,35,1,71.66,3.58351893845611,0.6931471805599453,4.285791026793056,3,Potential Customers
1176,13939.0,23,3,568.55,3.1780538303479458,1.3862943611198906,6.344846575345921,0,Champions
1177,13940.0,17,4,839.14,2.8903717578961645,1.6094379124341005,6.73356854461668,0,Champions
1178,13941.0,22,5,5112.96,3.1354942159291497,1.791759469228055,8.539729334154528,1,Champions
1179,13946.0,79,3,561.57,4.382026634673881,1.3862943611198906,6.332515570780452,2,Potential Customers
1180,13947.0,65,1,90.6,4.189654742026425,0.6931471805599453,4.517431271680085,3,Potential Customers
1181,13948.0,361,1,102.0,5.891644211825772,0.6931471805599453,4.634728988229636,3,At Risk
1182,13949.0,3,6,2427.32,1.3862943611198906,1.9459101490553128,7.794954939211736,1,Champions
1183,13950.0,11,4,745.0600000000001,2.4849066497880004,1.6094379124341005,6.61480602592395,0,Champions
1184,13951.0,176,3,674.45,5.176149732573829,1.3862943611198906,6.5153791354156905,2,Potential Customers
1185,13952.0,218,2,3251.071,5.389071729816501,1.0986122886681098,8.087047303147697,2,At Risk
1186,13953.0,7,7,3515.68,2.079441541679836,2.079441541679836,8.16527264169811,1,Champions
1187,13954.0,2,2,439.92,1.0986122886681098,1.0986122886681098,6.088863453095115,0,Potential Customers
1188,13955.0,154,2,322.96,5.043425116919247,1.0986122886681098,5.780620051380789,3,Potential Customers
1189,13956.0,5,5,1026.42,1.791759469228055,1.791759469228055,6.934806084458451,0,Champions
1190,13959.0,79,3,598.2,4.382026634673881,1.3862943611198906,6.3955954322030095,2,Potential Customers
1191,13960.0,21,2,230.22,3.091042453358316,1.0986122886681098,5.443369638247176,0,Potential Customers
1192,13962.0,22,2,169.54999999999998,3.1354942159291497,1.0986122886681098,5.139028508864655,0,Potential Customers
1193,13963.0,308,4,664.54,5.733341276897746,1.6094379124341005,6.500598741212994,2,At Risk
1194,13967.0,146,1,80.7,4.990432586778736,0.6931471805599453,4.403054001865957,3,Potential Customers
1195,13969.0,7,18,9053.94,2.079441541679836,2.9444389791664403,9.111065744122175,1,Champions
1196,13971.0,19,8,2758.26,2.995732273553991,2.19722457733622,7.922717806819661,1,Champions
1197,13972.0,71,2,190.25,4.276666119016055,1.0986122886681098,5.253581472706645,3,Potential Customers
1198,13973.0,287,1,264.7,5.662960480135946,0.6931471805599453,5.582367852765768,3,At Risk
1199,13974.0,49,1,413.59,3.912023005428146,0.6931471805599453,6.027290080077415,3,Potential Customers
1200,13975.0,31,6,2526.28,3.4657359027997265,1.9459101490553128,7.834898904574059,2,Champions
1201,13976.0,207,1,357.98,5.337538079701318,0.6931471805599453,5.883266676629996,3,At Risk
1202,13978.0,15,2,196.79,2.772588722239781,1.0986122886681098,5.287205861793318,0,Potential Customers
1203,13979.0,73,1,869.87,4.30406509320417,0.6931471805599453,6.769492711981713,3,Potential Customers
1204,13980.0,60,1,200.14,4.110873864173311,0.6931471805599453,5.304001183016334,3,Potential Customers
1205,13982.0,39,4,1871.81,3.688879454113936,1.6094379124341005,7.535195255760907,2,Champions
1206,13983.0,30,12,2603.43,3.4339872044851463,2.5649493574615367,7.864969120264265,1,Champions
1207,13984.0,27,5,920.51,3.332204510175204,1.791759469228055,6.8260136289229445,2,Champions
1208,13985.0,4,15,7060.13,1.6094379124341005,2.772588722239781,8.862360374336811,1,Champions
1209,13986.0,17,1,320.46,2.8903717578961645,0.6931471805599453,5.7728731191409945,0,Potential Customers
1210,13988.0,20,6,4147.96,3.044522437723423,1.9459101490553128,8.330612979409075,1,Champions
1211,13989.0,66,2,1266.08,4.204692619390966,1.0986122886681098,7.144470319606423,2,Potential Customers
1212,13990.0,213,1,311.3,5.365976015021851,0.6931471805599453,5.7439642642890325,3,At Risk
1213,13991.0,12,6,855.97,2.5649493574615367,1.9459101490553128,6.753402912150755,2,Champions
1214,13992.0,30,1,76.8,3.4339872044851463,0.6931471805599453,4.354141431184346,3,Potential Customers
1215,13993.0,43,9,3466.36,3.784189633918261,2.302585092994046,8.151148776464021,1,Champions
1216,13994.0,4,6,2313.14,1.6094379124341005,1.9459101490553128,7.746793407219949,1,Champions
1217,13995.0,15,5,1393.69,2.772588722239781,1.791759469228055,7.240427447338227,2,Champions
1218,13999.0,10,12,3901.81,2.3978952727983707,2.5649493574615367,8.269452085493503,1,Champions
1219,14000.0,211,1,635.66,5.356586274672012,0.6931471805599453,6.456235761113554,3,At Risk
1220,14001.0,46,3,2043.08,3.8501476017100575,1.3862943611198906,7.622703089500935,2,Champions
1221,14002.0,134,2,529.73,4.90527477843843,1.0986122886681098,6.274253417348632,3,Potential Customers
1222,14004.0,43,7,4582.64,3.784189633918261,2.079441541679836,8.430248721279204,2,Champions
1223,14005.0,10,5,2874.72,2.3978952727983707,1.791759469228055,7.964058356660503,1,Champions
1224,14006.0,116,3,962.19,4.762173934797756,1.3862943611198906,6.870250692440862,2,Potential Customers
1225,14009.0,198,2,695.61,5.293304824724492,1.0986122886681098,6.546225713269575,3,Potential Customers
1226,14012.0,278,1,328.8,5.631211781821365,0.6931471805599453,5.7984864101254985,3,At Risk
1227,14013.0,110,3,473.02,4.709530201312334,1.3862943611198906,6.161249514897758,3,Potential Customers
1228,14014.0,77,1,505.18,4.356708826689592,0.6931471805599453,6.226892337255411,3,Potential Customers
1229,14015.0,53,1,917.34,3.9889840465642745,0.6931471805599453,6.8225676924206855,3,Potential Customers
1230,14016.0,162,4,4341.21,5.093750200806762,1.6094379124341005,8.376138714077541,2,Potential Customers
1231,14019.0,47,3,1421.61,3.871201010907891,1.3862943611198906,7.260248491657529,2,Champions
1232,14020.0,17,2,642.8,2.8903717578961645,1.0986122886681098,6.467388118864708,0,Champions
1233,14021.0,155,3,631.9,5.049856007249537,1.3862943611198906,6.45031243178126,2,Potential Customers
1234,14022.0,225,1,440.0,5.420534999272286,0.6931471805599453,6.089044875446846,3,At Risk
1235,14023.0,7,2,584.07,2.079441541679836,1.0986122886681098,6.371731498193053,0,Champions
1236,14024.0,122,2,327.7,4.812184355372417,1.0986122886681098,5.795145480670174,3,Potential Customers
1237,14027.0,61,1,104.82,4.127134385045092,0.6931471805599453,4.661739537475985,3,Potential Customers
1238,14029.0,63,2,467.66,4.158883083359672,1.0986122886681098,6.149877558850261,3,Potential Customers
1239,14030.0,18,8,2360.09,2.9444389791664403,2.19722457733622,7.766878655799901,1,Champions
1240,14031.0,7,19,17286.86,2.079441541679836,2.995732273553991,9.757759800051202,1,Champions
1241,14032.0,2,11,2975.59,1.0986122886681098,2.4849066497880004,7.998533628991687,1,Champions
1242,14034.0,22,3,651.8199999999999,3.1354942159291497,1.3862943611198906,6.481301440435488,0,Champions
1243,14035.0,29,5,1428.02,3.4011973816621555,1.791759469228055,7.264744173633186,2,Champions
1244,14036.0,285,1,626.65,5.655991810819852,0.6931471805599453,6.441982686264217,3,At Risk
1245,14037.0,176,2,147.20000000000002,5.176149732573829,1.0986122886681098,4.998562712861987,3,Potential Customers
1246,14038.0,78,3,1560.38,4.3694478524670215,1.3862943611198906,7.353325324586606,2,Potential Customers
1247,14039.0,33,1,152.2,3.5263605246161616,0.6931471805599453,5.0317442573064906,0,Potential Customers
1248,14040.0,41,12,3614.92,3.737669618283368,2.5649493574615367,8.193101597373525,1,Champions
1249,14041.0,266,1,141.41,5.58724865840025,0.6931471805599453,4.958710221231336,3,At Risk
1250,14044.0,27,4,652.82,3.332204510175204,1.6094379124341005,6.48283208421685,2,Champions
1251,14045.0,109,4,1659.75,4.700480365792417,1.6094379124341005,7.415024586545351,2,Potential Customers
1252,14046.0,284,1,154.99,5.652489180268651,0.6931471805599453,5.049791902630777,3,At Risk
1253,14047.0,9,5,1308.61,2.302585092994046,1.791759469228055,7.177484661947137,2,Champions
1254,14048.0,305,1,409.93,5.723585101952381,0.6931471805599453,6.018422883689063,3,At Risk
1255,14049.0,17,4,5681.72,2.8903717578961645,1.6094379124341005,8.645185270331435,2,Champions
1256,14050.0,32,2,746.36,3.49650756146648,1.0986122886681098,6.616546996753798,0,Champions
1257,14051.0,1,23,15610.39,0.6931471805599453,3.1780538303479458,9.655756055028828,1,Champions
1258,14052.0,20,1,225.36,3.044522437723423,0.6931471805599453,5.422126652274323,0,Potential Customers
1259,14053.0,124,2,260.25,4.8283137373023015,1.0986122886681098,5.565477803279021,3,Potential Customers
1260,14054.0,65,1,92.46,4.189654742026425,0.6931471805599453,4.53753353727228,3,Potential Customers
1261,14055.0,106,1,725.6400000000001,4.672828834461906,0.6931471805599453,6.588431169193958,3,Potential Customers
1262,14056.0,1,23,8214.65,0.6931471805599453,3.1780538303479458,9.013796150895738,1,Champions
1263,14057.0,24,17,6217.96,3.218875824868201,2.8903717578961645,8.735357969180969,1,Champions
1264,14059.0,267,1,183.6,5.5909869805108565,0.6931471805599453,5.218191322068752,3,At Risk
1265,14060.0,5,19,6140.42,1.791759469228055,2.995732273553991,8.722811264760628,1,Champions
1266,14062.0,10,12,10464.85,2.3978952727983707,2.5649493574615367,9.255872854706382,1,Champions
1267,14064.0,29,5,1353.74,3.4011973816621555,1.791759469228055,7.211364832983292,2,Champions
1268,14066.0,267,1,152.55,5.5909869805108565,0.6931471805599453,5.034026246886832,3,At Risk
1269,14067.0,64,2,374.7,4.174387269895637,1.0986122886681098,5.928790952579924,3,Potential Customers
1270,14068.0,320,1,265.85,5.771441123130016,0.6931471805599453,5.586686702779954,3,At Risk
1271,14071.0,4,8,1438.82,1.6094379124341005,2.19722457733622,7.272273384756895,1,Champions
1272,14073.0,32,1,151.04,3.49650756146648,0.6931471805599453,5.024143644121048,0,Potential Customers
1273,14075.0,5,3,942.26,1.791759469228055,1.3862943611198906,6.849341960431477,0,Champions
1274,14076.0,129,1,122.47,4.867534450455582,0.6931471805599453,4.815998211579652,3,Potential Customers
1275,14077.0,41,5,499.42,3.737669618283368,1.791759469228055,6.215447745819636,2,Potential Customers
1276,14078.0,102,6,1049.37,4.634728988229636,1.9459101490553128,6.956897762032364,2,Potential Customers
1277,14079.0,125,1,375.1,4.836281906951478,0.6931471805599453,5.929855065476291,3,Potential Customers
1278,14080.0,33,1,45.6,3.5263605246161616,0.6931471805599453,3.8416005411316,3,Potential Customers
1279,14081.0,302,2,934.52,5.713732805509369,1.0986122886681098,6.84110252442736,3,At Risk
1280,14082.0,365,1,182.25,5.902633333401366,0.6931471805599453,5.2108513407667605,3,At Risk
1281,14083.0,4,9,1018.43,1.6094379124341005,2.302585092994046,6.926998926548841,1,Champions
1282,14085.0,2,18,4448.54,1.0986122886681098,2.9444389791664403,8.40055599903064,1,Champions
1283,14087.0,3,1,194.42,1.3862943611198906,0.6931471805599453,5.275151088516197,0,Potential Customers
1284,14088.0,10,13,50491.81,2.3978952727983707,2.6390573296152584,10.829586228889369,1,Champions
1285,14089.0,57,1,161.0,4.060443010546419,0.6931471805599453,5.087596335232384,3,Potential Customers
1286,14090.0,325,1,76.32000000000001,5.786897381366708,0.6931471805599453,4.34795265434013,3,At Risk
1287,14092.0,8,14,4076.91,2.19722457733622,2.70805020110221,8.313339881248881,1,Champions
1288,14093.0,12,1,442.85,2.5649493574615367,0.6931471805599453,6.095486667514328,0,Potential Customers
1289,14096.0,4,17,65164.79,1.6094379124341005,2.8903717578961645,11.084689916963535,1,Champions
1290,14098.0,37,1,147.35,3.6375861597263857,0.6931471805599453,4.999574346736831,3,Potential Customers
1291,14099.0,16,11,3104.17,2.833213344056216,2.4849066497880004,8.040823743271407,1,Champions
1292,14100.0,138,1,194.9,4.934473933130692,0.6931471805599453,5.277604324950495,3,Potential Customers
1293,14101.0,74,6,5976.79,4.31748811353631,1.9459101490553128,8.695806213421232,2,Potential Customers
1294,14102.0,5,5,1360.28,1.791759469228055,1.791759469228055,7.216180712571818,1,Champions
1295,14104.0,155,2,216.21,5.049856007249537,1.0986122886681098,5.380864627515602,3,Potential Customers
1296,14105.0,239,1,1266.23,5.480638923341991,0.6931471805599453,7.144588695022355,3,At Risk
1297,14107.0,52,7,2703.23,3.970291913552122,2.079441541679836,7.902572492717126,2,Potential Customers
1298,14108.0,31,2,597.91,3.4657359027997265,1.0986122886681098,6.395111336409363,0,Champions
1299,14109.0,73,1,144.2,4.30406509320417,0.6931471805599453,4.978112102390695,3,Potential Customers
1300,14110.0,4,12,5683.15,1.6094379124341005,2.5649493574615367,8.645436878735076,1,Champions
1301,14111.0,14,4,692.85,2.70805020110221,1.6094379124341005,6.54225579881702,0,Champions
1302,14112.0,23,7,2915.15,3.1780538303479458,2.079441541679836,7.978019532134758,1,Champions
1303,14113.0,4,4,1840.42,1.6094379124341005,1.6094379124341005,7.518292292095946,1,Champions
1304,14114.0,274,2,386.53,5.616771097666572,1.0986122886681098,5.959793265151517,3,At Risk
1305,14116.0,20,5,1382.74,3.044522437723423,1.791759469228055,7.2325452572578,2,Champions
1306,14117.0,144,1,90.0,4.976733742420574,0.6931471805599453,4.51085950651685,3,Potential Customers
1307,14121.0,4,4,2780.15,1.6094379124341005,1.6094379124341005,7.930619790211972,1,Champions
1308,14124.0,84,1,419.58,4.442651256490317,0.6931471805599453,6.041634711020558,3,Potential Customers
1309,14125.0,11,3,2740.43,2.4849066497880004,1.3862943611198906,7.916234961051038,2,Champions
1310,14126.0,8,3,706.1300000000001,2.19722457733622,1.3862943611198906,6.56121452452395,0,Champions
1311,14127.0,123,3,709.71,4.820281565605037,1.3862943611198906,6.566264470368445,2,Potential Customers
1312,14128.0,61,2,637.5,4.127134385045092,1.0986122886681098,6.459121675472594,2,Potential Customers
1313,14129.0,2,5,1123.86,1.0986122886681098,1.791759469228055,7.025413862450224,1,Champions
1314,14130.0,319,1,483.86,5.768320995793772,0.6931471805599453,6.183860189473411,3,At Risk
1315,14132.0,2,11,3586.03,1.0986122886681098,2.4849066497880004,8.185079841032296,1,Champions
1316,14133.0,130,3,605.64,4.875197323201151,1.3862943611198906,6.4079355343926805,2,Potential Customers
1317,14135.0,2,15,4690.31,1.0986122886681098,2.772588722239781,8.453467140135627,1,Champions
1318,14138.0,2,2,982.38,1.0986122886681098,1.0986122886681098,6.890995617166797,0,Champions
1319,14139.0,46,1,415.82,3.8501476017100575,0.6931471805599453,6.032654473932845,3,Potential Customers
1320,14140.0,4,2,935.05,1.6094379124341005,1.0986122886681098,6.841668893854277,0,Champions
1321,14141.0,3,4,915.13,1.3862943611198906,1.6094379124341005,6.820158276001622,0,Champions
1322,14142.0,373,1,311.81,5.924255797414532,0.6931471805599453,5.745595977469612,3,At Risk
1323,14143.0,134,1,115.8,4.90527477843843,0.6931471805599453,4.760463070394127,3,Potential Customers
1324,14145.0,47,4,3742.2,3.871201010907891,1.6094379124341005,8.227696139552007,2,Champions
1325,14146.0,9,5,4191.0,2.302585092994046,1.791759469228055,8.340933226000878,1,Champions
1326,14147.0,78,2,483.4,4.3694478524670215,1.0986122886681098,6.182911011678937,3,Potential Customers
1327,14148.0,234,1,157.2,5.459585514144159,0.6931471805599453,5.063860055333554,3,At Risk
1328,14149.0,221,1,446.62,5.402677381872279,0.6931471805599453,6.103944658191983,3,At Risk
1329,14150.0,36,2,658.64,3.610917912644224,1.0986122886681098,6.49169423166057,0,Champions
1330,14152.0,75,2,621.29,4.330733340286331,1.0986122886681098,6.433406222026163,3,Potential Customers
1331,14154.0,239,2,1345.62,5.480638923341991,1.0986122886681098,7.205353028221294,2,At Risk
1332,14155.0,266,1,118.75,5.58724865840025,0.6931471805599453,4.785406236291025,3,At Risk
1333,14156.0,10,55,117379.63,2.3978952727983707,4.02535169073515,11.673177181281428,1,Champions
1334,14157.0,20,2,432.88,3.044522437723423,1.0986122886681098,6.072767998172017,0,Potential Customers
1335,14158.0,40,1,507.66,3.713572066704308,0.6931471805599453,6.231779816930511,0,Champions
1336,14159.0,20,11,4693.01,3.044522437723423,2.4849066497880004,8.454042506787907,1,Champions
1337,14161.0,216,3,1110.52,5.37989735354046,1.3862943611198906,7.013483726944571,2,At Risk
1338,14162.0,174,2,289.36,5.1647859739235145,1.0986122886681098,5.67112153241664,3,Potential Customers
1339,14163.0,87,4,2445.91,4.477336814478207,1.6094379124341005,7.802581283035999,2,Potential Customers
1340,14164.0,71,2,1631.77,4.276666119016055,1.0986122886681098,7.398033237980444,2,Potential Customers
1341,14165.0,276,1,122.54,5.6240175061873385,0.6931471805599453,4.816564990267753,3,At Risk
1342,14167.0,39,4,574.84,3.688879454113936,1.6094379124341005,6.355829844330721,2,Champions
1343,14171.0,98,1,363.79,4.59511985013459,0.6931471805599453,5.899321845543751,3,Potential Customers
1344,14173.0,11,4,450.84,2.4849066497880004,1.6094379124341005,6.113328134864823,0,Potential Customers
1345,14174.0,33,1,134.46,3.5263605246161616,0.6931471805599453,4.908676393786758,3,Potential Customers
1346,14175.0,60,3,3222.3,4.110873864173311,1.3862943611198906,8.078160958464125,2,Potential Customers
1347,14176.0,297,4,576.9000000000001,5.697093486505405,1.6094379124341005,6.359400843323733,3,At Risk
1348,14177.0,86,4,559.41,4.465908118654584,1.6094379124341005,6.328668658700502,2,Potential Customers
1349,14178.0,9,7,1620.93,2.302585092994046,2.079441541679836,7.391372077147292,1,Champions
1350,14179.0,41,2,719.78,3.737669618283368,1.0986122886681098,6.580333958961338,0,Champions
1351,14180.0,11,25,4748.52,2.4849066497880004,3.258096538021482,8.465798839290947,1,Champions
1352,14184.0,67,1,452.89,4.219507705176107,0.6931471805599453,6.117854877935304,3,Potential Customers
1353,14185.0,331,1,197.65,5.805134968916488,0.6931471805599453,5.291544482260608,3,At Risk
1354,14188.0,31,6,2054.36,3.4657359027997265,1.9459101490553128,7.628206294069428,2,Champions
1355,14189.0,2,15,4654.08,1.0986122886681098,2.772588722239781,8.44571437538519,1,Champions
1356,14191.0,2,13,4684.76,1.0986122886681098,2.6390573296152584,8.452283401366893,1,Champions
1357,14193.0,68,2,853.39,4.23410650459726,1.0986122886681098,6.750387764017586,2,Potential Customers
1358,14194.0,5,21,11349.52,1.791759469228055,3.091042453358316,9.337018836838048,1,Champions
1359,14195.0,202,2,1012.0,5.313205979041787,1.0986122886681098,6.920671504248683,3,At Risk
1360,14196.0,107,1,335.52,4.68213122712422,0.6931471805599453,5.818657582682612,3,Potential Customers
1361,14198.0,18,4,701.4,2.9444389791664403,1.6094379124341005,6.554503042320907,0,Champions
1362,14199.0,218,1,185.4,5.389071729816501,0.6931471805599453,5.22789490225149,3,At Risk
1363,14201.0,60,7,747.44,4.110873864173311,2.079441541679836,6.617991040326031,2,Potential Customers
1364,14204.0,2,1,161.03,1.0986122886681098,0.6931471805599453,5.087781503272909,0,Potential Customers
1365,14205.0,17,2,466.7,2.8903717578961645,1.0986122886681098,6.147827064731841,0,Potential Customers
1366,14206.0,239,1,328.16,5.480638923341991,0.6931471805599453,5.796543954737512,3,At Risk
1367,14208.0,95,1,151.74,4.564348191467836,0.6931471805599453,5.028737129460239,3,Potential Customers
1368,14209.0,11,6,2073.43,2.4849066497880004,1.9459101490553128,7.637441696132993,1,Champions
1369,14210.0,106,6,1905.84,4.672828834461906,1.9459101490553128,7.553202700664662,2,Potential Customers
1370,14211.0,53,9,2241.1,3.9889840465642745,2.302585092994046,7.715168205670426,2,Potential Customers
1371,14212.0,90,1,1070.48,4.51085950651685,0.6931471805599453,6.976796149317125,3,Potential Customers
1372,14214.0,31,5,1004.38,3.4657359027997265,1.791759469228055,6.913120858480547,2,Champions
1373,14215.0,12,6,1789.72,2.5649493574615367,1.9459101490553128,7.490373052597007,1,Champions
1374,14216.0,3,4,1839.3,1.3862943611198906,1.6094379124341005,7.517683880791149,1,Champions
1375,14217.0,2,17,2004.98,1.0986122886681098,2.8903717578961645,7.603887998382448,1,Champions
1376,14218.0,43,1,169.48000000000002,3.784189633918261,0.6931471805599453,5.1386179877903615,3,Potential Customers
1377,14219.0,4,1,89.94,1.6094379124341005,0.6931471805599453,4.510199948396864,0,Potential Customers
1378,14220.0,247,2,632.4000000000001,5.513428746164983,1.0986122886681098,6.45110213410454,3,At Risk
1379,14221.0,42,9,3432.8,3.7612001156935615,2.302585092994046,8.141422798643111,1,Champions
1380,14222.0,177,1,683.17,5.181783550292085,0.6931471805599453,6.528206424753791,3,Potential Customers
1381,14223.0,92,3,991.13,4.532599493153256,1.3862943611198906,6.89985414708588,2,Potential Customers
1382,14224.0,110,4,1050.12,4.709530201312334,1.6094379124341005,6.957611541333566,2,Potential Customers
1383,14226.0,29,5,2232.19,3.4011973816621555,1.791759469228055,7.711186335546904,2,Champions
1384,14227.0,26,10,3350.96,3.295836866004329,2.3978952727983707,8.117300528356548,1,Champions
1385,14229.0,52,3,1547.2,3.970291913552122,1.3862943611198906,7.344848244770613,2,Potential Customers
1386,14231.0,184,3,925.71,5.220355825078324,1.3862943611198906,6.831640679513165,2,Potential Customers
1387,14232.0,43,5,2048.07,3.784189633918261,1.791759469228055,7.625141310661702,2,Champions
1388,14233.0,49,4,1462.72,3.912023005428146,1.6094379124341005,7.288736419398735,2,Champions
1389,14234.0,22,4,775.46,3.1354942159291497,1.6094379124341005,6.654745128061633,2,Champions
1390,14235.0,75,5,3144.86,4.330733340286331,1.791759469228055,8.053842581674434,2,Potential Customers
1391,14236.0,81,2,490.86,4.406719247264253,1.0986122886681098,6.198194123153937,3,Potential Customers
1392,14237.0,373,1,161.0,5.924255797414532,0.6931471805599453,5.087596335232384,3,At Risk
1393,14238.0,326,1,146.85,5.7899601708972535,0.6931471805599453,4.996198246298486,3,At Risk
1394,14239.0,43,11,2380.85,3.784189633918261,2.4849066497880004,7.775632775640216,1,Champions
1395,14240.0,30,2,890.34,3.4339872044851463,1.0986122886681098,6.792725948397371,0,Champions
1396,14241.0,184,1,213.7,5.220355825078324,0.6931471805599453,5.369241704884735,3,Potential Customers
1397,14242.0,235,2,280.55,5.4638318050256105,1.0986122886681098,5.640310051700627,3,At Risk
1398,14243.0,9,10,2588.77,2.302585092994046,2.3978952727983707,7.859324347661553,1,Champions
1399,14245.0,220,2,1693.45,5.3981627015177525,1.0986122886681098,7.435113483382488,2,At Risk
1400,14246.0,111,3,1474.06,4.718498871295094,1.3862943611198906,7.296453945912696,2,Potential Customers
1401,14247.0,278,1,136.77,5.631211781821365,0.6931471805599453,4.925585628056508,3,At Risk
1402,14248.0,318,1,302.58,5.765191102784844,0.6931471805599453,5.715645167198713,3,At Risk
1403,14250.0,7,3,1904.05,2.079441541679836,1.3862943611198906,7.552263533935522,0,Champions
1404,14251.0,2,5,2879.7000000000003,1.0986122886681098,1.791759469228055,7.965788599152331,1,Champions
1405,14256.0,260,2,969.06,5.564520407322694,1.0986122886681098,6.8773579252545485,3,At Risk
1406,14257.0,64,5,3099.7200000000003,4.174387269895637,1.791759469228055,8.039389621570026,2,Potential Customers
1407,14258.0,9,9,12669.98,2.302585092994046,2.302585092994046,9.447069618390277,1,Champions
1408,14259.0,142,1,120.0,4.962844630259907,0.6931471805599453,4.795790545596741,3,Potential Customers
1409,14261.0,51,2,1163.45,3.951243718581428,1.0986122886681098,7.060004151519799,2,Potential Customers
1410,14262.0,8,8,2618.23,2.19722457733622,2.19722457733622,7.870635660430322,1,Champions
1411,14264.0,155,2,333.97,5.049856007249537,1.0986122886681098,5.814040975576219,3,Potential Customers
1412,14265.0,109,2,530.18,4.700480365792417,1.0986122886681098,6.275100946851013,3,Potential Customers
1413,14267.0,163,3,1516.24,5.099866427824199,1.3862943611198906,7.3246481738226015,2,Potential Customers
1414,14270.0,332,1,492.65,5.808142489980444,0.6931471805599453,6.201826764057459,3,At Risk
1415,14271.0,226,1,112.32,5.424950017481403,0.6931471805599453,4.730215674962316,3,At Risk
1416,14272.0,74,2,437.96,4.31748811353631,1.0986122886681098,6.08440829275072,3,Potential Customers
1417,14273.0,51,4,559.97,3.951243718581428,1.6094379124341005,6.329667428156979,2,Potential Customers
1418,14276.0,99,3,1119.74,4.605170185988092,1.3862943611198906,7.021744460399267,2,Potential Customers
1419,14277.0,15,3,4216.2,2.772588722239781,1.3862943611198906,8.346926679702795,2,Champions
1420,14280.0,197,1,134.04,5.288267030694535,0.6931471805599453,4.905571030847647,3,Potential Customers
1421,14282.0,3,15,3729.34,1.3862943611198906,2.772588722239781,8.224254661298708,1,Champions
1422,14284.0,31,2,595.25,3.4657359027997265,1.0986122886681098,6.390660042202551,0,Champions
1423,14285.0,21,4,1910.01,3.091042453358316,1.6094379124341005,7.555387177088957,2,Champions
1424,14286.0,24,3,4628.75,3.218875824868201,1.3862943611198906,8.440258149942116,2,Champions
1425,14287.0,8,3,176.63,2.19722457733622,1.3862943611198906,5.179702735211794,0,Potential Customers
1426,14288.0,213,1,426.6,5.365976015021851,0.6931471805599453,6.05818817915089,3,At Risk
1427,14289.0,9,6,911.26,2.302585092994046,1.9459101490553128,6.815925037163848,0,Champions
1428,14290.0,11,5,2314.65,2.4849066497880004,1.791759469228055,7.747445704647496,1,Champions
1429,14291.0,2,11,3883.25,1.0986122886681098,2.4849066497880004,8.264685193972111,1,Champions
1430,14292.0,8,9,4871.93,2.19722457733622,2.302585092994046,8.491450677872692,1,Champions
1431,14293.0,3,4,1046.56,1.3862943611198906,1.6094379124341005,6.954218929392177,0,Champions
1432,14295.0,40,1,166.20000000000002,3.713572066704308,0.6931471805599453,5.119190700650601,3,Potential Customers
1433,14297.0,18,4,1305.33,2.9444389791664403,1.6094379124341005,7.174976957856922,2,Champions
1434,14298.0,8,44,51527.3,2.19722457733622,3.80666248977032,10.849886450287096,1,Champions
1435,14299.0,8,9,3965.62,2.19722457733622,2.302585092994046,8.285669625656425,1,Champions
1436,14300.0,19,1,43.2,2.995732273553991,0.6931471805599453,3.788724789083653,0,Potential Customers
1437,14301.0,117,1,640.14,4.770684624465665,0.6931471805599453,6.463247841809304,3,Potential Customers
1438,14304.0,223,1,383.45,5.41164605185504,0.6931471805599453,5.9518137414781895,3,At Risk
1439,14305.0,71,3,1858.96,4.276666119016055,1.3862943611198906,7.528310261099659,2,Potential Customers
1440,14306.0,51,2,2093.32,3.951243718581428,1.0986122886681098,7.646984197329087,2,Potential Customers
1441,14307.0,89,6,2995.7200000000003,4.499809670330265,1.9459101490553128,8.005273636192019,2,Potential Customers
1442,14309.0,8,9,2352.53,2.19722457733622,2.302585092994046,7.763671607732549,1,Champions
1443,14311.0,243,1,310.26,5.497168225293202,0.6931471805599453,5.740628575776864,3,At Risk
1444,14312.0,47,6,1611.59,3.871201010907891,1.9459101490553128,7.385596861065875,2,Champions
1445,14314.0,107,1,120.0,4.68213122712422,0.6931471805599453,4.795790545596741,3,Potential Customers
1446,14315.0,45,6,2481.13,3.828641396489095,1.9459101490553128,7.816872341508149,2,Champions
1447,14317.0,65,1,508.58,4.189654742026425,0.6931471805599453,6.233586857019973,3,Potential Customers
1448,14320.0,207,2,477.79,5.337538079701318,1.0986122886681098,6.17126208791851,3,At Risk
1449,14321.0,11,5,1530.75,2.4849066497880004,1.791759469228055,7.334166151605764,2,Champions
1450,14323.0,115,2,605.0600000000001,4.7535901911063645,1.0986122886681098,6.406978991069148,3,Potential Customers
1451,14326.0,242,1,183.85,5.493061443340548,0.6931471805599453,5.219544685382641,3,At Risk
1452,14327.0,163,1,311.65000000000003,5.099866427824199,0.6931471805599453,5.745084354013307,3,Potential Customers
1453,14329.0,17,7,5014.84,2.8903717578961645,2.079441541679836,8.520356183877372,1,Champions
1454,14331.0,124,2,462.66,4.8283137373023015,1.0986122886681098,6.139151525006747,3,Potential Customers
1455,14332.0,23,3,866.3100000000001,3.1780538303479458,1.3862943611198906,6.7653964676596825,0,Champions
1456,14333.0,68,1,415.2,4.23410650459726,0.6931471805599453,6.031165913959534,3,Potential Customers
1457,14334.0,17,8,2552.21,2.8903717578961645,2.19722457733622,7.845106670027843,1,Champions
1458,14335.0,16,2,468.26,2.833213344056216,1.0986122886681098,6.151156985841575,0,Potential Customers
1459,14336.0,17,4,1614.91,2.8903717578961645,1.6094379124341005,7.387653544460817,2,Champions
1460,14338.0,161,2,588.22,5.087596335232384,1.0986122886681098,6.3787996283436765,3,Potential Customers
1461,14339.0,243,1,309.52000000000004,5.497168225293202,0.6931471805599453,5.73824831153748,3,At Risk
1462,14340.0,219,1,134.7,5.393627546352362,0.6931471805599453,4.910446566840824,3,At Risk
1463,14341.0,45,8,2182.28,3.828641396489095,2.19722457733622,7.688583612181916,2,Champions
1464,14342.0,21,4,668.5600000000001,3.091042453358316,1.6094379124341005,6.506620780234419,0,Champions
1465,14344.0,127,8,889.9300000000001,4.852030263919617,2.19722457733622,6.792265860972647,2,Potential Customers
1466,14345.0,39,1,108.98,3.688879454113936,0.6931471805599453,4.700298531079668,3,Potential Customers
1467,14346.0,121,2,1021.58,4.804021044733257,1.0986122886681098,6.9300841244652,2,Potential Customers
1468,14348.0,260,1,409.57,5.564520407322694,0.6931471805599453,6.017546438106483,3,At Risk
1469,14349.0,10,1,133.5,2.3978952727983707,0.6931471805599453,4.901564199041894,0,Potential Customers
1470,14350.0,274,1,282.93,5.616771097666572,0.6931471805599453,5.6487277289070565,3,At Risk
1471,14351.0,165,1,51.0,5.111987788356544,0.6931471805599453,3.951243718581428,3,Potential Customers
1472,14352.0,157,4,1078.96,5.062595033026967,1.6094379124341005,6.984679282395341,2,Potential Customers
1473,14353.0,215,1,90.6,5.375278407684165,0.6931471805599453,4.517431271680085,3,At Risk
1474,14354.0,6,2,163.62,1.9459101490553128,1.0986122886681098,5.103639787544498,0,Potential Customers
1475,14355.0,366,1,174.4,5.905361848054571,0.6931471805599453,5.1670690799380825,3,At Risk
1476,14356.0,80,2,701.23,4.394449154672439,1.0986122886681098,6.5542609856927125,2,Potential Customers
1477,14357.0,43,1,225.77,3.784189633918261,0.6931471805599453,5.423936287972195,3,Potential Customers
1478,14359.0,19,3,912.18,2.995732273553991,1.3862943611198906,6.816933013408364,0,Champions
1479,14360.0,32,4,2128.23,3.49650756146648,1.6094379124341005,7.663515690998327,2,Champions
1480,14362.0,22,1,161.2,3.1354942159291497,0.6931471805599453,5.088830141681313,0,Potential Customers
1481,14364.0,109,8,3717.35,4.700480365792417,2.19722457733622,8.221035300483413,2,Potential Customers
1482,14367.0,8,16,9261.52,2.19722457733622,2.833213344056216,9.133731428846277,1,Champions
1483,14368.0,320,1,155.0,5.771441123130016,0.6931471805599453,5.049856007249537,3,At Risk
1484,14371.0,295,1,100.5,5.69035945432406,0.6931471805599453,4.620058798481842,3,At Risk
1485,14373.0,358,1,76.55,5.883322388488279,0.6931471805599453,4.350922889622548,3,At Risk
1486,14375.0,185,1,257.68,5.225746673713202,0.6931471805599453,5.555591776578392,3,Potential Customers
1487,14377.0,191,2,617.05,5.2574953720277815,1.0986122886681098,6.426569360333832,3,Potential Customers
1488,14379.0,44,2,348.1,3.80666248977032,1.0986122886681098,5.855358414110991,0,Potential Customers
1489,14381.0,52,1,202.68,3.970291913552122,0.6931471805599453,5.316550134809097,3,Potential Customers
1490,14382.0,26,1,626.07,3.295836866004329,0.6931471805599453,6.441058177144555,0,Champions
1491,14383.0,38,3,1247.69,3.6635616461296463,1.3862943611198906,7.129850280760371,2,Champions
1492,14385.0,9,3,202.11,2.302585092994046,1.3862943611198906,5.3137477042033945,0,Potential Customers
1493,14386.0,297,1,142.4,5.697093486505405,0.6931471805599453,4.96563792816552,3,At Risk
1494,14387.0,33,3,1770.56,3.5263605246161616,1.3862943611198906,7.479615793333997,2,Champions
1495,14388.0,10,8,3212.84,2.3978952727983707,2.19722457733622,8.07522176285542,1,Champions
1496,14389.0,65,2,1043.46,4.189654742026425,1.0986122886681098,6.9512552844279885,2,Potential Customers
1497,14390.0,10,9,4652.82,2.3978952727983707,2.302585092994046,8.445443666706893,1,Champions
1498,14393.0,218,1,67.95,5.389071729816501,0.6931471805599453,4.233381604239311,3,At Risk
1499,14395.0,2,9,3507.71,1.0986122886681098,2.302585092994046,8.163003727539861,1,Champions
1500,14396.0,65,2,487.99,4.189654742026425,1.0986122886681098,6.192342039368019,3,Potential Customers
1501,14397.0,3,19,2612.96,1.3862943611198906,2.995732273553991,7.868621591848266,1,Champions
1502,14400.0,149,1,574.7,5.010635294096256,0.6931471805599453,6.355586691681764,3,Potential Customers
1503,14401.0,4,13,4051.48,1.6094379124341005,2.6390573296152584,8.307084318372484,1,Champions
1504,14403.0,130,4,1475.81,4.875197323201151,1.6094379124341005,7.297639635123279,2,Potential Customers
1505,14404.0,34,6,1474.32,3.555348061489413,1.9459101490553128,7.296630194396398,2,Champions
1506,14406.0,119,1,156.75,4.787491742782046,0.6931471805599453,5.061011501421323,3,Potential Customers
1507,14407.0,107,6,2157.73,4.68213122712422,1.9459101490553128,7.677275364797242,2,Potential Customers
1508,14408.0,11,7,2606.53,2.4849066497880004,2.079441541679836,7.866158692081993,1,Champions
1509,14409.0,71,6,2059.4500000000003,4.276666119016055,1.9459101490553128,7.630679684529584,2,Potential Customers
1510,14410.0,92,9,1105.07,4.532599493153256,2.302585092994046,7.008568471218721,2,Potential Customers
1511,14411.0,311,1,1063.0,5.7430031878094825,0.6931471805599453,6.96979066990159,3,At Risk
1512,14412.0,43,2,770.03,3.784189633918261,1.0986122886681098,6.647727283312172,2,Champions
1513,14413.0,362,1,122.7,5.8944028342648505,0.6931471805599453,4.8178592793984425,3,At Risk
1514,14414.0,92,7,1496.98,4.532599493153256,2.079441541679836,7.311872812853191,2,Potential Customers
1515,14415.0,1,13,5900.28,0.6931471805599453,2.6390573296152584,8.682924555516289,1,Champions
1516,14416.0,22,2,490.22,3.1354942159291497,1.0986122886681098,6.196892092616412,0,Potential Customers
1517,14418.0,4,3,1937.25,1.6094379124341005,1.3862943611198906,7.569540783099068,0,Champions
1518,14419.0,11,6,1058.06,2.4849066497880004,1.9459101490553128,6.965137001220243,2,Champions
1519,14420.0,99,1,387.52,4.605170185988092,0.6931471805599453,5.962344648534129,3,Potential Customers
1520,14421.0,57,2,813.11,4.060443010546419,1.0986122886681098,6.702095492007746,2,Potential Customers
1521,14422.0,1,6,4263.64,0.6931471805599453,1.9459101490553128,8.358113048391361,1,Champions
1522,14423.0,218,1,265.2,5.389071729816501,0.6931471805599453,5.584247905961012,3,At Risk
1523,14424.0,18,1,322.08,2.9444389791664403,0.6931471805599453,5.777899970574095,0,Potential Customers
1524,14426.0,24,10,4481.67,3.218875824868201,2.3978952727983707,8.407974130025062,1,Champions
1525,14427.0,50,2,363.34,3.9318256327243257,1.0986122886681098,5.898087497602683,0,Potential Customers
1526,14428.0,7,5,1244.83,2.079441541679836,1.791759469228055,7.127557253441968,0,Champions
1527,14431.0,303,1,470.36,5.717027701406222,0.6931471805599453,6.1556221332742656,3,At Risk
1528,14432.0,10,6,2255.51,2.3978952727983707,1.9459101490553128,7.72157465089916,1,Champions
1529,14434.0,22,6,1372.8,3.1354942159291497,1.9459101490553128,7.225335901779781,2,Champions
1530,14436.0,99,1,89.06,4.605170185988092,0.6931471805599453,4.500476114873425,3,Potential Customers
1531,14437.0,366,1,63.0,5.905361848054571,0.6931471805599453,4.158883083359672,3,At Risk
1532,14438.0,306,1,131.9,5.726847747587197,0.6931471805599453,4.8895969657192,3,At Risk
1533,14439.0,320,1,2661.24,5.771441123130016,0.6931471805599453,7.886923152667197,2,At Risk
1534,14440.0,8,5,2357.68,2.19722457733622,1.791759469228055,7.765857419506838,1,Champions
1535,14441.0,1,4,1712.89,0.6931471805599453,1.6094379124341005,7.446520919735376,1,Champions
1536,14442.0,205,2,1589.82,5.327876168789581,1.0986122886681098,7.372004885545176,2,At Risk
1537,14443.0,54,4,1420.2,4.007333185232471,1.6094379124341005,7.259256864146872,2,Potential Customers
1538,14446.0,1,4,1039.58,0.6931471805599453,1.6094379124341005,6.947533528990549,0,Champions
1539,14447.0,19,5,1163.23,2.995732273553991,1.791759469228055,7.059815203273879,2,Champions
1540,14448.0,9,2,375.35,2.302585092994046,1.0986122886681098,5.930519561480541,0,Potential Customers
1541,14449.0,19,4,907.1,2.995732273553991,1.6094379124341005,6.811354504695783,2,Champions
1542,14450.0,181,3,483.25,5.204006687076795,1.3862943611198906,6.182601302287106,3,Potential Customers
1543,14451.0,60,2,662.59,4.110873864173311,1.0986122886681098,6.49766448888388,2,Potential Customers
1544,14452.0,11,2,264.44,2.4849066497880004,1.0986122886681098,5.581388826442135,0,Potential Customers
1545,14453.0,190,1,119.93,5.25227342804663,0.6931471805599453,4.795211865797184,3,Potential Customers
1546,14456.0,5,9,3062.4,1.791759469228055,2.302585092994046,8.027280689230453,1,Champions
1547,14457.0,311,1,113.64,5.7430031878094825,0.6931471805599453,4.741796783519916,3,At Risk
1548,14459.0,155,1,1837.92,5.049856007249537,0.6931471805599453,7.516933721754878,2,Potential Customers
1549,14460.0,110,3,434.34,4.709530201312334,1.3862943611198906,6.076127334986691,3,Potential Customers
1550,14461.0,148,3,2103.06,5.003946305945459,1.3862943611198906,7.651624090561262,2,Potential Customers
1551,14462.0,66,11,2004.02,4.204692619390966,2.4849066497880004,7.603409314753263,2,Loyal Customers
1552,14463.0,98,3,529.62,4.59511985013459,1.3862943611198906,6.2740461341708045,2,Potential Customers
1553,14465.0,247,3,1058.62,5.513428746164983,1.3862943611198906,6.965665632266971,2,At Risk
1554,14466.0,29,7,2272.4,3.4011973816621555,2.079441541679836,7.72903178725261,2,Champions
1555,14467.0,18,4,598.76,2.9444389791664403,1.6094379124341005,6.396529575194807,0,Champions
1556,14470.0,12,2,461.19,2.5649493574615367,1.0986122886681098,6.135976061950666,0,Potential Customers
1557,14472.0,104,8,1936.84,4.653960350157523,2.19722457733622,7.569329229702976,2,Potential Customers
1558,14473.0,74,2,234.34,4.31748811353631,1.0986122886681098,5.461031277035783,3,Potential Customers
1559,14474.0,46,1,547.66,3.8501476017100575,0.6931471805599453,6.307478941826799,0,Champions
1560,14475.0,72,3,925.85,4.290459441148391,1.3862943611198906,6.831791740175098,2,Potential Customers
1561,14476.0,257,1,215.7,5.552959584921617,0.6931471805599453,5.378513908542313,3,At Risk
1562,14477.0,20,4,1309.6,3.044522437723423,1.6094379124341005,7.178240326605397,2,Champions
1563,14479.0,254,2,316.25,5.541263545158426,1.0986122886681098,5.759690106594497,3,At Risk
1564,14480.0,11,1,279.05,2.4849066497880004,0.6931471805599453,5.634968158655841,0,Potential Customers
1565,14481.0,165,2,636.51,5.111987788356544,1.0986122886681098,6.457569963184063,3,Potential Customers
1566,14482.0,18,6,2068.15,2.9444389791664403,1.9459101490553128,7.63489317390932,2,Champions
1567,14483.0,282,1,137.1,5.645446897643238,0.6931471805599453,4.927978060415247,3,At Risk
1568,14484.0,50,1,321.92,3.9318256327243257,0.6931471805599453,5.777404614526815,3,Potential Customers
1569,14485.0,39,1,165.75,3.688879454113936,0.6931471805599453,5.1164956847957335,3,Potential Customers
1570,14487.0,27,6,1196.33,3.332204510175204,1.9459101490553128,7.08784935678574,2,Champions
1571,14488.0,68,1,1064.28,4.23410650459726,0.6931471805599453,6.97099295438666,3,Potential Customers
1572,14489.0,207,1,463.38,5.337538079701318,0.6931471805599453,6.14070318257422,3,At Risk
1573,14491.0,175,2,340.93,5.170483995038151,1.0986122886681098,5.834606037750557,3,Potential Customers
1574,14493.0,7,5,2383.24,2.079441541679836,1.791759469228055,7.7766356942591806,1,Champions
1575,14494.0,26,1,139.56,3.295836866004329,0.6931471805599453,4.945634443878841,0,Potential Customers
1576,14495.0,51,2,123.8,3.951243718581428,1.0986122886681098,4.826712455935327,3,Potential Customers
1577,14496.0,312,2,538.8100000000001,5.746203190540153,1.0986122886681098,6.2912172257920815,3,At Risk
1578,14497.0,309,1,475.37,5.736572297479192,0.6931471805599453,6.166194863206115,3,At Risk
1579,14498.0,43,5,1957.32,3.784189633918261,1.791759469228055,7.579842241810434,2,Champions
1580,14499.0,26,3,815.32,3.295836866004329,1.3862943611198906,6.704806434953446,2,Champions
1581,14500.0,88,3,356.85,4.48863636973214,1.3862943611198906,5.880113904184607,3,Potential Customers
1582,14501.0,184,2,251.21,5.220355825078324,1.0986122886681098,5.530262073815315,3,Potential Customers
1583,14502.0,20,11,2470.67,3.044522437723423,2.4849066497880004,7.81264931452068,1,Champions
1584,14503.0,3,6,3543.26,1.3862943611198906,1.9459101490553128,8.173084672465158,1,Champions
1585,14504.0,47,4,673.26,3.871201010907891,1.6094379124341005,6.513615793203887,2,Champions
1586,14505.0,17,8,5905.64,2.8903717578961645,2.19722457733622,8.683832420808084,1,Champions
1587,14506.0,17,5,2012.17,2.8903717578961645,1.791759469228055,7.607465873142059,2,Champions
1588,14507.0,24,6,1383.18,3.218875824868201,1.9459101490553128,7.2328631855243,2,Champions
1589,14508.0,22,2,276.42,3.1354942159291497,1.0986122886681098,5.625532603335144,0,Potential Customers
1590,14511.0,11,5,1314.81,2.4849066497880004,1.791759469228055,7.182207724562218,2,Champions
1591,14512.0,188,2,275.28,5.241747015059643,1.0986122886681098,5.621414844220772,3,Potential Customers
1592,14513.0,101,3,455.59,4.624972813284271,1.3862943611198906,6.1237858328484185,3,Potential Customers
1593,14514.0,61,3,1055.35,4.127134385045092,1.3862943611198906,6.962574848746244,2,Potential Customers
1594,14515.0,18,6,2102.09,2.9444389791664403,1.9459101490553128,7.651162970792683,2,Champions
1595,14517.0,33,2,330.45,3.5263605246161616,1.0986122886681098,5.8034769686874,0,Potential Customers
1596,14518.0,64,1,174.37,4.174387269895637,0.6931471805599453,5.166898027681201,3,Potential Customers
1597,14520.0,2,2,270.6,1.0986122886681098,1.0986122886681098,5.604330395684541,0,Potential Customers
1598,14522.0,24,4,974.54,3.218875824868201,1.6094379124341005,6.882991163835519,2,Champions
1599,14523.0,108,1,241.09,4.691347882229144,0.6931471805599453,5.489309557845162,3,Potential Customers
1600,14524.0,32,9,1867.68,3.49650756146648,2.302585092994046,7.532987578243441,2,Champions
1601,14525.0,20,9,4332.2,3.044522437723423,2.302585092994046,8.374061578071412,1,Champions
1602,14527.0,3,55,8508.82,1.3862943611198906,4.02535169073515,9.048976069757352,1,Champions
1603,14528.0,37,1,364.22,3.6375861597263857,0.6931471805599453,5.900499911733888,0,Potential Customers
1604,14529.0,60,3,620.04,4.110873864173311,1.3862943611198906,6.431395492097425,2,Potential Customers
1605,14530.0,26,6,2925.91,3.295836866004329,1.9459101490553128,7.9817025380127955,2,Champions
1606,14532.0,236,4,932.85,5.468060141135132,1.6094379124341005,6.839315825759616,2,At Risk
1607,14533.0,25,7,1949.72,3.258096538021482,2.079441541679836,7.575953814178117,2,Champions
1608,14534.0,3,18,4447.05,1.3862943611198906,2.9444389791664403,8.400221076874432,1,Champions
1609,14535.0,60,3,2864.19,4.110873864173311,1.3862943611198906,7.96038994457645,2,Potential Customers
1610,14536.0,260,1,171.8,5.564520407322694,0.6931471805599453,5.152134856369956,3,At Risk
1611,14537.0,58,1,355.56,4.07753744390572,0.6931471805599453,5.876502528638301,3,Potential Customers
1612,14538.0,65,2,388.25,4.189654742026425,1.0986122886681098,5.964221810714108,3,Potential Customers
1613,14539.0,16,2,537.48,2.833213344056216,1.0986122886681098,6.288750355702458,0,Champions
1614,14540.0,10,3,996.26,2.3978952727983707,1.3862943611198906,6.905011518311074,0,Champions
1615,14541.0,59,8,1461.65,4.0943445622221,2.19722457733622,7.288005137949238,2,Potential Customers
1616,14542.0,186,1,103.25,5.231108616854587,0.6931471805599453,4.646791860678911,3,Potential Customers
1617,14543.0,29,16,3630.33,3.4011973816621555,2.833213344056216,8.19735425133861,1,Champions
1618,14544.0,24,2,2024.45,3.218875824868201,1.0986122886681098,7.613547177075161,2,Champions
1619,14546.0,5,5,2578.09,1.791759469228055,1.791759469228055,7.855191902519445,1,Champions
1620,14547.0,4,8,4007.54,1.6094379124341005,2.19722457733622,8.29618236422828,1,Champions
1621,14548.0,151,2,652.8,5.0238805208462765,1.0986122886681098,6.48280149429011,3,Potential Customers
1622,14549.0,311,1,289.24,5.7430031878094825,0.6931471805599453,5.670708166926771,3,At Risk
1623,14550.0,11,2,765.62,2.4849066497880004,1.0986122886681098,6.641991241831287,0,Champions
1624,14551.0,18,2,186.23,2.9444389791664403,1.0986122886681098,5.232337807614061,0,Potential Customers
1625,14552.0,152,1,165.07,5.030437921392435,0.6931471805599453,5.112409386218662,3,Potential Customers
1626,14553.0,19,5,859.27,2.995732273553991,1.791759469228055,6.757246293462842,2,Champions
1627,14554.0,10,4,2381.04,2.3978952727983707,1.6094379124341005,7.775712542385502,2,Champions
1628,14555.0,57,2,324.14,4.060443010546419,1.0986122886681098,5.784255858806078,3,Potential Customers
1629,14557.0,85,1,788.38,4.454347296253507,0.6931471805599453,6.671247827209794,3,Potential Customers
1630,14560.0,7,22,2237.77,2.079441541679836,3.1354942159291497,7.71368188689169,1,Champions
1631,14561.0,76,3,1080.76,4.343805421853684,1.3862943611198906,6.986344623342368,2,Potential Customers
1632,14562.0,4,18,5074.77,1.6094379124341005,2.9444389791664403,8.532233516538977,1,Champions
1633,14565.0,96,4,3099.12,4.574710978503383,1.6094379124341005,8.039196099401456,2,Potential Customers
1634,14566.0,111,1,1432.0,4.718498871295094,0.6931471805599453,7.267525427828172,3,Potential Customers
1635,14567.0,57,2,1530.36,4.060443010546419,1.0986122886681098,7.3339115084475965,2,Potential Customers
1636,14569.0,1,1,227.39,0.6931471805599453,0.6931471805599453,5.431054693986231,0,Potential Customers
1637,14570.0,281,2,218.06,5.641907070938114,1.0986122886681098,5.3893456648956,3,At Risk
1638,14572.0,3,7,2832.84,1.3862943611198906,2.079441541679836,7.949387961352689,1,Champions
1639,14573.0,180,9,1653.42,5.198497031265826,2.302585092994046,7.411205773215894,2,Potential Customers
1640,14576.0,372,1,35.400000000000006,5.921578419643816,0.6931471805599453,3.594568774642695,3,At Risk
1641,14577.0,13,4,859.71,2.6390573296152584,1.6094379124341005,6.757757630038034,0,Champions
1642,14578.0,3,1,168.63,1.3862943611198906,0.6931471805599453,5.133619594507631,0,Potential Customers
1643,14581.0,17,1,138.6,2.8903717578961645,0.6931471805599453,4.938781190328272,0,Potential Customers
1644,14582.0,41,1,114.11,3.737669618283368,0.6931471805599453,4.74588819292697,3,Potential Customers
1645,14583.0,6,5,1052.55,1.9459101490553128,1.791759469228055,6.959920692962816,0,Champions
1646,14584.0,169,4,1042.26,5.135798437050262,1.6094379124341005,6.9501057048558685,2,Potential Customers
1647,14585.0,50,1,157.05,3.9318256327243257,0.6931471805599453,5.062911438661627,3,Potential Customers
1648,14586.0,277,1,237.36,5.627621113690637,0.6931471805599453,5.473782135878778,3,At Risk
1649,14587.0,19,9,1601.14,2.995732273553991,2.302585092994046,7.379095514571502,1,Champions
1650,14589.0,372,1,39.75,5.921578419643816,0.6931471805599453,3.707455839686872,3,At Risk
1651,14591.0,15,4,1447.14,2.772588722239781,1.6094379124341005,7.278035253354833,2,Champions
1652,14592.0,35,3,570.46,3.58351893845611,1.3862943611198906,6.3481944895342695,0,Champions
1653,14593.0,22,3,617.99,3.1354942159291497,1.3862943611198906,6.428089117465248,0,Champions
1654,14594.0,7,2,379.83,2.079441541679836,1.0986122886681098,5.942353081326715,0,Potential Customers
1655,14595.0,20,6,1740.6,3.044522437723423,1.9459101490553128,7.462559509920338,2,Champions
1656,14597.0,11,2,883.15,2.4849066497880004,1.0986122886681098,6.784626731500986,0,Champions
1657,14598.0,44,1,221.97,3.80666248977032,0.6931471805599453,5.40703723326228,3,Potential Customers
1658,14600.0,306,1,393.33,5.726847747587197,0.6931471805599453,5.977188122189173,3,At Risk
1659,14601.0,11,1,213.96,2.4849066497880004,0.6931471805599453,5.370451964307236,0,Potential Customers
1660,14603.0,275,1,660.0,5.62040086571715,0.6931471805599453,6.493753839851686,3,At Risk
1661,14606.0,1,93,12156.65,0.6931471805599453,4.543294782270004,9.405713880264752,1,Champions
1662,14607.0,16,14,16569.5,2.833213344056216,2.70805020110221,9.71537928498044,1,Champions
1663,14608.0,4,4,1785.15,1.6094379124341005,1.6094379124341005,7.48781774447192,1,Champions
1664,14609.0,72,4,601.56,4.290459441148391,1.6094379124341005,6.401187245468788,2,Potential Customers
1665,14616.0,243,3,406.08,5.497168225293202,1.3862943611198906,6.009009726323731,3,At Risk
1666,14618.0,9,3,553.44,2.302585092994046,1.3862943611198906,6.317958595345153,0,Champions
1667,14619.0,246,1,394.44,5.5093883366279774,0.6931471805599453,5.979999068998704,3,At Risk
1668,14620.0,206,2,412.78,5.332718793265369,1.0986122886681098,6.0253344316155975,3,At Risk
1669,14621.0,1,5,1788.36,0.6931471805599453,1.791759469228055,7.489613293002015,1,Champions
1670,14622.0,185,1,320.58000000000004,5.225746673713202,0.6931471805599453,5.773246346316266,3,Potential Customers
1671,14623.0,32,5,889.25,3.49650756146648,1.791759469228055,6.791502322157887,2,Champions
1672,14624.0,57,2,225.85,4.060443010546419,1.0986122886681098,5.424289006109973,3,Potential Customers
1673,14625.0,196,2,899.63,5.2832037287379885,1.0986122886681098,6.803094518438584,3,Potential Customers
1674,14626.0,24,4,2791.27,3.218875824868201,1.6094379124341005,7.934610164077709,2,Champions
1675,14628.0,91,2,671.96,4.5217885770490405,1.0986122886681098,6.511685892514335,3,Potential Customers
1676,14629.0,4,2,959.01,1.6094379124341005,1.0986122886681098,6.866943701074296,0,Champions
1677,14631.0,51,3,1006.98,3.951243718581428,1.3862943611198906,6.915703607164632,2,Potential Customers
1678,14632.0,263,1,114.56,5.575949103146316,0.6931471805599453,4.749789875598035,3,At Risk
1679,14633.0,266,1,344.90000000000003,5.58724865840025,0.6931471805599453,5.846149715943123,3,At Risk
1680,14636.0,36,2,609.85,3.610917912644224,1.0986122886681098,6.414851429850069,0,Champions
1681,14638.0,51,1,443.6,3.951243718581428,0.6931471805599453,6.097175001530096,3,Potential Customers
1682,14639.0,52,6,2984.49,3.970291913552122,1.9459101490553128,8.001519166458744,2,Potential Customers
1683,14640.0,24,6,2125.08,3.218875824868201,1.9459101490553128,7.662035187544821,2,Champions
1684,14641.0,22,1,110.46,3.1354942159291497,0.6931471805599453,4.713665782141391,0,Potential Customers
1685,14642.0,59,1,96.12,4.0943445622221,0.6931471805599453,4.575947327311188,3,Potential Customers
1686,14643.0,170,2,693.8100000000001,5.14166355650266,1.0986122886681098,6.54363842689435,3,Potential Customers
1687,14644.0,68,2,830.76,4.23410650459726,1.0986122886681098,6.723543937669715,2,Potential Customers
1688,14645.0,157,2,597.09,5.062595033026967,1.0986122886681098,6.393741244298632,3,Potential Customers
1689,14646.0,2,73,280206.02,1.0986122886681098,4.30406509320417,12.5432839661044,1,Champions
1690,14647.0,201,1,243.22,5.308267697401205,0.6931471805599453,5.498069458404876,3,At Risk
1691,14649.0,5,4,1417.29,1.791759469228055,1.6094379124341005,7.257207199581212,0,Champions
1692,14651.0,67,2,654.6,4.219507705176107,1.0986122886681098,6.485550846869675,2,Potential Customers
1693,14652.0,77,1,114.18,4.356708826689592,0.6931471805599453,4.7464961220785264,3,Potential Customers
1694,14653.0,1,7,1947.55,0.6931471805599453,2.079441541679836,7.5748407852142225,1,Champions
1695,14655.0,8,4,1932.23,2.19722457733622,1.6094379124341005,7.566947458162128,2,Champions
1696,14656.0,169,2,291.05,5.135798437050262,1.0986122886681098,5.676925020486318,3,Potential Customers
1697,14657.0,18,4,848.22,2.9444389791664403,1.6094379124341005,6.744318281129723,2,Champions
1698,14658.0,5,2,247.15,1.791759469228055,1.0986122886681098,5.51403340203345,0,Potential Customers
1699,14659.0,9,9,2529.93,2.302585092994046,2.302585092994046,7.836342103110113,1,Champions
1700,14660.0,87,2,285.74,4.477336814478207,1.0986122886681098,5.6585758818181215,3,Potential Customers
1701,14661.0,27,1,107.95,3.332204510175204,0.6931471805599453,4.690889061390629,0,Potential Customers
1702,14662.0,29,4,771.17,3.4011973816621555,1.6094379124341005,6.649204733036604,2,Champions
1703,14664.0,20,2,637.89,3.044522437723423,1.0986122886681098,6.459732295584099,0,Champions
1704,14665.0,61,5,1835.7,4.127134385045092,1.791759469228055,7.5157257621344895,2,Potential Customers
1705,14666.0,24,1,195.25,3.218875824868201,0.6931471805599453,5.279389356662517,0,Potential Customers
1706,14667.0,11,25,9241.2,2.4849066497880004,3.258096538021482,9.131535231533652,1,Champions
1707,14669.0,242,3,1269.99,5.493061443340548,1.3862943611198906,7.147551403337889,2,At Risk
1708,14670.0,280,2,411.53,5.638354669333745,1.0986122886681098,6.022308930402963,3,At Risk
1709,14672.0,235,2,765.5500000000001,5.4638318050256105,1.0986122886681098,6.641899927756463,3,At Risk
1710,14673.0,3,5,1736.4,1.3862943611198906,1.791759469228055,7.46014502182582,1,Champions
1711,14675.0,16,1,604.75,2.833213344056216,0.6931471805599453,6.406467359696635,0,Champions
1712,14676.0,31,6,2548.24,3.4657359027997265,1.9459101490553128,7.843550554514272,2,Champions
1713,14680.0,25,16,28754.11,3.258096538021482,2.833213344056216,10.266570769562204,1,Champions
1714,14681.0,71,3,498.95,4.276666119016055,1.3862943611198906,6.214508093421858,2,Potential Customers
1715,14682.0,188,2,52.0,5.241747015059643,1.0986122886681098,3.970291913552122,3,Potential Customers
1716,14684.0,26,5,1236.28,3.295836866004329,1.791759469228055,7.1206707008607255,2,Champions
1717,14687.0,107,1,628.38,4.68213122712422,0.6931471805599453,6.444735207830545,3,Potential Customers
1718,14688.0,8,21,5630.87,2.19722457733622,3.091042453358316,8.636196815185112,1,Champions
1719,14689.0,209,1,112.8,5.3471075307174685,0.6931471805599453,4.73444252169223,3,At Risk
1720,14690.0,44,2,371.7,3.80666248977032,1.0986122886681098,5.9207738064852125,0,Potential Customers
1721,14691.0,31,5,2114.33,3.4657359027997265,1.791759469228055,7.656966107678013,2,Champions
1722,14692.0,137,4,591.55,4.927253685157205,1.6094379124341005,6.384435257634458,2,Potential Customers
1723,14693.0,265,1,172.9,5.583496308781699,0.6931471805599453,5.158480421360237,3,At Risk
1724,14696.0,4,7,2078.95,1.6094379124341005,2.079441541679836,7.640099133944896,1,Champions
1725,14697.0,218,2,188.61,5.389071729816501,1.0986122886681098,5.2449693310461125,3,At Risk
1726,14698.0,2,5,1250.76,1.0986122886681098,1.791759469228055,7.132305839993802,1,Champions
1727,14699.0,214,1,109.13,5.3706380281276624,0.6931471805599453,4.701661486176853,3,At Risk
1728,14700.0,32,3,2235.3,3.49650756146648,1.3862943611198906,7.712577993432672,2,Champions
1729,14701.0,11,9,2549.37,2.4849066497880004,2.302585092994046,7.843993725665985,1,Champions
1730,14702.0,1,17,3292.14,0.6931471805599453,2.8903717578961645,8.099596795897188,1,Champions
1731,14703.0,15,1,318.17,2.772588722239781,0.6931471805599453,5.765723876196384,0,Potential Customers
1732,14704.0,11,9,1546.91,2.4849066497880004,2.302585092994046,7.3446609129246205,1,Champions
1733,14705.0,199,1,179.0,5.298317366548036,0.6931471805599453,5.19295685089021,3,Potential Customers
1734,14708.0,3,3,1126.37,1.3862943611198906,1.3862943611198906,7.027642765394543,0,Champions
1735,14709.0,15,13,4921.04,2.772588722239781,2.6390573296152584,8.501478357695712,1,Champions
1736,14710.0,14,4,606.13,2.70805020110221,1.6094379124341005,6.408742936168337,0,Champions
1737,14711.0,10,11,2868.8,2.3978952727983707,2.4849066497880004,7.961997619914306,1,Champions
1738,14712.0,29,3,917.07,3.4011973816621555,1.3862943611198906,6.822273640436711,2,Champions
1739,14713.0,9,11,2666.36,2.302585092994046,2.4849066497880004,7.888844498199721,1,Champions
1740,14714.0,24,1,160.19,3.218875824868201,0.6931471805599453,5.08258379340884,0,Potential Customers
1741,14715.0,25,4,867.38,3.258096538021482,1.6094379124341005,6.766629406877568,2,Champions
1742,14716.0,43,2,329.68,3.784189633918261,1.0986122886681098,5.801151140384475,0,Potential Customers
1743,14719.0,2,5,1602.13,1.0986122886681098,1.791759469228055,7.379713247262653,1,Champions
1744,14720.0,6,3,663.81,1.9459101490553128,1.3862943611198906,6.499501285546037,0,Champions
1745,14722.0,147,1,187.92,4.997212273764115,0.6931471805599453,5.241323645027916,3,Potential Customers
1746,14723.0,10,6,1158.3,2.3978952727983707,1.9459101490553128,7.055571653676355,1,Champions
1747,14725.0,25,1,718.08,3.258096538021482,0.6931471805599453,6.577972617178215,0,Champions
1748,14727.0,274,1,268.58,5.616771097666572,0.6931471805599453,5.596865192310124,3,At Risk
1749,14729.0,374,1,313.49,5.926926025970411,0.6931471805599453,5.750952279132591,3,At Risk
1750,14730.0,1,8,2005.06,0.6931471805599453,2.19722457733622,7.60392787834377,1,Champions
1751,14731.0,47,3,380.02,3.871201010907891,1.3862943611198906,5.942851867187289,0,Potential Customers
1752,14732.0,8,8,2702.49,2.19722457733622,2.19722457733622,7.902298809906397,1,Champions
1753,14733.0,16,12,9585.91,2.833213344056216,2.5649493574615367,9.168153905320404,1,Champions
1754,14735.0,4,32,6065.6900000000005,1.6094379124341005,3.49650756146648,8.710568430543226,1,Champions
1755,14737.0,4,3,1164.55,1.6094379124341005,1.3862943611198906,7.060948357598531,0,Champions
1756,14738.0,43,7,1314.45,3.784189633918261,2.079441541679836,7.181934091396172,2,Champions
1757,14739.0,4,7,3902.28,1.6094379124341005,2.079441541679836,8.269572504294867,1,Champions
1758,14740.0,197,3,1448.21,5.288267030694535,1.3862943611198906,7.278773859355933,2,Potential Customers
1759,14741.0,12,6,1400.34,2.5649493574615367,1.9459101490553128,7.245184200691345,1,Champions
1760,14744.0,16,7,1099.98,2.833213344056216,2.079441541679836,7.00395597125342,2,Champions
1761,14745.0,113,5,1220.26,4.736198448394496,1.791759469228055,7.107638391655096,2,Potential Customers
1762,14747.0,249,1,328.2,5.521460917862246,0.6931471805599453,5.796665468802915,3,At Risk
1763,14748.0,29,5,1415.75,3.4011973816621555,1.791759469228055,7.256120795049728,2,Champions
1764,14752.0,44,1,389.64,3.80666248977032,0.6931471805599453,5.967786419753405,3,Potential Customers
1765,14753.0,87,1,563.15,4.477336814478207,0.6931471805599453,6.335320173584455,3,Potential Customers
1766,14754.0,45,2,638.05,3.828641396489095,1.0986122886681098,6.459982698577723,0,Champions
1767,14755.0,10,11,5010.28,2.3978952727983707,2.4849066497880004,8.519446650469105,1,Champions
1768,14756.0,15,1,738.96,2.772588722239781,0.6931471805599453,6.606596130683188,0,Champions
1769,14757.0,75,1,420.5,4.330733340286331,0.6931471805599453,6.04381977744191,3,Potential Customers
1770,14758.0,145,4,1484.06,4.983606621708336,1.6094379124341005,7.303210454460983,2,Potential Customers
1771,14759.0,5,3,1625.97,1.791759469228055,1.3862943611198906,7.394474668204541,0,Champions
1772,14760.0,297,1,89.2,5.697093486505405,0.6931471805599453,4.502029427068578,3,At Risk
1773,14761.0,59,2,255.9,4.0943445622221,1.0986122886681098,5.548686904115838,3,Potential Customers
1774,14762.0,264,1,300.52,5.579729825986222,0.6931471805599453,5.70883634895888,3,At Risk
1775,14764.0,47,1,278.3,3.871201010907891,0.6931471805599453,5.632286472951131,3,Potential Customers
1776,14765.0,29,3,254.11,3.4011973816621555,1.3862943611198906,5.541694824693056,0,Potential Customers
1777,14766.0,8,6,2473.37,2.19722457733622,1.9459101490553128,7.813741097146052,1,Champions
1778,14768.0,17,2,192.6,2.8903717578961645,1.0986122886681098,5.265794174842477,0,Potential Customers
1779,14769.0,3,8,10674.75,1.3862943611198906,2.19722457733622,9.275730093240115,1,Champions
1780,14770.0,232,2,876.4200000000001,5.4510384535657,1.0986122886681098,6.7769857830927895,3,At Risk
1781,14772.0,112,1,139.26,4.727387818712341,0.6931471805599453,4.943497843108764,3,Potential Customers
1782,14775.0,58,3,1011.9,4.07753744390572,1.3862943611198906,6.920572782692752,2,Potential Customers
1783,14776.0,51,11,2538.3,3.951243718581428,2.4849066497880004,7.839643731479347,1,Loyal Customers
1784,14778.0,127,2,730.86,4.852030263919617,1.0986122886681098,6.595589238838791,3,Potential Customers
1785,14779.0,281,3,386.15,5.641907070938114,1.3862943611198906,5.958812214832733,3,At Risk
1786,14780.0,55,2,447.68,4.02535169073515,1.0986122886681098,6.106309938777023,3,Potential Customers
1787,14782.0,320,1,200.1,5.771441123130016,0.6931471805599453,5.303802296778606,3,At Risk
1788,14784.0,26,2,289.99,3.295836866004329,1.0986122886681098,5.673288902319859,0,Potential Customers
1789,14785.0,10,2,77.4,2.3978952727983707,1.0986122886681098,4.361823927356363,0,Potential Customers
1790,14788.0,7,2,679.44,2.079441541679836,1.0986122886681098,6.522739647741382,0,Champions
1791,14789.0,29,1,197.64,3.4011973816621555,0.6931471805599453,5.291494141199912,0,Potential Customers
1792,14790.0,17,4,745.06,2.8903717578961645,1.6094379124341005,6.61480602592395,0,Champions
1793,14792.0,64,1,6.2,4.174387269895637,0.6931471805599453,1.9740810260220096,3,Potential Customers
1794,14793.0,21,1,228.99,3.091042453358316,0.6931471805599453,5.438035829717119,0,Potential Customers
1795,14794.0,3,7,1319.91,1.3862943611198906,2.079441541679836,7.186076171996967,1,Champions
1796,14795.0,166,1,131.45000000000002,5.117993812416755,0.6931471805599453,4.886205215718078,3,Potential Customers
1797,14796.0,1,17,8022.49,0.6931471805599453,2.8903717578961645,8.990128768299758,1,Champions
1798,14798.0,53,3,173.74,3.9889840465642745,1.3862943611198906,5.163299154869948,3,Potential Customers
1799,14799.0,51,1,157.7,3.951243718581428,0.6931471805599453,5.067015627532364,3,Potential Customers
1800,14800.0,48,12,4339.74,3.8918202981106265,2.5649493574615367,8.375800119472242,1,Champions
1801,14801.0,61,1,193.14,4.127134385045092,0.6931471805599453,5.26857954828408,3,Potential Customers
1802,14803.0,162,3,845.5500000000001,5.093750200806762,1.3862943611198906,6.741169266574241,2,Potential Customers
1803,14804.0,9,1,353.27,2.302585092994046,0.6931471805599453,5.8700593342813,0,Potential Customers
1804,14805.0,15,4,554.65,2.772588722239781,1.6094379124341005,6.320138599631656,0,Champions
1805,14806.0,75,1,193.39,4.330733340286331,0.6931471805599453,5.269866450374021,3,Potential Customers
1806,14808.0,40,8,2741.17,3.713572066704308,2.19722457733622,7.91650485674164,2,Champions
1807,14810.0,41,11,2087.88,3.737669618283368,2.4849066497880004,7.644383316153618,1,Champions
1808,14813.0,370,2,155.43,5.916202062607435,1.0986122886681098,5.052608625573679,3,At Risk
1809,14815.0,37,2,778.5,3.6375861597263857,1.0986122886681098,6.658652688497831,0,Champions
1810,14816.0,197,1,271.85,5.288267030694535,0.6931471805599453,5.608922193632241,3,Potential Customers
1811,14817.0,200,2,1110.34,5.303304908059076,1.0986122886681098,7.0133217734248765,2,Potential Customers
1812,14818.0,74,3,657.8,4.31748811353631,1.3862943611198906,6.490419998303485,2,Potential Customers
1813,14819.0,64,2,272.07,4.174387269895637,1.0986122886681098,5.609728172573878,3,Potential Customers
1814,14820.0,21,4,507.29,3.091042453358316,1.6094379124341005,6.231052150838124,0,Champions
1815,14821.0,367,1,48.8,5.908082938168931,0.6931471805599453,3.9080149840306073,3,At Risk
1816,14823.0,180,3,321.43,5.198497031265826,1.3862943611198906,5.775886058412575,3,Potential Customers
1817,14824.0,10,4,1127.71,2.3978952727983707,1.6094379124341005,7.028830666672488,0,Champions
1818,14825.0,4,12,2226.9100000000003,1.6094379124341005,2.5649493574615367,7.708819205258206,1,Champions
1819,14828.0,197,3,2139.76,5.288267030694535,1.3862943611198906,7.668916185155464,2,Potential Customers
1820,14829.0,29,4,697.55,3.4011973816621555,1.6094379124341005,6.549006758096496,2,Champions
1821,14830.0,53,1,197.13,3.9889840465642745,0.6931471805599453,5.288923380906168,3,Potential Customers
1822,14834.0,18,6,1720.3,2.9444389791664403,1.9459101490553128,7.45083509827746,2,Champions
1823,14836.0,10,3,102.45,2.3978952727983707,1.3862943611198906,4.639088404191552,0,Potential Customers
1824,14837.0,90,4,1649.5,4.51085950651685,1.6094379124341005,7.408833551293248,2,Potential Customers
1825,14840.0,268,1,62.85,5.594711379601839,0.6931471805599453,4.156536582478548,3,At Risk
1826,14841.0,53,6,3295.76,3.9889840465642745,1.9459101490553128,8.10069544697357,2,Potential Customers
1827,14842.0,44,4,2824.69,3.80666248977032,1.6094379124341005,7.946507861544517,2,Champions
1828,14844.0,64,4,3189.81,4.174387269895637,1.6094379124341005,8.068030082042343,2,Potential Customers
1829,14847.0,149,1,309.40000000000003,5.010635294096256,0.6931471805599453,5.737861788309064,3,Potential Customers
1830,14849.0,22,25,7930.54,3.1354942159291497,3.258096538021482,8.978602495018041,1,Champions
1831,14850.0,312,1,325.75,5.746203190540153,0.6931471805599453,5.789195352504331,3,At Risk
1832,14851.0,23,2,511.35,3.1780538303479458,1.0986122886681098,6.239007985245727,0,Champions
1833,14852.0,58,6,2836.69,4.07753744390572,1.9459101490553128,7.950745619900337,2,Potential Customers
1834,14853.0,24,2,475.8,3.218875824868201,1.0986122886681098,6.16709711575114,0,Potential Customers
1835,14854.0,78,7,2759.83,4.3694478524670215,2.079441541679836,7.923286638140286,2,Potential Customers
1836,14855.0,119,2,645.65,4.787491742782046,1.0986122886681098,6.471805189861254,3,Potential Customers
1837,14856.0,36,3,1311.38,3.610917912644224,1.3862943611198906,7.179597561714504,2,Champions
1838,14857.0,60,2,1173.12,4.110873864173311,1.0986122886681098,7.068274209815247,2,Potential Customers
1839,14859.0,13,4,1353.74,2.6390573296152584,1.6094379124341005,7.211364832983292,2,Champions
1840,14860.0,19,1,170.32,2.995732273553991,0.6931471805599453,5.14353315274717,0,Potential Customers
1841,14861.0,52,1,125.79,3.970291913552122,0.6931471805599453,4.842532174539857,3,Potential Customers
1842,14862.0,26,2,841.2,3.295836866004329,1.0986122886681098,6.736017515727827,0,Champions
1843,14863.0,29,1,266.76,3.4011973816621555,0.6931471805599453,5.590091056903071,0,Potential Customers
1844,14865.0,7,2,52.2,2.079441541679836,1.0986122886681098,3.974058396347599,0,Potential Customers
1845,14866.0,11,12,14389.9,2.4849066497880004,2.5649493574615367,9.574351341358597,1,Champions
1846,14867.0,186,3,710.28,5.231108616854587,1.3862943611198906,6.567066163812884,2,Potential Customers
1847,14868.0,3,8,2953.59,1.3862943611198906,2.19722457733622,7.99111517232888,1,Champions
1848,14869.0,9,2,725.7,2.302585092994046,1.0986122886681098,6.58851373762259,0,Champions
1849,14870.0,262,1,327.25,5.572154032177765,0.6931471805599453,5.793775513182905,3,At Risk
1850,14871.0,3,4,522.38,1.3862943611198906,1.6094379124341005,6.260307777673182,0,Champions
1851,14873.0,210,1,519.68,5.351858133476067,0.6931471805599453,6.25513564959826,3,At Risk
1852,14875.0,108,2,1465.32,4.691347882229144,1.0986122886681098,7.290511139663592,2,Potential Customers
1853,14878.0,13,9,1485.54,2.6390573296152584,2.302585092994046,7.304206550922399,1,Champions
1854,14880.0,77,3,706.19,4.356708826689592,1.3862943611198906,6.561299370951966,2,Potential Customers
1855,14881.0,20,1,255.4,3.044522437723423,0.6931471805599453,5.546738725046515,0,Potential Customers
1856,14882.0,27,2,589.7,3.332204510175204,1.0986122886681098,6.38130827431319,0,Champions
1857,14883.0,19,6,761.59,2.995732273553991,1.9459101490553128,6.636720534303131,2,Champions
1858,14885.0,132,1,765.3199999999999,4.890349128221754,0.6931471805599453,6.6415998370746365,3,Potential Customers
1859,14886.0,253,1,364.8,5.537334267018537,0.6931471805599453,5.9020867359567655,3,At Risk
1860,14887.0,79,1,1862.0,4.382026634673881,0.6931471805599453,7.529943370601589,2,Potential Customers
1861,14888.0,207,1,369.2,5.337538079701318,0.6931471805599453,5.914043400139397,3,At Risk
1862,14889.0,336,1,135.9,5.820082930352362,0.6931471805599453,4.919250732294404,3,At Risk
1863,14890.0,254,1,125.65,5.541263545158426,0.6931471805599453,4.841427376447684,3,At Risk
1864,14891.0,148,2,554.38,5.003946305945459,1.0986122886681098,6.319652564141498,3,Potential Customers
1865,14893.0,10,2,1237.85,2.3978952727983707,1.0986122886681098,7.121938808924836,0,Champions
1866,14894.0,85,1,655.75,4.454347296253507,0.6931471805599453,6.4873034285656495,3,Potential Customers
1867,14895.0,8,20,11138.71,2.19722457733622,3.044522437723423,9.31827148082645,1,Champions
1868,14896.0,205,2,468.77,5.327876168789581,1.0986122886681098,6.152243213225462,3,At Risk
1869,14897.0,8,4,1366.38,2.19722457733622,1.6094379124341005,7.220651779074644,0,Champions
1870,14898.0,23,6,1303.52,3.1780538303479458,1.9459101490553128,7.173590436003909,2,Champions
1871,14901.0,11,9,1421.29,2.4849066497880004,2.302585092994046,7.260023527685966,1,Champions
1872,14902.0,26,1,332.66,3.295836866004329,0.6931471805599453,5.810122510427528,0,Potential Customers
1873,14903.0,21,5,2810.63,3.091042453358316,1.791759469228055,7.941519665325918,2,Champions
1874,14904.0,2,2,1025.44,1.0986122886681098,1.0986122886681098,6.933851783703411,0,Champions
1875,14905.0,158,2,616.15,5.068904202220232,1.0986122886681098,6.425112106189937,3,Potential Customers
1876,14907.0,3,7,3501.1,1.3862943611198906,2.079441541679836,8.161118067549472,1,Champions
1877,14908.0,74,1,277.8,4.31748811353631,0.6931471805599453,5.630494678886369,3,Potential Customers
1878,14910.0,3,4,434.35,1.3862943611198906,1.6094379124341005,6.076150305274624,0,Potential Customers
1879,14911.0,1,201,143825.06,0.6931471805599453,5.308267697401205,11.876359931772129,1,Champions
1880,14912.0,17,2,867.85,2.8903717578961645,1.0986122886681098,6.767170498168263,0,Champions
1881,14913.0,36,4,1227.43,3.610917912644224,1.6094379124341005,7.113492210280829,2,Champions
1882,14915.0,91,2,307.48,4.5217885770490405,1.0986122886681098,5.731657011422181,3,Potential Customers
1883,14916.0,71,4,1268.98,4.276666119016055,1.6094379124341005,7.146756431297139,2,Potential Customers
1884,14918.0,116,2,1610.15,4.762173934797756,1.0986122886681098,7.384703488712166,2,Potential Customers
1885,14920.0,213,2,977.77,5.365976015021851,1.0986122886681098,6.886296681323568,3,At Risk
1886,14921.0,30,2,1316.07,3.4339872044851463,1.0986122886681098,7.183164851431799,2,Champions
1887,14923.0,51,1,749.1,3.951243718581428,0.6931471805599453,6.620206530975591,3,Potential Customers
1888,14924.0,246,1,310.05,5.5093883366279774,0.6931471805599453,5.739953670961029,3,At Risk
1889,14929.0,32,1,223.88,3.49650756146648,0.6931471805599453,5.415566926598276,0,Potential Customers
1890,14930.0,109,3,2372.86,4.700480365792417,1.3862943611198906,7.772272601231864,2,Potential Customers
1891,14931.0,5,5,1257.68,1.791759469228055,1.791759469228055,7.137818831761513,1,Champions
1892,14932.0,366,1,363.53,5.905361848054571,0.6931471805599453,5.89860885258863,3,At Risk
1893,14934.0,82,2,1890.94,4.418840607796598,1.0986122886681098,7.5453580366354,2,Potential Customers
1894,14935.0,297,1,1784.71,5.697093486505405,0.6931471805599453,7.487571374232199,3,At Risk
1895,14936.0,34,8,8137.02,3.555348061489413,2.19722457733622,9.004302186164907,1,Champions
1896,14937.0,57,3,1621.88,4.060443010546419,1.3862943611198906,7.391957627627685,2,Potential Customers
1897,14944.0,30,12,5900.25,3.4339872044851463,2.5649493574615367,8.682919471860496,1,Champions
1898,14946.0,14,1,100.9,2.70805020110221,0.6931471805599453,4.623991940228679,0,Potential Customers
1899,14947.0,72,2,290.82,4.290459441148391,1.0986122886681098,5.676137173835876,3,Potential Customers
1900,14948.0,23,6,1101.97,3.1780538303479458,1.9459101490553128,7.005761820334205,2,Champions
1901,14950.0,19,1,371.2,2.995732273553991,0.6931471805599453,5.91943134420815,0,Potential Customers
1902,14951.0,79,1,311.69,4.382026634673881,0.6931471805599453,5.745212284419341,3,Potential Customers
1903,14952.0,60,11,8099.49,4.110873864173311,2.4849066497880004,8.999679832658012,1,Loyal Customers
1904,14953.0,25,1,289.82,3.258096538021482,0.6931471805599453,5.67270451908534,0,Potential Customers
1905,14954.0,12,1,336.17,2.5649493574615367,0.6931471805599453,5.820587254198285,0,Potential Customers
1906,14957.0,253,1,58.49,5.537334267018537,0.6931471805599453,4.085808231199814,3,At Risk
1907,14958.0,147,3,499.68,4.997212273764115,1.3862943611198906,6.215967174459823,3,Potential Customers
1908,14959.0,64,4,695.42,4.174387269895637,1.6094379124341005,6.545952926608586,2,Potential Customers
1909,14960.0,8,2,221.27,2.19722457733622,1.0986122886681098,5.403892859096676,0,Potential Customers
1910,14961.0,11,9,7044.68,2.4849066497880004,2.302585092994046,8.860169942031078,1,Champions
1911,14962.0,271,1,126.7,5.605802066295998,0.6931471805599453,4.8496837630384935,3,At Risk
1912,14963.0,10,5,1487.8,2.3978952727983707,1.791759469228055,7.305725705328041,2,Champions
1913,14964.0,247,1,206.21,5.513428746164983,0.6931471805599453,5.333732771768991,3,At Risk
1914,14965.0,96,2,599.0,4.574710978503383,1.0986122886681098,6.396929655216146,3,Potential Customers
1915,14966.0,15,1,191.32,2.772588722239781,0.6931471805599453,5.259160651346843,0,Potential Customers
1916,14967.0,50,1,463.8,3.9318256327243257,0.6931471805599453,6.141607205537701,3,Potential Customers
1917,14968.0,30,1,147.59,3.4339872044851463,0.6931471805599453,5.001190835268256,0,Potential Customers
1918,14970.0,68,4,1592.06,4.23410650459726,1.6094379124341005,7.373411973984176,2,Potential Customers
1919,14971.0,35,3,1116.57,3.58351893845611,1.3862943611198906,7.0189119643469615,2,Champions
1920,14972.0,128,1,114.77,4.859812404361672,0.6931471805599453,4.751605464217637,3,Potential Customers
1921,14973.0,107,3,1314.45,4.68213122712422,1.3862943611198906,7.181934091396172,2,Potential Customers
1922,14974.0,37,1,114.39,3.6375861597263857,0.6931471805599453,4.748317695206576,3,Potential Customers
1923,14975.0,57,1,279.94,4.060443010546419,0.6931471805599453,5.638141123402764,3,Potential Customers
1924,14976.0,57,7,790.86,4.060443010546419,2.079441541679836,6.674384608512411,2,Potential Customers
1925,14978.0,72,5,1931.42,4.290459441148391,1.791759469228055,7.566528382450746,2,Potential Customers
1926,14981.0,246,1,102.12,5.5093883366279774,0.6931471805599453,4.635893358630932,3,At Risk
1927,14984.0,19,2,213.27,2.995732273553991,1.0986122886681098,5.3672369020126345,0,Potential Customers
1928,14985.0,198,2,296.75,5.293304824724492,1.0986122886681098,5.696254208235409,3,Potential Customers
1929,14987.0,16,2,326.4,2.833213344056216,1.0986122886681098,5.791182664937034,0,Potential Customers
1930,14988.0,212,1,334.54,5.3612921657094255,0.6931471805599453,5.815741174342255,3,At Risk
1931,14995.0,39,2,233.23,3.688879454113936,1.0986122886681098,5.456303538604819,0,Potential Customers
1932,14997.0,46,3,546.1999999999999,3.8501476017100575,1.3862943611198906,6.3048143663083405,2,Champions
1933,14998.0,170,2,429.87,5.14166355650266,1.0986122886681098,6.06580642047611,3,Potential Customers
1934,15000.0,48,1,490.52,3.8918202981106265,0.6931471805599453,6.197502630519253,3,Potential Customers
1935,15002.0,116,4,1641.76,4.762173934797756,1.6094379124341005,7.404133033112973,2,Potential Customers
1936,15004.0,147,1,1246.32,4.997212273764115,0.6931471805599453,7.128752528637921,3,Potential Customers
1937,15005.0,16,28,6316.57,2.833213344056216,3.367295829986474,8.751089919533372,1,Champions
1938,15006.0,51,1,502.09,3.951243718581428,0.6931471805599453,6.220769080535664,3,Potential Customers
1939,15007.0,159,1,156.91,5.075173815233827,0.6931471805599453,5.062025250478552,3,Potential Customers
1940,15009.0,12,3,1261.78,2.5649493574615367,1.3862943611198906,7.141070918737701,0,Champions
1941,15010.0,36,1,308.94,3.610917912644224,0.6931471805599453,5.736378730359189,0,Potential Customers
1942,15012.0,54,2,423.04,4.007333185232471,1.0986122886681098,6.049827790404897,3,Potential Customers
1943,15014.0,43,2,260.17,3.784189633918261,1.0986122886681098,5.56517153628838,0,Potential Customers
1944,15016.0,173,1,170.04,5.159055299214529,0.6931471805599453,5.141897447276735,3,Potential Customers
1945,15017.0,34,1,125.58,3.555348061489413,0.6931471805599453,4.840874519347159,3,Potential Customers
1946,15018.0,39,3,496.21,3.688879454113936,1.3862943611198906,6.209012472065032,0,Potential Customers
1947,15019.0,267,1,266.0,5.5909869805108565,0.6931471805599453,5.58724865840025,3,At Risk
1948,15021.0,9,9,1914.82,2.302585092994046,2.302585092994046,7.55790100839738,1,Champions
1949,15022.0,12,4,905.04,2.5649493574615367,1.6094379124341005,6.809083455178767,0,Champions
1950,15023.0,3,11,6802.76,1.3862943611198906,2.4849066497880004,8.825230679525026,1,Champions
1951,15024.0,10,10,1661.33,2.3978952727983707,2.3978952727983707,7.415975511662447,1,Champions
1952,15025.0,33,1,377.01,3.5263605246161616,0.6931471805599453,5.934920650296115,0,Potential Customers
1953,15026.0,80,3,469.0,4.394449154672439,1.3862943611198906,6.152732694704104,2,Potential Customers
1954,15027.0,31,4,1066.15,3.4657359027997265,1.6094379124341005,6.972746822489577,2,Champions
1955,15028.0,8,4,627.13,2.19722457733622,1.6094379124341005,6.442747151414763,0,Champions
1956,15030.0,72,2,518.28,4.290459441148391,1.0986122886681098,6.252443236725213,3,Potential Customers
1957,15031.0,4,4,668.14,1.6094379124341005,1.6094379124341005,6.505993305798354,0,Champions
1958,15032.0,256,3,4959.1,5.54907608489522,1.3862943611198906,8.50918118080606,2,At Risk
1959,15033.0,5,10,2586.67,1.791759469228055,2.3978952727983707,7.8585131358985345,1,Champions
1960,15034.0,16,8,4308.61,2.833213344056216,2.19722457733622,8.368602691764597,1,Champions
1961,15035.0,90,1,252.73,4.51085950651685,0.6931471805599453,5.536270709515726,3,Potential Customers
1962,15036.0,72,3,465.55,4.290459441148391,1.3862943611198906,6.145365195680031,2,Potential Customers
1963,15038.0,59,6,705.49,4.0943445622221,1.9459101490553128,6.560309047742739,2,Potential Customers
1964,15039.0,10,47,19914.44,2.3978952727983707,3.871201010907891,9.89925058927075,1,Champions
1965,15041.0,170,1,180.35,5.14166355650266,0.6931471805599453,5.200428865728911,3,Potential Customers
1966,15042.0,199,1,135.93,5.298317366548036,0.6931471805599453,4.919469846344143,3,Potential Customers
1967,15043.0,31,1,537.0,3.4657359027997265,0.6931471805599453,6.2878585601617845,0,Champions
1968,15044.0,19,17,7700.23,2.995732273553991,2.8903717578961645,8.9491353353444,1,Champions
1969,15045.0,152,2,735.66,5.030437921392435,1.0986122886681098,6.602126456028984,3,Potential Customers
1970,15046.0,9,15,5213.77,2.302585092994046,2.772588722239781,8.559250262914823,1,Champions
1971,15047.0,270,1,343.62,5.602118820879701,0.6931471805599453,5.842442360714953,3,At Risk
1972,15048.0,65,4,384.05,4.189654742026425,1.6094379124341005,5.953373195985259,2,Potential Customers
1973,15049.0,274,1,121.17000000000002,5.616771097666572,0.6931471805599453,4.805413517415968,3,At Risk
1974,15050.0,25,3,1782.09,3.258096538021482,1.3862943611198906,7.486103093313854,2,Champions
1975,15051.0,23,3,1391.61,3.1780538303479458,1.3862943611198906,7.238934963295533,2,Champions
1976,15052.0,319,1,215.78,5.768320995793772,0.6931471805599453,5.378883014387604,3,At Risk
1977,15053.0,5,3,697.79,1.791759469228055,1.3862943611198906,6.549350267911373,0,Champions
1978,15054.0,12,2,302.1,2.5649493574615367,1.0986122886681098,5.714062784063757,0,Potential Customers
1979,15057.0,275,2,1489.5,5.62040086571715,1.0986122886681098,7.306866913118126,2,At Risk
1980,15058.0,25,11,2124.99,3.258096538021482,2.4849066497880004,7.661992855221969,1,Champions
1981,15059.0,41,9,1337.72,3.737669618283368,2.302585092994046,7.199469212547289,2,Champions
1982,15060.0,8,4,303.09000000000003,2.19722457733622,1.6094379124341005,5.717323710222868,0,Potential Customers
1983,15061.0,4,48,54534.14,1.6094379124341005,3.8918202981106265,10.906600543518254,1,Champions
1984,15062.0,71,4,987.86,4.276666119016055,1.6094379124341005,6.896552764474143,2,Potential Customers
1985,15063.0,213,1,370.8,5.365976015021851,0.6931471805599453,5.918356075287344,3,At Risk
1986,15065.0,38,4,3158.13,3.6635616461296463,1.6094379124341005,8.058051952218728,2,Champions
1987,15066.0,53,1,893.59,3.9889840465642745,0.6931471805599453,6.796365512756079,3,Potential Customers
1988,15067.0,78,3,1744.76,4.3694478524670215,1.3862943611198906,7.464945269906789,2,Potential Customers
1989,15068.0,46,2,553.36,3.8501476017100575,1.0986122886681098,6.317814295200602,0,Champions
1990,15069.0,179,1,1109.53,5.19295685089021,0.6931471805599453,7.012592657827759,3,Potential Customers
1991,15070.0,373,1,106.2,5.924255797414532,0.6931471805599453,4.674696248636701,3,At Risk
1992,15071.0,94,2,982.07,4.553876891600541,1.0986122886681098,6.890680328191671,2,Potential Customers
1993,15073.0,10,3,1043.41,2.3978952727983707,1.3862943611198906,6.951207411654662,0,Champions
1994,15074.0,105,1,748.87,4.663439094112067,0.6931471805599453,6.619899858173064,3,Potential Customers
1995,15075.0,78,1,773.03,4.3694478524670215,0.6931471805599453,6.651610632528512,3,Potential Customers
1996,15076.0,173,1,880.85,5.159055299214529,0.6931471805599453,6.782021973516374,3,Potential Customers
1997,15078.0,7,32,9743.11,2.079441541679836,3.49650756146648,9.184418278884316,1,Champions
1998,15079.0,213,4,895.61,5.365976015021851,1.6094379124341005,6.798620984904737,2,At Risk
1999,15081.0,22,5,504.8,3.1354942159291497,1.791759469228055,6.226141334235865,0,Champions
2000,15083.0,257,1,88.2,5.552959584921617,0.6931471805599453,4.490881039585964,3,At Risk
2001,15087.0,282,1,306.94,5.645446897643238,0.6931471805599453,5.7299049588017725,3,At Risk
2002,15088.0,21,2,1160.07,3.091042453358316,1.0986122886681098,7.057097272731341,0,Champions
2003,15089.0,10,6,2420.84,2.3978952727983707,1.9459101490553128,7.792282860824383,1,Champions
2004,15090.0,308,1,381.32,5.733341276897746,0.6931471805599453,5.946257954269902,3,At Risk
2005,15091.0,68,1,480.71,4.23410650459726,0.6931471805599453,6.177342273229703,3,Potential Customers
2006,15092.0,215,2,457.81,5.375278407684165,1.0986122886681098,6.1286361810072245,3,At Risk
2007,15093.0,18,6,4597.02,2.9444389791664403,1.9459101490553128,8.433381055030935,1,Champions
2008,15095.0,104,4,1370.6,4.653960350157523,1.6094379124341005,7.223733220588765,2,Potential Customers
2009,15096.0,43,1,219.39,3.784189633918261,0.6931471805599453,5.3953987041986,3,Potential Customers
2010,15097.0,4,1,248.08,1.6094379124341005,0.6931471805599453,5.517774130004251,0,Potential Customers
2011,15098.0,182,3,39916.5,5.209486152841421,1.3862943611198906,10.594570103213856,2,Potential Customers
2012,15099.0,84,1,410.48,4.442651256490317,0.6931471805599453,6.019760416262829,3,Potential Customers
2013,15100.0,334,3,876.0,5.814130531825066,1.3862943611198906,6.776506992372183,3,At Risk
2014,15101.0,9,2,317.53000000000003,2.302585092994046,1.0986122886681098,5.763716662099238,0,Potential Customers
2015,15103.0,31,2,703.36,3.4657359027997265,1.0986122886681098,6.557289589092577,0,Champions
2016,15104.0,197,2,1027.44,5.288267030694535,1.0986122886681098,6.93579837000678,3,Potential Customers
2017,15105.0,18,7,2298.93,2.9444389791664403,2.079441541679836,7.740633966671485,1,Champions
2018,15106.0,18,5,1422.52,2.9444389791664403,1.791759469228055,7.2608879564964575,2,Champions
2019,15107.0,311,6,319.5,5.7430031878094825,1.9459101490553128,5.7698822763607245,3,At Risk
2020,15108.0,142,4,1300.25,4.962844630259907,1.6094379124341005,7.171080619929179,2,Potential Customers
2021,15109.0,246,1,484.95,5.5093883366279774,0.6931471805599453,6.18610573794948,3,At Risk
2022,15110.0,24,4,996.1,3.218875824868201,1.6094379124341005,6.904851065834747,2,Champions
2023,15111.0,29,3,1567.48,3.4011973816621555,1.3862943611198906,7.357862276513416,2,Champions
2024,15113.0,10,3,3609.33,2.3978952727983707,1.3862943611198906,8.19155445989142,2,Champions
2025,15114.0,30,10,2760.56,3.4339872044851463,2.3978952727983707,7.923551016427315,1,Champions
2026,15115.0,18,1,340.11,2.9444389791664403,0.6931471805599453,5.832205005910728,0,Potential Customers
2027,15116.0,18,4,1352.75,2.9444389791664403,1.6094379124341005,7.2106337983152,2,Champions
2028,15117.0,15,5,1551.78,2.772588722239781,1.791759469228055,7.347802151813069,2,Champions
2029,15118.0,134,1,244.8,4.90527477843843,0.6931471805599453,5.504518197131935,3,Potential Customers
2030,15119.0,246,1,266.4,5.5093883366279774,0.6931471805599453,5.588745664667843,3,At Risk
2031,15120.0,134,1,358.82,4.90527477843843,0.6931471805599453,5.885603906408473,3,Potential Customers
2032,15121.0,50,2,457.72,3.9318256327243257,1.0986122886681098,6.12844000213506,0,Potential Customers
2033,15122.0,114,3,1633.78,4.74493212836325,1.3862943611198906,7.399263517702882,2,Potential Customers
2034,15123.0,7,2,2199.31,2.079441541679836,1.0986122886681098,7.696353538510563,0,Champions
2035,15124.0,23,2,184.19,3.1780538303479458,1.0986122886681098,5.221382325073914,0,Potential Customers
2036,15125.0,25,15,11528.48,3.258096538021482,2.772588722239781,9.35266251250627,1,Champions
2037,15127.0,66,1,406.53,4.204692619390966,0.6931471805599453,6.010114549603027,3,Potential Customers
2038,15128.0,60,4,1471.0,4.110873864173311,1.6094379124341005,7.294377299288821,2,Potential Customers
2039,15129.0,50,11,3447.4,3.9318256327243257,2.4849066497880004,8.14566563433577,1,Loyal Customers
2040,15130.0,170,1,330.11,5.14166355650266,0.6931471805599453,5.802450646452902,3,Potential Customers
2041,15132.0,18,5,977.93,2.9444389791664403,1.791759469228055,6.886460138441978,2,Champions
2042,15133.0,128,3,982.42,4.859812404361672,1.3862943611198906,6.891036292375263,2,Potential Customers
2043,15134.0,15,8,1387.99,2.772588722239781,2.19722457733622,7.236332143304382,1,Champions
2044,15135.0,239,1,139.05,5.480638923341991,0.6931471805599453,4.941999501706118,3,At Risk
2045,15136.0,3,4,1286.7,1.3862943611198906,1.6094379124341005,7.160612960279738,0,Champions
2046,15139.0,240,2,178.96,5.484796933490655,1.0986122886681098,5.192734603972972,3,At Risk
2047,15140.0,52,7,2354.25,3.970291913552122,2.079441541679836,7.764402157928777,2,Potential Customers
2048,15142.0,46,1,498.74,3.8501476017100575,0.6931471805599453,6.214087963175304,3,Potential Customers
2049,15143.0,226,1,259.45,5.424950017481403,0.6931471805599453,5.562410904191201,3,At Risk
2050,15144.0,8,17,6580.4400000000005,2.19722457733622,2.8903717578961645,8.792008845361094,1,Champions
2051,15145.0,4,4,1194.73,1.6094379124341005,1.6094379124341005,7.0865121565162825,0,Champions
2052,15146.0,165,2,1327.16,5.111987788356544,1.0986122886681098,7.191549804706725,2,Potential Customers
2053,15147.0,240,1,623.5,5.484796933490655,0.6931471805599453,6.436951329565632,3,At Risk
2054,15148.0,11,1,301.29,2.4849066497880004,0.6931471805599453,5.711386821516136,0,Potential Customers
2055,15149.0,134,1,520.8000000000001,4.90527477843843,0.6931471805599453,6.257284372702628,3,Potential Customers
2056,15150.0,17,10,5314.47,2.8903717578961645,2.3978952727983707,8.578376715841037,1,Champions
2057,15152.0,10,13,4745.69,2.3978952727983707,2.6390573296152584,8.465202812016113,1,Champions
2058,15153.0,31,1,329.25,3.4657359027997265,0.6931471805599453,5.799849943402434,0,Potential Customers
2059,15154.0,75,1,296.42,4.330733340286331,0.6931471805599453,5.695145281260538,3,Potential Customers
2060,15156.0,1,3,961.49,0.6931471805599453,1.3862943611198906,6.869523676497577,0,Champions
2061,15157.0,4,3,1936.07,1.6094379124341005,1.3862943611198906,7.568931801112307,0,Champions
2062,15158.0,45,1,401.4,3.828641396489095,0.6931471805599453,5.9974466187855295,3,Potential Customers
2063,15159.0,2,30,18641.01,1.0986122886681098,3.4339872044851463,9.83317291504409,1,Champions
2064,15160.0,357,1,158.16,5.8805329864007,0.6931471805599453,5.069909985558728,3,At Risk
2065,15163.0,18,2,304.47,2.9444389791664403,1.0986122886681098,5.721851574117079,0,Potential Customers
2066,15164.0,69,3,843.05,4.248495242049359,1.3862943611198906,6.738211734547398,2,Potential Customers
2067,15165.0,373,1,487.75,5.924255797414532,0.6931471805599453,6.191851111299576,3,At Risk
2068,15167.0,321,1,163.0,5.7745515455444085,0.6931471805599453,5.099866427824199,3,At Risk
2069,15168.0,26,1,106.56,3.295836866004329,0.6931471805599453,4.678048831400664,0,Potential Customers
2070,15171.0,331,1,1289.5,5.805134968916488,0.6931471805599453,7.162785019158669,3,At Risk
2071,15172.0,9,5,1624.05,2.302585092994046,1.791759469228055,7.393293863521244,1,Champions
2072,15174.0,323,1,135.75,5.780743515792329,0.6931471805599453,4.91815444130209,3,At Risk
2073,15175.0,72,1,224.14,4.290459441148391,0.6931471805599453,5.416722430926658,3,Potential Customers
2074,15178.0,260,1,40.5,5.564520407322694,0.6931471805599453,3.725693427236653,3,At Risk
2075,15179.0,18,5,2206.9500000000003,2.9444389791664403,1.791759469228055,7.69981976221305,2,Champions
2076,15180.0,367,1,87.5,5.908082938168931,0.6931471805599453,4.483002552013883,3,At Risk
2077,15181.0,66,3,689.48,4.204692619390966,1.3862943611198906,6.537387007911402,2,Potential Customers
2078,15182.0,154,2,622.85,5.043425116919247,1.0986122886681098,6.43590995485703,3,Potential Customers
2079,15184.0,29,2,406.76,3.4011973816621555,1.0986122886681098,6.010678766031786,0,Potential Customers
2080,15185.0,70,1,310.62,4.262679877041316,0.6931471805599453,5.741784496789209,3,Potential Customers
2081,15186.0,14,2,411.41,2.70805020110221,1.0986122886681098,6.022018000151438,0,Potential Customers
2082,15187.0,2,16,4777.18,1.0986122886681098,2.833213344056216,8.471814999842545,1,Champions
2083,15189.0,1,41,16225.39,0.6931471805599453,3.737669618283368,9.694394208164743,1,Champions
2084,15192.0,120,3,1044.32,4.795790545596741,1.3862943611198906,6.952078337618801,2,Potential Customers
2085,15193.0,61,1,499.32,4.127134385045092,0.6931471805599453,6.215247893709531,3,Potential Customers
2086,15194.0,3,15,7616.53,1.3862943611198906,2.772588722239781,8.938207449152076,1,Champions
2087,15195.0,3,1,3861.0,1.3862943611198906,0.6931471805599453,8.258940462988459,0,Champions
2088,15197.0,11,3,1079.61,2.4849066497880004,1.3862943611198906,6.985280975485229,0,Champions
2089,15198.0,92,2,193.64,4.532599493153256,1.0986122886681098,5.271151698475268,3,Potential Customers
2090,15199.0,59,4,1268.7,4.0943445622221,1.6094379124341005,7.1465359310757455,2,Potential Customers
2091,15201.0,87,5,1236.54,4.477336814478207,1.791759469228055,7.120880817152784,2,Potential Customers
2092,15203.0,26,6,1827.8,3.295836866004329,1.9459101490553128,7.511415293040546,2,Champions
2093,15204.0,357,1,316.58,5.8805329864007,0.6931471805599453,5.760729755097951,3,At Risk
2094,15205.0,85,2,653.24,4.454347296253507,1.0986122886681098,6.483474256616332,3,Potential Customers
2095,15206.0,10,4,420.3,2.3978952727983707,1.6094379124341005,6.043345168984971,0,Potential Customers
2096,15208.0,1,5,870.12,0.6931471805599453,1.791759469228055,6.769779740037806,0,Champions
2097,15210.0,225,1,331.18,5.420534999272286,0.6931471805599453,5.805676990670853,3,At Risk
2098,15211.0,60,2,894.4100000000001,4.110873864173311,1.0986122886681098,6.797281713937488,2,Potential Customers
2099,15212.0,241,1,101.8,5.488937726156687,0.6931471805599453,4.632785353021065,3,At Risk
2100,15213.0,319,2,328.35,5.768320995793772,1.0986122886681098,5.797121015086702,3,At Risk
2101,15214.0,2,8,1661.44,1.0986122886681098,2.19722457733622,7.416041681653177,1,Champions
2102,15215.0,47,3,734.94,3.871201010907891,1.3862943611198906,6.601148593666668,2,Champions
2103,15216.0,88,1,96.6,4.48863636973214,0.6931471805599453,4.580877493419047,3,Potential Customers
2104,15218.0,11,11,5756.89,2.4849066497880004,2.4849066497880004,8.658326367134135,1,Champions
2105,15219.0,176,1,305.75,5.176149732573829,0.6931471805599453,5.7260330835910205,3,Potential Customers
2106,15220.0,52,6,1778.96,3.970291913552122,1.9459101490553128,7.484346171123521,2,Potential Customers
2107,15221.0,366,1,403.25,5.905361848054571,0.6931471805599453,6.002033498457216,3,At Risk
2108,15222.0,319,1,585.0,5.768320995793772,0.6931471805599453,6.373319789577012,3,At Risk
2109,15223.0,226,2,755.75,5.424950017481403,1.0986122886681098,6.629032947901828,3,At Risk
2110,15224.0,358,2,322.08,5.883322388488279,1.0986122886681098,5.777899970574095,3,At Risk
2111,15225.0,234,1,409.4,5.459585514144159,0.6931471805599453,6.01713229385656,3,At Risk
2112,15226.0,311,1,154.41,5.7430031878094825,0.6931471805599453,5.04606678592752,3,At Risk
2113,15227.0,37,5,1219.4,3.6375861597263857,1.791759469228055,7.106933952842515,2,Champions
2114,15228.0,66,4,3386.71,4.204692619390966,1.6094379124341005,8.127909455886419,2,Potential Customers
2115,15230.0,239,2,429.6,5.480638923341991,1.0986122886681098,6.065179584930263,3,At Risk
2116,15232.0,113,2,612.06,4.736198448394496,1.0986122886681098,6.418462810428566,3,Potential Customers
2117,15234.0,277,1,197.0,5.627621113690637,0.6931471805599453,5.288267030694535,3,At Risk
2118,15235.0,218,12,2247.51,5.389071729816501,2.5649493574615367,7.718023053610256,2,Loyal Customers
2119,15236.0,299,1,321.05,5.703782474656201,0.6931471805599453,5.7747068129929,3,At Risk
2120,15237.0,2,4,1412.32,1.0986122886681098,1.6094379124341005,7.253696825551129,0,Champions
2121,15238.0,29,3,1071.99,3.4011973816621555,1.3862943611198906,6.978204422922778,2,Champions
2122,15239.0,10,2,780.59,2.3978952727983707,1.0986122886681098,6.661330306378558,0,Champions
2123,15240.0,45,5,1706.57,3.828641396489095,1.791759469228055,7.442826586212262,2,Champions
2124,15241.0,67,8,1756.44,4.219507705176107,2.19722457733622,7.471613483699497,2,Potential Customers
2125,15243.0,74,1,316.68,4.31748811353631,0.6931471805599453,5.7610445868229965,3,Potential Customers
2126,15244.0,65,2,631.57,4.189654742026425,1.0986122886681098,6.449790886414747,2,Potential Customers
2127,15245.0,134,3,2515.84,4.90527477843843,1.3862943611198906,7.83075942537543,2,Potential Customers
2128,15246.0,238,2,514.15,5.476463551931511,1.0986122886681098,6.244458120391077,3,At Risk
2129,15247.0,122,1,356.0,4.812184355372417,0.6931471805599453,5.877735781779639,3,Potential Customers
2130,15249.0,32,13,6688.46,3.49650756146648,2.6390573296152584,8.808288432375653,1,Champions
2131,15251.0,9,11,10484.99,2.302585092994046,2.4849066497880004,9.257795359479534,1,Champions
2132,15252.0,36,2,740.78,3.610917912644224,1.0986122886681098,6.60905270324689,0,Champions
2133,15253.0,16,5,918.2,2.833213344056216,1.791759469228055,6.823503726534546,2,Champions
2134,15254.0,127,1,300.36,4.852030263919617,0.6931471805599453,5.708305563383786,3,Potential Customers
2135,15255.0,67,1,890.85,4.219507705176107,0.6931471805599453,6.793297957004312,3,Potential Customers
2136,15256.0,149,1,98.45,5.010635294096256,0.6931471805599453,4.599655005299981,3,Potential Customers
2137,15257.0,283,1,317.15,5.648974238161206,0.6931471805599453,5.762522969678801,3,At Risk
2138,15258.0,169,2,623.16,5.135798437050262,1.0986122886681098,6.4364067457583465,3,Potential Customers
2139,15260.0,100,7,1810.77,4.61512051684126,2.079441541679836,7.502059546979103,2,Potential Customers
2140,15261.0,135,1,254.82,4.912654885736052,0.6931471805599453,5.544474072171247,3,Potential Customers
2141,15262.0,324,1,178.95000000000002,5.783825182329737,0.6931471805599453,5.19267903452504,3,At Risk
2142,15263.0,107,1,156.51,4.68213122712422,0.6931471805599453,5.059488948313644,3,Potential Customers
2143,15264.0,64,1,393.74,4.174387269895637,0.6931471805599453,5.978227320325962,3,Potential Customers
2144,15265.0,151,2,1506.12,5.0238805208462765,1.0986122886681098,7.317955823857119,2,Potential Customers
2145,15266.0,338,1,119.3,5.82600010738045,0.6931471805599453,4.789988622980633,3,At Risk
2146,15267.0,22,5,1717.36,3.1354942159291497,1.791759469228055,7.449125626576209,2,Champions
2147,15269.0,24,1,408.8,3.218875824868201,0.6931471805599453,6.0156692358048,0,Potential Customers
2148,15270.0,16,7,2379.49,2.833213344056216,2.079441541679836,7.775061627827598,1,Champions
2149,15271.0,7,15,2507.07,2.079441541679836,2.772588722239781,7.82726881204912,1,Champions
2150,15272.0,57,2,721.94,4.060443010546419,1.0986122886681098,6.58332623116324,2,Potential Customers
2151,15274.0,4,2,716.57,1.6094379124341005,1.0986122886681098,6.575870503850624,0,Champions
2152,15275.0,38,1,615.14,3.6635616461296463,0.6931471805599453,6.4234742104382585,0,Champions
2153,15276.0,66,1,135.31,4.204692619390966,0.6931471805599453,4.914931703582751,3,Potential Customers
2154,15277.0,47,1,255.9,3.871201010907891,0.6931471805599453,5.548686904115838,3,Potential Customers
2155,15279.0,355,1,290.51,5.87493073085203,0.6931471805599453,5.675074310519458,3,At Risk
2156,15280.0,172,1,113.12,5.153291594497779,0.6931471805599453,4.737250526345299,3,Potential Customers
2157,15281.0,59,9,2332.15,4.0943445622221,2.302585092994046,7.754974564853873,2,Potential Customers
2158,15286.0,50,1,240.55,3.9318256327243257,0.6931471805599453,5.487076491000416,3,Potential Customers
2159,15287.0,22,2,486.69,3.1354942159291497,1.0986122886681098,6.189679958097341,0,Potential Customers
2160,15288.0,43,5,2306.52,3.784189633918261,1.791759469228055,7.743928633728395,2,Champions
2161,15289.0,29,3,939.78,3.4011973816621555,1.3862943611198906,6.846709318414996,2,Champions
2162,15290.0,5,18,7943.22,1.791759469228055,2.9444389791664403,8.98019989919854,1,Champions
2163,15291.0,26,15,4668.3,3.295836866004329,2.772588722239781,8.448764446494256,1,Champions
2164,15292.0,201,1,180.94,5.308267697401205,0.6931471805599453,5.203676962393915,3,At Risk
2165,15296.0,51,6,3672.86,3.951243718581428,1.9459101490553128,8.208998159442066,2,Potential Customers
2166,15297.0,10,3,641.94,2.3978952727983707,1.3862943611198906,6.466051407286527,0,Champions
2167,15298.0,2,12,4799.9,1.0986122886681098,2.5649493574615367,8.476558679320053,1,Champions
2168,15299.0,67,7,4507.01,4.219507705176107,2.079441541679836,8.413611093435822,2,Potential Customers
2169,15300.0,64,1,496.44,4.174387269895637,0.6931471805599453,6.209474946310444,3,Potential Customers
2170,15301.0,51,12,5070.35,3.951243718581428,2.5649493574615367,8.53136233333043,1,Loyal Customers
2171,15303.0,290,1,574.02,5.673323267171493,0.6931471805599453,6.354404822801145,3,At Risk
2172,15304.0,61,8,694.4,4.127134385045092,2.19722457733622,6.544487219573761,2,Potential Customers
2173,15306.0,64,3,1174.35,4.174387269895637,1.3862943611198906,7.069321254563527,2,Potential Customers
2174,15307.0,96,1,205.3,4.574710978503383,0.6931471805599453,5.329331420077207,3,Potential Customers
2175,15308.0,274,1,310.47,5.616771097666572,0.6931471805599453,5.741303025403381,3,At Risk
2176,15311.0,1,91,60767.9,0.6931471805599453,4.5217885770490405,11.01483342392888,1,Champions
2177,15312.0,75,4,924.85,4.330733340286331,1.6094379124341005,6.830712234483825,2,Potential Customers
2178,15313.0,110,1,52.0,4.709530201312334,0.6931471805599453,3.970291913552122,3,Potential Customers
2179,15314.0,199,1,327.97,5.298317366548036,0.6931471805599453,5.795966561197395,3,Potential Customers
2180,15315.0,64,2,570.5,4.174387269895637,1.0986122886681098,6.348264483234865,3,Potential Customers
2181,15316.0,327,1,165.0,5.793013608384144,0.6931471805599453,5.111987788356544,3,At Risk
2182,15318.0,4,1,312.62,1.6094379124341005,0.6931471805599453,5.748182061952885,0,Potential Customers
2183,15319.0,284,1,204.5,5.652489180268651,0.6931471805599453,5.32544603393629,3,At Risk
2184,15320.0,44,1,267.13,3.80666248977032,0.6931471805599453,5.591471937527057,3,Potential Customers
2185,15321.0,71,3,2748.31,4.276666119016055,1.3862943611198906,7.919105250086756,2,Potential Customers
2186,15322.0,86,1,679.68,4.465908118654584,0.6931471805599453,6.523092298503236,3,Potential Customers
2187,15325.0,104,1,162.29,4.653960350157523,0.6931471805599453,5.0955277611142185,3,Potential Customers
2188,15326.0,334,1,311.71,5.814130531825066,0.6931471805599453,5.74527624348556,3,At Risk
2189,15327.0,53,1,208.75,3.9889840465642745,0.6931471805599453,5.345916345347316,3,Potential Customers
2190,15329.0,39,3,1049.7,3.688879454113936,1.3862943611198906,6.957211887694729,2,Champions
2191,15330.0,32,2,714.9599999999999,3.49650756146648,1.0986122886681098,6.573624299478299,0,Champions
2192,15332.0,366,4,1661.06,5.905361848054571,1.6094379124341005,7.415813075846797,2,At Risk
2193,15333.0,208,1,1028.56,5.342334251964811,0.6931471805599453,6.936886805488385,3,At Risk
2194,15334.0,157,3,351.67,5.062595033026967,1.3862943611198906,5.8655327755013085,3,Potential Customers
2195,15335.0,54,1,173.97,4.007333185232471,0.6931471805599453,5.164614530656529,3,Potential Customers
2196,15339.0,66,2,574.07,4.204692619390966,1.0986122886681098,6.354491772518179,3,Potential Customers
2197,15341.0,81,1,2020.52,4.406719247264253,0.6931471805599453,7.611604982675218,2,Potential Customers
2198,15342.0,130,1,406.09,4.875197323201151,0.6931471805599453,6.0090342912180414,3,Potential Customers
2199,15343.0,87,1,364.5,4.477336814478207,0.6931471805599453,5.901266279189834,3,Potential Customers
2200,15344.0,1,3,563.94,0.6931471805599453,1.3862943611198906,6.3367195308171205,0,Champions
2201,15345.0,46,1,393.54,3.8501476017100575,0.6931471805599453,5.9777205293157225,3,Potential Customers
2202,15346.0,333,1,252.42,5.811140992976701,0.6931471805599453,5.5350481913707625,3,At Risk
2203,15347.0,366,1,201.6,5.905361848054571,0.6931471805599453,5.311233591814583,3,At Risk
2204,15348.0,72,1,158.04,4.290459441148391,0.6931471805599453,5.069155742908264,3,Potential Customers
2205,15349.0,158,2,473.81,5.068904202220232,1.0986122886681098,6.1629147240133015,3,Potential Customers
2206,15350.0,373,1,115.65,5.924255797414532,0.6931471805599453,4.759177998467439,3,At Risk
2207,15351.0,12,7,1960.11,2.5649493574615367,2.079441541679836,7.581265918452825,1,Champions
2208,15353.0,255,2,777.02,5.545177444479562,1.0986122886681098,6.656752230788848,3,At Risk
2209,15355.0,29,2,277.05,3.4011973816621555,1.0986122886681098,5.627800953633573,0,Potential Customers
2210,15356.0,31,10,2766.5,3.4657359027997265,2.3978952727983707,7.925699664582792,1,Champions
2211,15358.0,5,22,8347.2,1.791759469228055,3.1354942159291497,9.029801225744318,1,Champions
2212,15360.0,40,1,427.93,3.713572066704308,0.6931471805599453,6.061293735451147,0,Potential Customers
2213,15361.0,362,1,418.92,5.8944028342648505,0.6931471805599453,6.040064216944044,3,At Risk
2214,15363.0,373,1,326.0,5.924255797414532,0.6931471805599453,5.7899601708972535,3,At Risk
2215,15364.0,96,2,913.19,4.574710978503383,1.0986122886681098,6.818038427312331,2,Potential Customers
2216,15365.0,26,7,2314.32,3.295836866004329,2.079441541679836,7.74730318590928,2,Champions
2217,15366.0,75,2,602.51,4.330733340286331,1.0986122886681098,6.40276261040859,3,Potential Customers
2218,15367.0,57,4,1877.59,4.060443010546419,1.6094379124341005,7.538276774433291,2,Potential Customers
2219,15368.0,21,1,446.94000000000005,3.091042453358316,0.6931471805599453,6.104659294874325,0,Potential Customers
2220,15370.0,41,7,2386.05,3.737669618283368,2.079441541679836,7.77781357291459,2,Champions
2221,15372.0,137,1,2007.4,4.927253685157205,0.6931471805599453,7.605093664160551,2,Potential Customers
2222,15373.0,8,12,2415.91,2.19722457733622,2.5649493574615367,7.79024514376692,1,Champions
2223,15374.0,129,1,168.0,4.867534450455582,0.6931471805599453,5.1298987149230735,3,Potential Customers
2224,15376.0,40,3,1233.36,3.713572066704308,1.3862943611198906,7.118307896116917,2,Champions
2225,15379.0,169,7,3703.29,5.135798437050262,2.079441541679836,8.217246886437776,2,Potential Customers
2226,15380.0,9,5,1690.26,2.302585092994046,1.791759469228055,7.433229092253918,1,Champions
2227,15381.0,214,2,596.85,5.3706380281276624,1.0986122886681098,6.393339886365589,3,At Risk
2228,15382.0,15,6,5955.71,2.772588722239781,1.9459101490553128,8.692273594221074,1,Champions
2229,15384.0,170,2,642.41,5.14166355650266,1.0986122886681098,6.46678215711498,3,Potential Customers
2230,15385.0,40,1,316.88,3.713572066704308,0.6931471805599453,5.761673953071979,0,Potential Customers
2231,15386.0,186,1,394.14,5.231108616854587,0.6931471805599453,5.979240132485259,3,Potential Customers
2232,15388.0,270,1,140.54,5.602118820879701,0.6931471805599453,4.952582362647639,3,At Risk
2233,15389.0,172,1,500.0,5.153291594497779,0.6931471805599453,6.2166061010848646,3,Potential Customers
2234,15392.0,5,4,1535.53,1.791759469228055,1.6094379124341005,7.337281906274171,0,Champions
2235,15393.0,16,2,231.86,2.833213344056216,1.0986122886681098,5.45043741460887,0,Potential Customers
2236,15394.0,10,4,2183.54,2.3978952727983707,1.6094379124341005,7.689160559050125,2,Champions
2237,15395.0,326,1,107.45,5.7899601708972535,0.6931471805599453,4.686289237272884,3,At Risk
2238,15396.0,113,1,288.18,4.736198448394496,0.6931471805599453,5.66704933159998,3,Potential Customers
2239,15397.0,290,1,94.0,5.673323267171493,0.6931471805599453,4.553876891600541,3,At Risk
2240,15398.0,16,2,1345.53,2.833213344056216,1.0986122886681098,7.205286191988605,0,Champions
2241,15399.0,1,3,815.77,0.6931471805599453,1.3862943611198906,6.705357537478585,0,Champions
2242,15400.0,92,5,716.2,4.532599493153256,1.791759469228055,6.575354741730978,2,Potential Customers
2243,15402.0,149,2,626.77,5.010635294096256,1.0986122886681098,6.442173857346988,3,Potential Customers
2244,15405.0,189,1,349.1,5.247024072160486,0.6931471805599453,5.85821882796062,3,Potential Customers
2245,15406.0,31,2,510.71,3.4657359027997265,1.0986122886681098,6.237758058320892,0,Champions
2246,15407.0,34,4,1056.44,3.555348061489413,1.6094379124341005,6.963606171722143,2,Champions
2247,15408.0,264,1,267.18,5.579729825986222,0.6931471805599453,5.591658396851496,3,At Risk
2248,15410.0,84,8,3450.84,4.442651256490317,2.19722457733622,8.146662701187065,2,Potential Customers
2249,15411.0,26,4,1358.88,3.295836866004329,1.6094379124341005,7.215151739543018,2,Champions
2250,15412.0,171,1,190.53,5.147494476813453,0.6931471805599453,5.25504445431457,3,Potential Customers
2251,15414.0,10,3,774.9000000000001,2.3978952727983707,1.3862943611198906,6.654023645899904,0,Champions
2252,15415.0,313,1,572.8100000000001,5.749392985908253,0.6931471805599453,6.3522983310705525,3,At Risk
2253,15416.0,65,4,3984.32,4.189654742026425,1.6094379124341005,8.290372889129587,2,Potential Customers
2254,15417.0,85,1,508.8,4.454347296253507,0.6931471805599453,6.234018491942015,3,Potential Customers
2255,15419.0,25,1,135.86,3.258096538021482,0.6931471805599453,4.918958505524352,0,Potential Customers
2256,15421.0,59,4,950.36,4.0943445622221,1.6094379124341005,6.857892539809733,2,Potential Customers
2257,15422.0,323,2,97.7,5.780743515792329,1.0986122886681098,4.592084946439436,3,At Risk
2258,15423.0,38,1,43.5,3.6635616461296463,0.6931471805599453,3.795489189172194,3,Potential Customers
2259,15424.0,254,2,383.34,5.541263545158426,1.0986122886681098,5.951527577504281,3,At Risk
2260,15426.0,19,5,1447.39,2.995732273553991,1.791759469228055,7.278207873697534,2,Champions
2261,15427.0,33,3,1483.14,3.5263605246161616,1.3862943611198906,7.302590758900265,2,Champions
2262,15428.0,15,1,93.78,2.772588722239781,0.6931471805599453,4.551558416539442,0,Potential Customers
2263,15429.0,27,2,397.35,3.332204510175204,1.0986122886681098,5.987331015826375,0,Potential Customers
2264,15432.0,23,1,171.19000000000003,3.1780538303479458,0.6931471805599453,5.148598518298095,0,Potential Customers
2265,15433.0,214,2,533.3,5.3706380281276624,1.0986122886681098,6.2809574789637255,3,At Risk
2266,15434.0,8,5,1041.48,2.19722457733622,1.791759469228055,6.94935776883665,0,Champions
2267,15435.0,22,1,149.29,3.1354942159291497,0.6931471805599453,5.012566760946003,0,Potential Customers
2268,15436.0,12,3,1122.53,2.5649493574615367,1.3862943611198906,7.024230793538577,0,Champions
2269,15437.0,262,1,200.16,5.572154032177765,0.6931471805599453,5.304100611303764,3,At Risk
2270,15438.0,131,1,156.57999999999998,4.882801922586371,0.6931471805599453,5.059933265817542,3,Potential Customers
2271,15440.0,55,3,383.68,4.02535169073515,1.3862943611198906,5.952411819844281,2,Potential Customers
2272,15442.0,249,1,594.0,5.521460917862246,0.6931471805599453,6.38856140554563,3,At Risk
2273,15443.0,2,7,3236.91,1.0986122886681098,2.079441541679836,8.08268333891615,1,Champions
2274,15444.0,9,2,1418.26,2.302585092994046,1.0986122886681098,7.257890888001,0,Champions
2275,15445.0,264,1,113.5,5.579729825986222,0.6931471805599453,4.740574822994295,3,At Risk
2276,15447.0,331,1,155.17000000000002,5.805134968916488,0.6931471805599453,5.050945157499754,3,At Risk
2277,15448.0,313,1,494.64,5.749392985908253,0.6931471805599453,6.2058498567482925,3,At Risk
2278,15449.0,26,3,974.52,3.295836866004329,1.3862943611198906,6.882970662159506,2,Champions
2279,15450.0,30,1,429.84,3.4339872044851463,0.6931471805599453,6.0657367914825695,0,Potential Customers
2280,15452.0,30,3,538.73,3.4339872044851463,1.3862943611198906,6.291069014516638,0,Champions
2281,15453.0,2,7,1388.37,1.0986122886681098,2.079441541679836,7.236605685971544,1,Champions
2282,15454.0,362,1,179.1,5.8944028342648505,0.6931471805599453,5.19351225218191,3,At Risk
2283,15456.0,283,3,447.22,5.648974238161206,1.3862943611198906,6.105284183307442,3,At Risk
2284,15457.0,262,1,237.07,5.572154032177765,0.6931471805599453,5.472564748074418,3,At Risk
2285,15458.0,25,1,161.64,3.258096538021482,0.6931471805599453,5.091539169320091,0,Potential Customers
2286,15460.0,354,1,216.76,5.872117789475416,0.6931471805599453,5.383393538903156,3,At Risk
2287,15462.0,94,3,234.6,4.553876891600541,1.3862943611198906,5.462135451777431,3,Potential Customers
2288,15463.0,29,1,126.14,3.4011973816621555,0.6931471805599453,4.845288841508263,0,Potential Customers
2289,15464.0,338,1,1048.85,5.82600010738045,0.6931471805599453,6.956402575803658,3,At Risk
2290,15465.0,20,18,7354.62,3.044522437723423,2.9444389791664403,8.903219925879805,1,Champions
2291,15466.0,85,1,334.53,4.454347296253507,0.6931471805599453,5.815711371192059,3,Potential Customers
2292,15467.0,9,3,524.88,2.302585092994046,1.3862943611198906,6.265073049828404,0,Champions
2293,15468.0,51,2,467.51,3.951243718581428,1.0986122886681098,6.149557446167864,0,Potential Customers
2294,15469.0,50,2,538.55,3.9318256327243257,1.0986122886681098,6.290735458809743,0,Potential Customers
2295,15471.0,2,1,469.48,1.0986122886681098,0.6931471805599453,6.153753450151701,0,Potential Customers
2296,15472.0,113,1,371.56,4.736198448394496,0.6931471805599453,5.920398098674122,3,Potential Customers
2297,15473.0,14,7,1771.2,2.70805020110221,2.079441541679836,7.479976991613202,1,Champions
2298,15475.0,77,1,454.11,4.356708826689592,0.6931471805599453,6.120539147973894,3,Potential Customers
2299,15478.0,40,2,1441.42,3.713572066704308,1.0986122886681098,7.274077537572236,2,Champions
2300,15480.0,116,1,905.5,4.762173934797756,0.6931471805599453,6.809591030194905,3,Potential Customers
2301,15482.0,16,12,11054.96,2.833213344056216,2.5649493574615367,9.3107249280559,1,Champions
2302,15483.0,161,4,233.81,5.087596335232384,1.6094379124341005,5.458776676484857,3,Potential Customers
2303,15484.0,1,4,3594.31,0.6931471805599453,1.6094379124341005,8.187385497313695,1,Champions
2304,15485.0,30,3,2575.0,3.4339872044851463,1.3862943611198906,7.853993087224244,2,Champions
2305,15488.0,93,1,91.32,4.543294782270004,0.6931471805599453,4.52526080275979,3,Potential Customers
2306,15489.0,23,3,1134.28,3.1780538303479458,1.3862943611198906,7.034634595526282,2,Champions
2307,15491.0,95,6,3100.09,4.564348191467836,1.9459101490553128,8.039508941575132,2,Potential Customers
2308,15492.0,28,2,659.46,3.367295829986474,1.0986122886681098,6.492936561946857,0,Champions
2309,15493.0,33,5,2001.8,3.5263605246161616,1.791759469228055,7.60230148045579,2,Champions
2310,15494.0,21,2,1299.23,3.091042453358316,1.0986122886681098,7.170296450877509,0,Champions
2311,15497.0,18,2,1262.2,2.9444389791664403,1.0986122886681098,7.141403462941432,0,Champions
2312,15498.0,3,27,13316.4,1.3862943611198906,3.332204510175204,9.496826729846124,1,Champions
2313,15500.0,8,4,1131.56,2.19722457733622,1.6094379124341005,7.032235836086242,0,Champions
2314,15502.0,16,12,10384.93,2.833213344056216,2.5649493574615367,9.248207284539456,1,Champions
2315,15503.0,363,1,147.09,5.8971538676367405,0.6931471805599453,4.997820197049412,3,At Risk
2316,15504.0,81,1,52.83,4.406719247264253,0.6931471805599453,3.985830932572866,3,Potential Customers
2317,15505.0,53,5,3610.96,3.9889840465642745,1.791759469228055,8.192005840278435,2,Potential Customers
2318,15506.0,23,3,979.26,3.1780538303479458,1.3862943611198906,6.88781784259962,2,Champions
2319,15507.0,172,1,492.36,5.153291594497779,0.6931471805599453,6.201239130683238,3,Potential Customers
2320,15508.0,189,6,1000.27,5.247024072160486,1.9459101490553128,6.909024473214282,2,Potential Customers
2321,15510.0,331,1,250.0,5.805134968916488,0.6931471805599453,5.525452939131784,3,At Risk
2322,15511.0,12,5,909.23,2.5649493574615367,1.791759469228055,6.813697314828437,0,Champions
2323,15512.0,156,2,121.0,5.056245805348308,1.0986122886681098,4.804021044733257,3,Potential Customers
2324,15513.0,33,19,14758.22,3.5263605246161616,2.995732273553991,9.599623251229634,1,Champions
2325,15514.0,12,11,4139.46,2.5649493574615367,2.4849066497880004,8.328562171758088,1,Champions
2326,15516.0,45,3,62.43,3.828641396489095,1.3862943611198906,4.149936935645806,3,Potential Customers
2327,15517.0,233,1,267.03,5.455321115357702,0.6931471805599453,5.591098914544516,3,At Risk
2328,15518.0,64,8,1942.45,4.174387269895637,2.19722457733622,7.572220023179759,2,Potential Customers
2329,15520.0,2,1,343.5,1.0986122886681098,0.6931471805599453,5.842094090453713,0,Potential Customers
2330,15521.0,40,8,3000.2,3.713572066704308,2.19722457733622,8.006767487671574,2,Champions
2331,15522.0,33,2,398.84,3.5263605246161616,1.0986122886681098,5.991064467086642,0,Potential Customers
2332,15523.0,84,1,412.0100000000001,4.442651256490317,0.6931471805599453,6.023471805742962,3,Potential Customers
2333,15524.0,25,1,440.0,3.258096538021482,0.6931471805599453,6.089044875446846,0,Potential Customers
2334,15525.0,2,3,825.92,1.0986122886681098,1.3862943611198906,6.717707955157117,0,Champions
2335,15526.0,33,2,148.44,3.5263605246161616,1.0986122886681098,5.006894974480533,0,Potential Customers
2336,15527.0,19,8,2429.78,2.995732273553991,2.19722457733622,7.795967472483399,1,Champions
2337,15528.0,254,1,229.33,5.541263545158426,0.6931471805599453,5.439513063214815,3,At Risk
2338,15529.0,23,11,3995.23,3.1780538303479458,2.4849066497880004,8.293106695669628,1,Champions
2339,15530.0,22,4,1502.35,3.1354942159291497,1.6094379124341005,7.315451230241661,2,Champions
2340,15531.0,8,2,2007.44,2.19722457733622,1.0986122886681098,7.605113580313547,0,Champions
2341,15532.0,25,4,1580.93,3.258096538021482,1.6094379124341005,7.366400899561026,2,Champions
2342,15533.0,19,3,807.57,2.995732273553991,1.3862943611198906,6.695267255355902,0,Champions
2343,15535.0,173,4,536.4,5.159055299214529,1.6094379124341005,6.286742696181391,2,Potential Customers
2344,15537.0,163,1,110.92,5.099866427824199,0.6931471805599453,4.717784330357226,3,Potential Customers
2345,15539.0,7,1,538.46,2.079441541679836,0.6931471805599453,6.290568639224737,0,Champions
2346,15540.0,11,1,213.3,2.4849066497880004,0.6931471805599453,5.367376902479531,0,Potential Customers
2347,15541.0,114,1,85.13000000000001,4.74493212836325,0.6931471805599453,4.455857782801083,3,Potential Customers
2348,15543.0,288,1,127.86,5.666426688112432,0.6931471805599453,4.858726543710496,3,At Risk
2349,15544.0,9,9,3546.71,2.302585092994046,2.302585092994046,8.174057603899483,1,Champions
2350,15545.0,54,2,292.72,4.007333185232471,1.0986122886681098,5.68262693258341,3,Potential Customers
2351,15547.0,7,14,4954.84,2.079441541679836,2.70805020110221,8.50832195812781,1,Champions
2352,15549.0,77,3,1693.26,4.356708826689592,1.3862943611198906,7.435001346315463,2,Potential Customers
2353,15550.0,4,4,575.63,1.6094379124341005,1.6094379124341005,6.357200812987149,0,Champions
2354,15551.0,37,1,436.06,3.6375861597263857,0.6931471805599453,6.080070485442007,0,Potential Customers
2355,15552.0,217,1,90.12,5.384495062789089,0.6931471805599453,4.512177319138927,3,At Risk
2356,15553.0,60,1,437.23,4.110873864173311,0.6931471805599453,6.082743886707506,3,Potential Customers
2357,15554.0,278,1,217.2,5.631211781821365,0.6931471805599453,5.38541207339897,3,At Risk
2358,15555.0,12,16,4805.17,2.5649493574615367,2.833213344056216,8.477655788121927,1,Champions
2359,15556.0,24,1,279.77,3.218875824868201,0.6931471805599453,5.637535828837275,0,Potential Customers
2360,15557.0,29,1,473.65,3.4011973816621555,0.6931471805599453,6.162577690327808,0,Potential Customers
2361,15561.0,12,4,800.5899999999999,2.5649493574615367,1.6094379124341005,6.686597255202886,0,Champions
2362,15562.0,352,1,134.55,5.8664680569332965,0.6931471805599453,4.909340575944674,3,At Risk
2363,15563.0,22,4,1400.44,3.1354942159291497,1.6094379124341005,7.245255558414779,2,Champions
2364,15565.0,50,2,173.16000000000005,3.9318256327243257,1.0986122886681098,5.159974416926292,3,Potential Customers
2365,15567.0,19,1,186.01,2.995732273553991,0.6931471805599453,5.231162091360629,0,Potential Customers
2366,15568.0,3,3,758.29,1.3862943611198906,1.3862943611198906,6.63238378610744,0,Champions
2367,15569.0,104,5,1375.71,4.653960350157523,1.791759469228055,7.227451873789157,2,Potential Customers
2368,15570.0,7,12,4165.52,2.079441541679836,2.5649493574615367,8.334836434002748,1,Champions
2369,15571.0,12,4,650.4300000000001,2.5649493574615367,1.6094379124341005,6.47916994643317,0,Champions
2370,15572.0,5,7,2552.86,1.791759469228055,2.079441541679836,7.845361219115093,1,Champions
2371,15573.0,32,2,607.45,3.49650756146648,1.0986122886681098,6.410914739782809,0,Champions
2372,15574.0,178,4,702.25,5.187385805840755,1.6094379124341005,6.555712447369967,2,Potential Customers
2373,15576.0,38,1,940.67,3.6635616461296463,0.6931471805599453,6.847654894729176,0,Champions
2374,15577.0,151,3,258.88,5.0238805208462765,1.3862943611198906,5.5602199860123305,3,Potential Customers
2375,15578.0,162,1,127.1,5.093750200806762,0.6931471805599453,4.852811208902689,3,Potential Customers
2376,15579.0,69,2,348.6,4.248495242049359,1.0986122886681098,5.85678964378138,3,Potential Customers
2377,15581.0,121,13,3679.97,4.804021044733257,2.6390573296152584,8.210931583386559,2,Loyal Customers
2378,15582.0,25,3,682.9100000000001,3.258096538021482,1.3862943611198906,6.527826330017913,0,Champions
2379,15584.0,24,4,725.11,3.218875824868201,1.6094379124341005,6.58770151849905,2,Champions
2380,15585.0,177,1,455.3,5.181783550292085,0.6931471805599453,6.123150487933357,3,Potential Customers
2381,15587.0,50,4,913.68,3.9318256327243257,1.6094379124341005,6.818574277330894,2,Potential Customers
2382,15589.0,256,3,478.53,5.54907608489522,1.3862943611198906,6.172806457538428,3,At Risk
2383,15592.0,47,1,388.58,3.871201010907891,0.6931471805599453,5.965069235748451,3,Potential Customers
2384,15593.0,71,1,199.8,4.276666119016055,0.6931471805599453,5.302309387817574,3,Potential Customers
2385,15594.0,16,5,1771.78,2.833213344056216,1.791759469228055,7.48030421490088,2,Champions
2386,15596.0,101,5,1406.59,4.624972813284271,1.791759469228055,7.249634301131203,2,Potential Customers
2387,15597.0,35,1,324.57,3.58351893845611,0.6931471805599453,5.785577492291319,0,Potential Customers
2388,15598.0,53,1,240.68,3.9889840465642745,0.6931471805599453,5.487614537078416,3,Potential Customers
2389,15599.0,27,2,761.74,3.332204510175204,1.0986122886681098,6.636917213055248,0,Champions
2390,15601.0,11,14,6776.56,2.4849066497880004,2.70805020110221,8.821372434155471,1,Champions
2391,15602.0,8,9,1297.87,2.19722457733622,2.302585092994046,7.16924993468027,1,Champions
2392,15603.0,79,1,48.48,4.382026634673881,0.6931471805599453,3.901568547524288,3,Potential Customers
2393,15604.0,52,1,216.39,3.970291913552122,0.6931471805599453,5.381692975469088,3,Potential Customers
2394,15605.0,36,5,1198.23,3.610917912644224,1.791759469228055,7.089434963153261,2,Champions
2395,15606.0,61,9,2920.16,4.127134385045092,2.302585092994046,7.9797360766493295,2,Potential Customers
2396,15607.0,337,1,104.76,5.823045895483019,0.6931471805599453,4.6611723761033765,3,At Risk
2397,15608.0,28,4,1093.68,3.367295829986474,1.6094379124341005,6.998217362097996,2,Champions
2398,15609.0,184,1,298.48,5.220355825078324,0.6931471805599453,5.702047637362485,3,Potential Customers
2399,15610.0,52,1,112.46,3.970291913552122,0.6931471805599453,4.731450351898421,3,Potential Customers
2400,15611.0,10,13,1591.45,2.3978952727983707,2.6390573296152584,7.373028989779162,1,Champions
2401,15612.0,36,2,195.15,3.610917912644224,1.0986122886681098,5.278879672655561,0,Potential Customers
2402,15615.0,10,23,10399.74,2.3978952727983707,3.1780538303479458,9.249632236444302,1,Champions
2403,15618.0,33,4,776.851,3.5263605246161616,1.6094379124341005,6.656534989127213,2,Champions
2404,15619.0,11,1,336.4,2.4849066497880004,0.6931471805599453,5.821269170111868,0,Potential Customers
2405,15620.0,57,3,1553.18,4.060443010546419,1.3862943611198906,7.348703354335633,2,Potential Customers
2406,15621.0,4,4,1293.03,1.6094379124341005,1.6094379124341005,7.165516658717914,0,Champions
2407,15622.0,43,9,3709.56,3.784189633918261,2.302585092994046,8.2189380876069,1,Champions
2408,15623.0,141,1,301.03000000000003,4.955827057601261,0.6931471805599453,5.7105263501895465,3,Potential Customers
2409,15624.0,117,4,588.13,4.770684624465665,1.6094379124341005,6.3786468723710446,2,Potential Customers
2410,15625.0,104,4,1534.26,4.653960350157523,1.6094379124341005,7.336455026785429,2,Potential Customers
2411,15626.0,75,2,675.8,4.330733340286331,1.0986122886681098,6.517375808292013,2,Potential Customers
2412,15628.0,5,9,2870.24,1.791759469228055,2.302585092994046,7.962499271193586,1,Champions
2413,15630.0,45,2,1186.35,3.828641396489095,1.0986122886681098,7.079479212140812,2,Champions
2414,15632.0,16,8,3285.31,2.833213344056216,2.19722457733622,8.097520633770152,1,Champions
2415,15634.0,17,1,243.55,2.8903717578961645,0.6931471805599453,5.499419786985366,0,Potential Customers
2416,15636.0,90,2,724.76,4.51085950651685,1.0986122886681098,6.587219381659278,2,Potential Customers
2417,15637.0,53,1,223.36,3.9889840465642745,0.6931471805599453,5.413251904640136,3,Potential Customers
2418,15639.0,134,1,425.32,4.90527477843843,0.6931471805599453,6.055190237988527,3,Potential Customers
2419,15640.0,4,15,12515.66,1.6094379124341005,2.772588722239781,9.43481583590086,1,Champions
2420,15641.0,105,4,1887.2,4.663439094112067,1.6094379124341005,7.543379273298417,2,Potential Customers
2421,15643.0,192,3,664.0,5.262690188904886,1.3862943611198906,6.499787040655854,3,Potential Customers
2422,15644.0,166,4,813.0,5.117993812416755,1.6094379124341005,6.70196036600254,2,Potential Customers
2423,15645.0,19,1,612.01,2.995732273553991,0.6931471805599453,6.418381249016855,0,Champions
2424,15646.0,158,3,447.64,5.068904202220232,1.3862943611198906,6.106220784406171,3,Potential Customers
2425,15648.0,204,2,657.35,5.3230099791384085,1.0986122886681098,6.489736704802353,3,At Risk
2426,15649.0,336,2,816.0,5.820082930352362,1.0986122886681098,6.705639094860003,3,At Risk
2427,15651.0,37,3,646.3,3.6375861597263857,1.3862943611198906,6.472809865551464,2,Champions
2428,15652.0,91,1,337.74,4.5217885770490405,0.6931471805599453,5.825232851462975,3,Potential Customers
2429,15653.0,93,2,877.44,4.543294782270004,1.0986122886681098,6.7781476070590925,2,Potential Customers
2430,15654.0,9,2,922.53,2.302585092994046,1.0986122886681098,6.828203284222655,0,Champions
2431,15655.0,243,1,560.6700000000001,5.497168225293202,0.6931471805599453,6.330914488818843,3,At Risk
2432,15656.0,45,4,748.5,3.828641396489095,1.6094379124341005,6.619406317542652,2,Champions
2433,15657.0,23,1,30.0,3.1780538303479458,0.6931471805599453,3.4339872044851463,3,Potential Customers
2434,15658.0,190,5,1024.1,5.25227342804663,1.791759469228055,6.932545447789356,2,Potential Customers
2435,15659.0,44,1,306.45,3.80666248977032,0.6931471805599453,5.728312472399479,3,Potential Customers
2436,15660.0,25,9,1600.86,3.258096538021482,2.302585092994046,7.378920733047961,1,Champions
2437,15661.0,317,2,309.8,5.762051382780177,1.0986122886681098,5.739149618493492,3,At Risk
2438,15663.0,106,1,138.14,4.672828834461906,0.6931471805599453,4.935480620495495,3,Potential Customers
2439,15664.0,51,1,386.43,3.951243718581428,0.6931471805599453,5.959535187313809,3,Potential Customers
2440,15665.0,168,2,2242.01,5.1298987149230735,1.0986122886681098,7.7155739928250275,2,Potential Customers
2441,15667.0,40,1,301.32000000000005,3.713572066704308,0.6931471805599453,5.711486059041234,3,Potential Customers
2442,15668.0,218,1,76.32000000000001,5.389071729816501,0.6931471805599453,4.34795265434013,3,At Risk
2443,15669.0,40,4,684.34,3.713572066704308,1.6094379124341005,6.529915065486092,2,Champions
2444,15670.0,297,1,173.05,5.697093486505405,0.6931471805599453,5.159342614257448,3,At Risk
2445,15671.0,19,7,2657.13,2.995732273553991,2.079441541679836,7.885378147031288,1,Champions
2446,15673.0,88,4,2881.02,4.48863636973214,1.6094379124341005,7.966246716160649,2,Potential Customers
2447,15674.0,73,5,2446.6,4.30406509320417,1.791759469228055,7.802863231588385,2,Potential Customers
2448,15675.0,81,3,323.69,4.406719247264253,1.3862943611198906,5.782870880975165,3,Potential Customers
2449,15676.0,19,3,3435.76,2.995732273553991,1.3862943611198906,8.142284446073054,2,Champions
2450,15677.0,49,1,657.23,3.912023005428146,0.6931471805599453,6.489554414321968,3,Champions
2451,15678.0,53,1,352.7,3.9889840465642745,0.6931471805599453,5.868449096211435,3,Potential Customers
2452,15679.0,24,4,781.28,3.218875824868201,1.6094379124341005,6.6622127327244485,2,Champions
2453,15680.0,9,3,1333.68,2.302585092994046,1.3862943611198906,7.196446841727092,0,Champions
2454,15681.0,25,5,1426.16,3.258096538021482,1.791759469228055,7.263441734527154,2,Champions
2455,15683.0,117,1,193.75,4.770684624465665,0.6931471805599453,5.271716684750857,3,Potential Customers
2456,15687.0,9,9,2993.1,2.302585092994046,2.302585092994046,8.004398964555403,1,Champions
2457,15689.0,120,2,254.1,4.795790545596741,1.0986122886681098,5.541655625147766,3,Potential Customers
2458,15690.0,4,2,239.76,1.6094379124341005,1.0986122886681098,5.48380058667957,0,Potential Customers
2459,15691.0,252,1,136.8,5.53338948872752,0.6931471805599453,4.925803358579558,3,At Risk
2460,15692.0,28,1,191.04,3.367295829986474,0.6931471805599453,5.25770368366274,0,Potential Customers
2461,15694.0,1,14,6479.4,0.6931471805599453,2.70805020110221,8.776537515836264,1,Champions
2462,15695.0,267,2,409.98,5.5909869805108565,1.0986122886681098,6.018544551511725,3,At Risk
2463,15696.0,33,8,2736.46,3.5263605246161616,2.19722457733622,7.914785762145856,2,Champions
2464,15699.0,18,1,309.65,2.9444389791664403,0.6931471805599453,5.738666876509702,0,Potential Customers
2465,15700.0,172,2,696.68,5.153291594497779,1.0986122886681098,6.54776054491873,3,Potential Customers
2466,15701.0,2,4,1542.14,1.0986122886681098,1.6094379124341005,7.34157458058683,1,Champions
2467,15703.0,265,1,211.5,5.583496308781699,0.6931471805599453,5.358941988364472,3,At Risk
2468,15704.0,140,4,2293.62,4.948759890378168,1.6094379124341005,7.738322531443156,2,Potential Customers
2469,15705.0,201,1,143.1,5.308267697401205,0.6931471805599453,4.970507503005476,3,At Risk
2470,15706.0,64,4,1060.56,4.174387269895637,1.6094379124341005,6.967494803332995,2,Potential Customers
2471,15707.0,35,4,945.58,3.58351893845611,1.6094379124341005,6.852855489000475,2,Champions
2472,15708.0,41,7,3364.24,3.737669618283368,2.079441541679836,8.121254561972354,2,Champions
2473,15709.0,284,1,133.25,5.652489180268651,0.6931471805599453,4.899703733388974,3,At Risk
2474,15712.0,9,5,1072.36,2.302585092994046,1.791759469228055,6.978549194282216,0,Champions
2475,15713.0,143,2,356.7,4.969813299576001,1.0986122886681098,5.879694646264972,3,Potential Customers
2476,15714.0,12,2,330.88,2.5649493574615367,1.0986122886681098,5.804773457796085,0,Potential Customers
2477,15716.0,146,4,1118.81,4.990432586778736,1.6094379124341005,7.0209143070410205,2,Potential Customers
2478,15717.0,234,1,150.3,5.459585514144159,0.6931471805599453,5.01926462079431,3,At Risk
2479,15719.0,33,13,5045.61,3.5263605246161616,2.6390573296152584,8.526472009726604,1,Champions
2480,15720.0,24,1,598.73,3.218875824868201,0.6931471805599453,6.3964795539357615,0,Champions
2481,15721.0,12,1,507.08,2.5649493574615367,0.6931471805599453,6.23063891549472,0,Champions
2482,15722.0,36,5,2222.56,3.610917912644224,1.791759469228055,7.706864794070598,2,Champions
2483,15723.0,365,1,203.1,5.902633333401366,0.6931471805599453,5.318610069815799,3,At Risk
2484,15724.0,201,2,218.25,5.308267697401205,1.0986122886681098,5.390212631252292,3,At Risk
2485,15725.0,15,1,415.25,2.772588722239781,0.6931471805599453,6.031286041294654,0,Potential Customers
2486,15727.0,17,7,5178.96,2.8903717578961645,2.079441541679836,8.552552613215992,1,Champions
2487,15729.0,213,1,85.0,5.365976015021851,0.6931471805599453,4.454347296253507,3,At Risk
2488,15730.0,66,3,1120.88,4.204692619390966,1.3862943611198906,7.022761128491225,2,Potential Customers
2489,15732.0,212,2,294.12,5.3612921657094255,1.0986122886681098,5.68738205328842,3,At Risk
2490,15733.0,283,1,162.3,5.648974238161206,0.6931471805599453,5.095588999976419,3,At Risk
2491,15734.0,115,2,1339.45,4.7535901911063645,1.0986122886681098,7.200760657465263,2,Potential Customers
2492,15737.0,15,8,1205.12,2.772588722239781,2.19722457733622,7.095163874824649,1,Champions
2493,15738.0,19,16,4812.42,2.995732273553991,2.833213344056216,8.479163129156776,1,Champions
2494,15739.0,66,1,449.12,4.204692619390966,0.6931471805599453,6.109514213881797,3,Potential Customers
2495,15740.0,49,1,154.88,3.912023005428146,0.6931471805599453,5.049086480470509,3,Potential Customers
2496,15743.0,16,4,784.46,2.833213344056216,1.6094379124341005,6.666269533420063,0,Champions
2497,15744.0,78,1,34.8,4.3694478524670215,0.6931471805599453,3.5779478934066544,3,Potential Customers
2498,15745.0,19,4,1094.59,2.995732273553991,1.6094379124341005,6.999048309928502,2,Champions
2499,15746.0,134,1,196.88,4.90527477843843,0.6931471805599453,5.287660786359508,3,Potential Customers
2500,15747.0,13,3,974.04,2.6390573296152584,1.3862943611198906,6.882478495797344,0,Champions
2501,15748.0,40,1,149.31,3.713572066704308,0.6931471805599453,5.012699828145135,3,Potential Customers
2502,15749.0,235,3,44534.3,5.4638318050256105,1.3862943611198906,10.70403741211812,2,At Risk
2503,15750.0,3,8,2465.48,1.3862943611198906,2.19722457733622,7.810547311984927,1,Champions
2504,15752.0,40,7,2637.38,3.713572066704308,2.079441541679836,7.877920371424875,2,Champions
2505,15753.0,305,1,79.2,5.723585101952381,0.6931471805599453,4.384523514872469,3,At Risk
2506,15754.0,51,3,458.57,3.951243718581428,1.3862943611198906,6.130291269692714,2,Potential Customers
2507,15755.0,10,6,2364.25,2.3978952727983707,1.9459101490553128,7.768639003584553,1,Champions
2508,15756.0,61,4,532.96,4.127134385045092,1.6094379124341005,6.280320929787532,2,Potential Customers
2509,15757.0,66,2,714.42,4.204692619390966,1.0986122886681098,6.572869782822179,2,Potential Customers
2510,15758.0,25,1,205.25,3.258096538021482,0.6931471805599453,5.32908902521479,0,Potential Customers
2511,15759.0,218,3,253.04,5.389071729816501,1.3862943611198906,5.537491734934775,3,At Risk
2512,15762.0,65,2,583.75,4.189654742026425,1.0986122886681098,6.371184405464288,3,Potential Customers
2513,15763.0,32,2,1086.92,3.49650756146648,1.0986122886681098,6.992022895300703,2,Champions
2514,15764.0,88,6,3279.9700000000003,4.48863636973214,1.9459101490553128,8.095894389365505,2,Potential Customers
2515,15766.0,64,1,315.06,4.174387269895637,0.6931471805599453,5.755932068980957,3,Potential Customers
2516,15768.0,116,3,621.83,4.762173934797756,1.3862943611198906,6.434273608356568,2,Potential Customers
2517,15769.0,7,26,56252.72,2.079441541679836,3.295836866004329,10.937627451213288,1,Champions
2518,15773.0,6,1,635.6800000000001,1.9459101490553128,0.6931471805599453,6.4562671745616536,0,Champions
2519,15774.0,69,1,270.8,4.248495242049359,0.6931471805599453,5.605066501717044,3,Potential Customers
2520,15775.0,245,1,104.9,5.5053315359323625,0.6931471805599453,4.662495252607361,3,At Risk
2521,15776.0,133,1,241.62,4.897839799950911,0.6931471805599453,5.491496433342773,3,Potential Customers
2522,15777.0,241,4,1047.11,5.488937726156687,1.6094379124341005,6.954743821204941,2,At Risk
2523,15780.0,184,3,475.28,5.220355825078324,1.3862943611198906,6.166005916582974,3,Potential Customers
2524,15781.0,25,3,345.46000000000004,3.258096538021482,1.3862943611198906,5.847767371850795,0,Potential Customers
2525,15782.0,10,3,2614.74,2.3978952727983707,1.3862943611198906,7.869302319258532,2,Champions
2526,15783.0,11,1,246.3,2.4849066497880004,0.6931471805599453,5.510602174527371,0,Potential Customers
2527,15785.0,33,5,2328.9700000000003,3.5263605246161616,1.791759469228055,7.753610670940375,2,Champions
2528,15786.0,46,3,4932.2,3.8501476017100575,1.3862943611198906,8.503743143691834,2,Champions
2529,15787.0,26,3,948.05,3.295836866004329,1.3862943611198906,6.855461484261003,2,Champions
2530,15789.0,358,1,351.3,5.883322388488279,0.6931471805599453,5.864483085347192,3,At Risk
2531,15790.0,10,1,220.85,2.3978952727983707,0.6931471805599453,5.402001477824919,0,Potential Customers
2532,15791.0,44,2,1612.69,3.80666248977032,1.0986122886681098,7.386278760989393,2,Champions
2533,15793.0,15,3,965.61,2.772588722239781,1.3862943611198906,6.873795104898541,0,Champions
2534,15795.0,150,1,610.01,5.017279836814924,0.6931471805599453,6.415113325649775,3,Potential Customers
2535,15796.0,1,8,2711.56,0.6931471805599453,2.19722457733622,7.905648117419743,1,Champions
2536,15797.0,113,4,2207.4,4.736198448394496,1.6094379124341005,7.70002355040989,2,Potential Customers
2537,15799.0,76,3,884.14,4.343805421853684,1.3862943611198906,6.785745824587275,2,Potential Customers
2538,15800.0,107,2,699.08,4.68213122712422,1.0986122886681098,6.551194614227576,3,Potential Customers
2539,15801.0,46,3,1063.95,3.8501476017100575,1.3862943611198906,6.97068312868461,2,Champions
2540,15802.0,143,1,451.42,4.969813299576001,0.6931471805599453,6.11461095192969,3,Potential Customers
2541,15803.0,51,1,415.8200000000001,3.951243718581428,0.6931471805599453,6.032654473932845,3,Potential Customers
2542,15804.0,1,13,4206.39,0.6931471805599453,2.6390573296152584,8.344597781932357,1,Champions
2543,15805.0,23,17,5528.4800000000005,3.1780538303479458,2.8903717578961645,8.617849057545314,1,Champions
2544,15806.0,46,3,784.58,3.8501476017100575,1.3862943611198906,6.666422298467717,2,Champions
2545,15807.0,50,3,903.9,3.9318256327243257,1.3862943611198906,6.807824440357088,2,Potential Customers
2546,15808.0,306,4,3734.97,5.726847747587197,1.6094379124341005,8.225762769337907,2,At Risk
2547,15809.0,36,5,515.77,3.610917912644224,1.791759469228055,6.247597901247849,2,Champions
2548,15810.0,79,4,1391.98,4.382026634673881,1.6094379124341005,7.239200616174941,2,Potential Customers
2549,15811.0,22,6,2218.62,3.1354942159291497,1.9459101490553128,7.705091289043697,2,Champions
2550,15812.0,107,5,1801.14,4.68213122712422,1.791759469228055,7.496730126604398,2,Potential Customers
2551,15813.0,208,2,1303.91,5.342334251964811,1.0986122886681098,7.173889351861321,2,At Risk
2552,15814.0,17,4,1945.33,2.8903717578961645,1.6094379124341005,7.573700826991937,2,Champions
2553,15815.0,64,5,2100.6,4.174387269895637,1.791759469228055,7.65045423837133,2,Potential Customers
2554,15819.0,49,4,1905.45,3.912023005428146,1.6094379124341005,7.552998152884997,2,Champions
2555,15820.0,320,1,206.98,5.771441123130016,0.6931471805599453,5.337441921232086,3,At Risk
2556,15821.0,44,2,570.96,3.80666248977032,1.0986122886681098,6.349069058864647,0,Champions
2557,15822.0,3,2,885.47,1.3862943611198906,1.0986122886681098,6.787247283994098,0,Champions
2558,15823.0,372,1,15.0,5.921578419643816,0.6931471805599453,2.772588722239781,3,At Risk
2559,15825.0,172,1,532.94,5.153291594497779,0.6931471805599453,6.2802834730968256,3,Potential Customers
2560,15826.0,56,3,1654.31,4.04305126783455,1.3862943611198906,7.411743581448863,2,Potential Customers
2561,15827.0,73,14,1836.09,4.30406509320417,2.70805020110221,7.515938076938256,2,Loyal Customers
2562,15829.0,99,2,636.14,4.605170185988092,1.0986122886681098,6.456989411643809,3,Potential Customers
2563,15830.0,38,1,576.0,3.6635616461296463,0.6931471805599453,6.3578422665081,0,Champions
2564,15831.0,58,3,801.76,4.07753744390572,1.3862943611198906,6.688055790070482,2,Potential Customers
2565,15832.0,254,1,836.79,5.541263545158426,0.6931471805599453,6.730767472418783,3,At Risk
2566,15834.0,70,4,2233.75,4.262679877041316,1.6094379124341005,7.711884643967962,2,Potential Customers
2567,15835.0,44,4,954.09,3.80666248977032,1.6094379124341005,6.861805576878038,2,Champions
2568,15836.0,50,1,137.37,3.9318256327243257,0.6931471805599453,4.929931256681293,3,Potential Customers
2569,15837.0,65,1,391.98,4.189654742026425,0.6931471805599453,5.97375871998905,3,Potential Customers
2570,15838.0,11,19,33643.08,2.4849066497880004,2.995732273553991,10.423592390918046,1,Champions
2571,15839.0,33,3,1048.49,3.5263605246161616,1.3862943611198906,6.9560596108684605,2,Champions
2572,15840.0,59,2,355.56,4.0943445622221,1.0986122886681098,5.876502528638301,3,Potential Customers
2573,15841.0,73,4,1224.06,4.30406509320417,1.6094379124341005,7.110745101371203,2,Potential Customers
2574,15843.0,304,1,118.95,5.720311776607412,0.6931471805599453,4.787074989285704,3,At Risk
2575,15844.0,46,1,130.73999999999998,3.8501476017100575,0.6931471805599453,4.880830283212546,3,Potential Customers
2576,15845.0,18,8,3711.77,2.9444389791664403,2.19722457733622,8.219533507739182,1,Champions
2577,15847.0,38,2,389.27,3.6635616461296463,1.0986122886681098,5.966838807281578,0,Potential Customers
2578,15850.0,19,2,238.85,2.995732273553991,1.0986122886681098,5.480013727948073,0,Potential Customers
2579,15852.0,187,2,160.71,5.236441962829949,1.0986122886681098,5.085804607589853,3,Potential Customers
2580,15853.0,52,1,110.8,3.970291913552122,0.6931471805599453,4.716711560720999,3,Potential Customers
2581,15854.0,4,12,2974.65,1.6094379124341005,2.5649493574615367,7.998217781509793,1,Champions
2582,15855.0,137,5,712.24,4.927253685157205,1.791759469228055,6.569817969665846,2,Potential Customers
2583,15856.0,4,27,16387.57,1.6094379124341005,3.332204510175204,9.704339419609372,1,Champions
2584,15857.0,19,1,297.0,2.995732273553991,0.6931471805599453,5.697093486505405,0,Potential Customers
2585,15858.0,16,5,1438.85,2.833213344056216,1.791759469228055,7.272294220477655,2,Champions
2586,15860.0,41,8,977.21,3.737669618283368,2.19722457733622,6.885724370911315,2,Champions
2587,15861.0,12,8,3165.36,2.5649493574615367,2.19722457733622,8.06033794212576,1,Champions
2588,15862.0,8,4,832.88,2.19722457733622,1.6094379124341005,6.726089507114236,0,Champions
2589,15863.0,26,2,68.84,3.295836866004329,1.0986122886681098,4.246206911531347,0,Potential Customers
2590,15864.0,22,6,1936.32,3.1354942159291497,1.9459101490553128,7.569060853685923,2,Champions
2591,15865.0,41,3,895.13,3.737669618283368,1.3862943611198906,6.798085491736212,2,Champions
2592,15866.0,101,1,230.53,4.624972813284271,0.6931471805599453,5.444709454763107,3,Potential Customers
2593,15867.0,5,15,3812.64,1.791759469228055,2.772588722239781,8.246339392612617,1,Champions
2594,15869.0,277,2,149.64,5.627621113690637,1.0986122886681098,5.014892884348897,3,At Risk
2595,15870.0,33,1,354.09000000000003,3.5263605246161616,0.6931471805599453,5.872371278471126,0,Potential Customers
2596,15872.0,15,2,360.93,2.772588722239781,1.0986122886681098,5.8914508229616045,0,Potential Customers
2597,15874.0,64,7,4405.88,4.174387269895637,2.079441541679836,8.390922235063499,2,Potential Customers
2598,15877.0,2,2,493.28,1.0986122886681098,1.0986122886681098,6.20310215823599,0,Potential Customers
2599,15880.0,369,1,343.28,5.91350300563827,0.6931471805599453,5.8414552797812735,3,At Risk
2600,15881.0,312,5,501.39,5.746203190540153,1.791759469228055,6.2193767104972935,2,At Risk
2601,15882.0,199,4,516.36,5.298317366548036,1.6094379124341005,6.248738957138337,2,Potential Customers
2602,15883.0,2,2,396.48,1.0986122886681098,1.0986122886681098,5.9851446183631625,0,Potential Customers
2603,15885.0,93,3,379.35,4.543294782270004,1.3862943611198906,5.941091881443311,3,Potential Customers
2604,15886.0,60,1,181.09,4.110873864173311,0.6931471805599453,5.204501070343752,3,Potential Customers
2605,15888.0,81,1,168.31,4.406719247264253,0.6931471805599453,5.131731354140141,3,Potential Customers
2606,15889.0,157,2,446.87,5.062595033026967,1.0986122886681098,6.104503011733608,3,Potential Customers
2607,15891.0,227,1,524.52,5.429345628954441,0.6931471805599453,6.2643882485842175,3,At Risk
2608,15894.0,253,2,263.55,5.537334267018537,1.0986122886681098,5.5780302693501405,3,At Risk
2609,15895.0,150,1,179.17,5.017279836814924,0.6931471805599453,5.1939008496276085,3,Potential Customers
2610,15897.0,194,2,222.05,5.272999558563747,1.0986122886681098,5.407395961574274,3,Potential Customers
2611,15898.0,1,5,1388.88,0.6931471805599453,1.791759469228055,7.236972691462756,1,Champions
2612,15899.0,369,1,56.25,5.91350300563827,0.6931471805599453,4.047427642434349,3,At Risk
2613,15900.0,24,1,351.11,3.218875824868201,0.6931471805599453,5.863943626780142,0,Potential Customers
2614,15901.0,17,3,363.88,2.8903717578961645,1.3862943611198906,5.899568532403445,0,Potential Customers
2615,15903.0,10,7,5126.76,2.3978952727983707,2.079441541679836,8.54242419563319,1,Champions
2616,15904.0,8,1,164.68,2.19722457733622,0.6931471805599453,5.110058217087329,0,Potential Customers
2617,15906.0,20,7,1567.69,3.044522437723423,2.079441541679836,7.357996155136706,2,Champions
2618,15907.0,4,3,967.45,1.6094379124341005,1.3862943611198906,6.875696855288249,0,Champions
2619,15909.0,174,1,191.94,5.1647859739235145,0.6931471805599453,5.262379259742407,3,Potential Customers
2620,15910.0,1,8,1232.18,0.6931471805599453,2.19722457733622,7.117351477910972,1,Champions
2621,15912.0,178,2,264.62,5.187385805840755,1.0986122886681098,5.582066715972105,3,Potential Customers
2622,15916.0,16,8,1528.09,2.833213344056216,2.19722457733622,7.33242806619807,1,Champions
2623,15917.0,248,1,123.1,5.517452896464707,0.6931471805599453,4.821087692210561,3,At Risk
2624,15918.0,191,2,334.23,5.2574953720277815,1.0986122886681098,5.814816863409831,3,Potential Customers
2625,15919.0,20,2,639.89,3.044522437723423,1.0986122886681098,6.462857835330253,0,Champions
2626,15920.0,154,4,167.5,5.043425116919247,1.6094379124341005,5.126935749792416,3,Potential Customers
2627,15921.0,173,1,336.03000000000003,5.159055299214529,0.6931471805599453,5.820171947161762,3,Potential Customers
2628,15922.0,373,1,369.5,5.924255797414532,0.6931471805599453,5.914853444736141,3,At Risk
2629,15923.0,373,1,127.08,5.924255797414532,0.6931471805599453,4.852655068688459,3,At Risk
2630,15925.0,194,1,207.15,5.272999558563747,0.6931471805599453,5.3382589736409845,3,Potential Customers
2631,15930.0,67,1,426.63,4.219507705176107,0.6931471805599453,6.058258335716989,3,Potential Customers
2632,15932.0,4,8,2495.87,1.6094379124341005,2.19722457733622,7.822793226449505,1,Champions
2633,15933.0,21,3,1107.46,3.091042453358316,1.3862943611198906,7.010726943606016,2,Champions
2634,15935.0,239,2,416.86,5.480638923341991,1.0986122886681098,6.035146448194105,3,At Risk
2635,15937.0,64,1,145.35000000000002,4.174387269895637,0.6931471805599453,4.986001013137895,3,Potential Customers
2636,15938.0,112,5,404.58,4.727387818712341,1.791759469228055,6.0053181413965175,2,Potential Customers
2637,15939.0,90,15,6115.01,4.51085950651685,2.772588722239781,8.718665202103209,1,Loyal Customers
2638,15940.0,311,1,35.8,5.7430031878094825,0.6931471805599453,3.605497845174885,3,At Risk
2639,15942.0,134,1,337.44,4.90527477843843,0.6931471805599453,5.8243468240563,3,Potential Customers
2640,15944.0,277,1,325.1,5.627621113690637,0.6931471805599453,5.787204082795274,3,At Risk
2641,15945.0,365,1,181.0,5.902633333401366,0.6931471805599453,5.204006687076795,3,At Risk
2642,15947.0,83,1,1708.24,4.430816798843313,0.6931471805599453,7.443804106257556,2,Potential Customers
2643,15948.0,8,2,955.24,2.19722457733622,1.0986122886681098,6.863008927569726,0,Champions
2644,15949.0,17,2,364.72,2.8903717578961645,1.0986122886681098,5.901868013296226,0,Potential Customers
2645,15950.0,32,4,1765.51,3.49650756146648,1.6094379124341005,7.476761127694584,2,Champions
2646,15951.0,9,2,708.22,2.302585092994046,1.0986122886681098,6.56416577459204,0,Champions
2647,15952.0,34,4,806.57,3.555348061489413,1.6094379124341005,6.694029738646186,2,Champions
2648,15953.0,15,8,1659.38,2.772588722239781,2.19722457733622,7.414801770816047,1,Champions
2649,15955.0,24,14,4416.26,3.218875824868201,2.70805020110221,8.393274873346142,1,Champions
2650,15957.0,32,1,428.89,3.49650756146648,0.6931471805599453,6.063529362008149,0,Potential Customers
2651,15958.0,74,1,104.35,4.31748811353631,0.6931471805599453,4.6572881402501976,3,Potential Customers
2652,15963.0,20,2,470.76,3.044522437723423,1.0986122886681098,6.156470381692249,0,Potential Customers
2653,15965.0,17,4,845.64,2.8903717578961645,1.6094379124341005,6.741275574785469,0,Champions
2654,15967.0,23,2,418.83,3.1780538303479458,1.0986122886681098,6.039849867434441,0,Potential Customers
2655,15969.0,3,3,666.1,1.3862943611198906,1.3862943611198906,6.502939959715469,0,Champions
2656,15970.0,304,1,314.1,5.720311776607412,0.6931471805599453,5.752890048763229,3,At Risk
2657,15971.0,18,12,4199.85,2.9444389791664403,2.5649493574615367,8.343042164747578,1,Champions
2658,15973.0,367,1,307.82000000000005,5.908082938168931,0.6931471805599453,5.732758582892719,3,At Risk
2659,15974.0,39,7,3442.15,3.688879454113936,2.079441541679836,8.14414202904651,2,Champions
2660,15975.0,84,1,371.01,4.442651256490317,0.6931471805599453,5.91892073563227,3,Potential Customers
2661,15976.0,165,2,430.94,5.111987788356544,1.0986122886681098,6.068286689709266,3,Potential Customers
2662,15977.0,17,2,1054.73,2.8903717578961645,1.0986122886681098,6.961987749755856,0,Champions
2663,15978.0,77,1,1098.78,4.356708826689592,0.6931471805599453,7.002865438783795,3,Potential Customers
2664,15980.0,89,3,2398.86,4.499809670330265,1.3862943611198906,7.783165681301249,2,Potential Customers
2665,15981.0,25,8,3408.48,3.258096538021482,2.19722457733622,8.134315065980752,1,Champions
2666,15983.0,22,4,1475.02,3.1354942159291497,1.6094379124341005,7.297104555204116,2,Champions
2667,15984.0,3,10,2837.67,1.3862943611198906,2.3978952727983707,7.951090911604787,1,Champions
2668,15985.0,123,2,1142.42,4.820281565605037,1.0986122886681098,7.04177905036834,2,Potential Customers
2669,15986.0,30,1,168.12,3.4339872044851463,0.6931471805599453,5.130608522121928,0,Potential Customers
2670,15987.0,12,7,1451.28,2.5649493574615367,2.079441541679836,7.280890014259552,1,Champions
2671,15988.0,19,1,158.03,2.995732273553991,0.6931471805599453,5.069092863667825,0,Potential Customers
2672,15990.0,44,2,792.11,3.80666248977032,1.0986122886681098,6.675961925760257,2,Champions
2673,15992.0,4,1,41.99,1.6094379124341005,0.6931471805599453,3.76096753050819,0,Potential Customers
2674,15993.0,9,7,2797.57,2.302585092994046,2.079441541679836,7.93686385141862,1,Champions
2675,15994.0,55,1,427.07,4.02535169073515,0.6931471805599453,6.059286733610594,3,Potential Customers
2676,15996.0,88,6,1060.68,4.48863636973214,1.9459101490553128,6.967607838128994,2,Potential Customers
2677,15998.0,37,5,3089.97,3.6375861597263857,1.791759469228055,8.036240236488123,2,Champions
2678,16000.0,3,3,12393.7,1.3862943611198906,1.3862943611198906,9.4250242408686,1,Champions
2679,16003.0,30,5,2735.37,3.4339872044851463,1.791759469228055,7.914387503517288,2,Champions
2680,16005.0,12,4,615.39,2.5649493574615367,1.6094379124341005,6.423879880082695,0,Champions
2681,16006.0,211,1,101.4,5.356586274672012,0.6931471805599453,4.628886712605407,3,At Risk
2682,16007.0,48,4,1701.94,3.8918202981106265,1.6094379124341005,7.4401114480984,2,Champions
2683,16008.0,24,3,478.78,3.218875824868201,1.3862943611198906,6.173327665501776,0,Potential Customers
2684,16009.0,22,4,992.71,3.1354942159291497,1.6094379124341005,6.9014454135860985,2,Champions
2685,16010.0,246,3,407.5,5.5093883366279774,1.3862943611198906,6.012491914300058,3,At Risk
2686,16011.0,8,16,3362.71,2.19722457733622,2.833213344056216,8.120799810480259,1,Champions
2687,16012.0,35,3,1415.29,3.58351893845611,1.3862943611198906,7.255796055544432,2,Champions
2688,16013.0,4,47,37130.6,1.6094379124341005,3.871201010907891,10.52222363808218,1,Champions
2689,16014.0,38,3,662.38,3.6635616461296463,1.3862943611198906,6.497347978334654,2,Champions
2690,16015.0,4,3,705.39,1.6094379124341005,1.3862943611198906,6.560167492904158,0,Champions
2691,16016.0,3,8,1508.76,1.3862943611198906,2.19722457733622,7.319705976779256,1,Champions
2692,16017.0,47,1,211.88,3.871201010907891,0.6931471805599453,5.360728626669434,3,Potential Customers
2693,16018.0,39,2,408.9,3.688879454113936,1.0986122886681098,6.015913227510292,0,Potential Customers
2694,16019.0,47,9,3786.24,3.871201010907891,2.302585092994046,8.239392800596635,1,Champions
2695,16020.0,17,3,851.01,2.8903717578961645,1.3862943611198906,6.747598263849638,0,Champions
2696,16022.0,260,1,628.28,5.564520407322694,0.6931471805599453,6.4445763086835,3,At Risk
2697,16023.0,46,3,719.81,3.8501476017100575,1.3862943611198906,6.58037557967181,2,Champions
2698,16024.0,12,1,251.24,2.5649493574615367,0.6931471805599453,5.530381015236806,0,Potential Customers
2699,16025.0,30,1,439.66,3.4339872044851463,0.6931471805599453,6.0882736030360425,0,Potential Customers
2700,16026.0,43,1,236.09,3.784189633918261,0.6931471805599453,5.468439815884993,3,Potential Customers
2701,16027.0,92,6,934.62,4.532599493153256,1.9459101490553128,6.841209411138237,2,Potential Customers
2702,16029.0,39,63,81024.84,3.688879454113936,4.158883083359672,11.302523395126636,1,Champions
2703,16030.0,310,1,331.24,5.739792912179234,0.6931471805599453,5.805857599322498,3,At Risk
2704,16031.0,92,2,548.94,4.532599493153256,1.0986122886681098,6.30980918136658,3,Potential Customers
2705,16033.0,6,20,8816.4,1.9459101490553128,3.044522437723423,9.084482320962824,1,Champions
2706,16034.0,196,3,437.7000000000001,5.2832037287379885,1.3862943611198906,6.083815808172169,3,Potential Customers
2707,16036.0,87,2,758.9200000000001,4.477336814478207,1.0986122886681098,6.633213164581927,2,Potential Customers
2708,16037.0,270,3,855.02,5.602118820879701,1.3862943611198906,6.752293740354778,2,At Risk
2709,16038.0,8,3,471.78,2.19722457733622,1.3862943611198906,6.158630164012735,0,Potential Customers
2710,16040.0,65,3,1313.55,4.189654742026425,1.3862943611198906,7.181249680723068,2,Potential Customers
2711,16041.0,31,3,3166.4,3.4657359027997265,1.3862943611198906,8.060666341057626,2,Champions
2712,16042.0,22,5,1197.27,3.1354942159291497,1.791759469228055,7.088634128908167,2,Champions
2713,16043.0,38,4,773.99,3.6635616461296463,1.6094379124341005,6.652850126044293,2,Champions
2714,16045.0,120,4,1340.7,4.795790545596741,1.6094379124341005,7.201692745596426,2,Potential Customers
2715,16048.0,373,2,256.44,5.924255797414532,1.0986122886681098,5.550786683244073,3,At Risk
2716,16049.0,40,3,1111.79,3.713572066704308,1.3862943611198906,7.014625654228094,2,Champions
2717,16050.0,174,1,137.9,5.1647859739235145,0.6931471805599453,4.933754249760298,3,Potential Customers
2718,16052.0,54,1,362.06,4.007333185232471,0.6931471805599453,5.894568109862285,3,Potential Customers
2719,16053.0,33,2,1511.95,3.5263605246161616,1.0986122886681098,7.321816666315659,2,Champions
2720,16054.0,145,1,783.9,4.983606621708336,0.6931471805599453,6.665556321132768,3,Potential Customers
2721,16055.0,221,1,134.8,5.402677381872279,0.6931471805599453,4.911183215124596,3,At Risk
2722,16056.0,45,1,664.85,3.828641396489095,0.6931471805599453,6.501064419948154,0,Champions
2723,16057.0,16,7,2263.12,2.833213344056216,2.079441541679836,7.724941441452005,1,Champions
2724,16059.0,66,6,1459.86,4.204692619390966,1.9459101490553128,7.286780582381662,2,Potential Customers
2725,16062.0,10,4,1153.62,2.3978952727983707,1.6094379124341005,7.051526564493091,0,Champions
2726,16063.0,260,1,335.32,5.564520407322694,0.6931471805599453,5.818063087688587,3,At Risk
2727,16065.0,365,1,372.09,5.902633333401366,0.6931471805599453,5.921819677402093,3,At Risk
2728,16066.0,17,5,1521.87,2.8903717578961645,1.791759469228055,7.328351991405618,2,Champions
2729,16070.0,22,2,852.15,3.1354942159291497,1.0986122886681098,6.748935381973274,0,Champions
2730,16071.0,45,1,326.24,3.828641396489095,0.6931471805599453,5.790693846645498,3,Potential Customers
2731,16072.0,288,1,584.3199999999999,5.666426688112432,0.6931471805599453,6.3721587062242255,3,At Risk
2732,16073.0,297,1,122.4,5.697093486505405,0.6931471805599453,4.815431111471288,3,At Risk
2733,16076.0,3,10,2234.73,1.3862943611198906,2.3978952727983707,7.712323075642278,1,Champions
2734,16078.0,284,1,79.2,5.652489180268651,0.6931471805599453,4.384523514872469,3,At Risk
2735,16079.0,17,3,1352.0,2.8903717578961645,1.3862943611198906,7.210079628170788,2,Champions
2736,16080.0,82,2,217.16,4.418840607796598,1.0986122886681098,5.385228738537333,3,Potential Customers
2737,16081.0,56,5,2806.9,4.04305126783455,1.791759469228055,7.940192151975948,2,Potential Customers
2738,16083.0,101,2,1317.62,4.624972813284271,1.0986122886681098,7.184341014166175,2,Potential Customers
2739,16084.0,299,1,436.18,5.703782474656201,0.6931471805599453,6.0803450096018565,3,At Risk
2740,16085.0,23,5,981.51,3.1780538303479458,1.791759469228055,6.890110521808668,2,Champions
2741,16086.0,59,5,1121.39,4.0943445622221,1.791759469228055,7.023215619268875,2,Potential Customers
2742,16091.0,155,2,315.06,5.049856007249537,1.0986122886681098,5.755932068980957,3,Potential Customers
2743,16092.0,115,3,817.86,4.7535901911063645,1.3862943611198906,6.707913129070193,2,Potential Customers
2744,16093.0,107,1,17.0,4.68213122712422,0.6931471805599453,2.8903717578961645,3,Potential Customers
2745,16094.0,12,4,1078.23,2.5649493574615367,1.6094379124341005,6.984003102876341,0,Champions
2746,16096.0,264,1,320.62,5.579729825986222,0.6931471805599453,5.773370724425878,3,At Risk
2747,16097.0,240,1,185.05,5.484796933490655,0.6931471805599453,5.226015454792631,3,At Risk
2748,16098.0,88,7,2005.63,4.48863636973214,2.079441541679836,7.604211977042565,2,Potential Customers
2749,16099.0,50,3,731.9,3.9318256327243257,1.3862943611198906,6.597009266931805,2,Potential Customers
2750,16101.0,71,1,1290.7,4.276666119016055,0.6931471805599453,7.16371445923797,2,Potential Customers
2751,16102.0,42,3,1842.14,3.7612001156935615,1.3862943611198906,7.519225917888408,2,Champions
2752,16103.0,7,6,1429.64,2.079441541679836,1.9459101490553128,7.265877175579781,1,Champions
2753,16104.0,62,1,302.36,4.143134726391533,0.6931471805599453,5.714920219066657,3,Potential Customers
2754,16105.0,249,1,336.96,5.521460917862246,0.6931471805599453,5.822927545284644,3,At Risk
2755,16106.0,66,1,108.38,4.204692619390966,0.6931471805599453,4.694828057918627,3,Potential Customers
2756,16107.0,18,7,3204.1600000000003,2.9444389791664403,2.079441541679836,8.072517290105589,1,Champions
2757,16108.0,85,1,842.5,4.454347296253507,0.6931471805599453,6.737559901986023,3,Potential Customers
2758,16109.0,219,2,611.88,5.393627546352362,1.0986122886681098,6.418169158208565,3,At Risk
2759,16110.0,45,3,1337.48,3.828641396489095,1.3862943611198906,7.199289920749408,2,Champions
2760,16112.0,143,4,195.74,4.969813299576001,1.6094379124341005,5.281883060084612,3,Potential Customers
2761,16113.0,183,1,161.38,5.214935757608986,0.6931471805599453,5.089939267434301,3,Potential Customers
2762,16114.0,171,1,135.75000000000003,5.147494476813453,0.6931471805599453,4.918154441302091,3,Potential Customers
2763,16115.0,10,8,1667.97,2.3978952727983707,2.19722457733622,7.419961948665055,1,Champions
2764,16116.0,212,1,612.78,5.3612921657094255,0.6931471805599453,6.419636557751217,3,At Risk
2765,16117.0,190,1,232.21,5.25227342804663,0.6931471805599453,5.451939335203601,3,Potential Customers
2766,16119.0,8,2,423.36,2.19722457733622,1.0986122886681098,6.050582151591071,0,Potential Customers
2767,16120.0,59,4,1309.14,4.0943445622221,1.6094379124341005,7.1778892807139885,2,Potential Customers
2768,16121.0,57,2,867.11,4.060443010546419,1.0986122886681098,6.7663184347416205,2,Potential Customers
2769,16122.0,73,4,684.42,4.30406509320417,1.6094379124341005,6.530031789055632,2,Potential Customers
2770,16123.0,52,1,307.78000000000003,3.970291913552122,0.6931471805599453,5.732629049213781,3,Potential Customers
2771,16124.0,317,1,249.0,5.762051382780177,0.6931471805599453,5.521460917862246,3,At Risk
2772,16125.0,367,1,289.35,5.908082938168931,0.6931471805599453,5.671087091818059,3,At Risk
2773,16126.0,29,4,6287.77,3.4011973816621555,1.6094379124341005,8.74652078208272,2,Champions
2774,16127.0,39,1,656.25,3.688879454113936,0.6931471805599453,6.488064463609991,0,Champions
2775,16128.0,18,5,1880.22,2.9444389791664403,1.791759469228055,7.53967578152618,2,Champions
2776,16131.0,52,6,3506.54,3.970291913552122,1.9459101490553128,8.162670216045587,2,Potential Customers
2777,16133.0,4,33,14589.04,1.6094379124341005,3.5263605246161616,9.588094383116912,1,Champions
2778,16134.0,22,2,618.09,3.1354942159291497,1.0986122886681098,6.428250657915328,0,Champions
2779,16135.0,263,1,517.55,5.575949103146316,0.6931471805599453,6.251036455035743,3,At Risk
2780,16136.0,60,3,709.38,4.110873864173311,1.3862943611198906,6.5658000381285,2,Potential Customers
2781,16139.0,19,3,635.4100000000001,2.995732273553991,1.3862943611198906,6.455843009727984,0,Champions
2782,16140.0,66,2,725.1800000000001,4.204692619390966,1.0986122886681098,6.587797917978568,2,Potential Customers
2783,16141.0,88,1,620.4,4.48863636973214,0.6931471805599453,6.431974996958947,3,Potential Customers
2784,16142.0,250,1,535.34,5.525452939131784,0.6931471805599453,6.284768288327816,3,At Risk
2785,16143.0,3,6,2424.94,1.3862943611198906,1.9459101490553128,7.793974357128903,1,Champions
2786,16144.0,247,1,175.2,5.513428746164983,0.6931471805599453,5.171619713502079,3,At Risk
2787,16145.0,9,11,3799.49,2.302585092994046,2.4849066497880004,8.242885284769901,1,Champions
2788,16146.0,157,3,734.13,5.062595033026967,1.3862943611198906,6.600047354321349,2,Potential Customers
2789,16147.0,134,1,375.0,4.90527477843843,0.6931471805599453,5.929589143389895,3,Potential Customers
2790,16148.0,296,1,76.32000000000001,5.6937321388027,0.6931471805599453,4.34795265434013,3,At Risk
2791,16149.0,5,2,280.52,1.791759469228055,1.0986122886681098,5.640203493013329,0,Potential Customers
2792,16150.0,43,5,2053.02,3.784189633918261,1.791759469228055,7.627554127539443,2,Champions
2793,16152.0,269,1,1829.04,5.598421958998375,0.6931471805599453,7.512093103520083,3,At Risk
2794,16153.0,50,5,1824.23,3.9318256327243257,1.791759469228055,7.509461285473066,2,Potential Customers
2795,16156.0,9,9,3122.04,2.302585092994046,2.302585092994046,8.046562165398301,1,Champions
2796,16157.0,16,3,656.69,2.833213344056216,1.3862943611198906,6.488733695691184,0,Champions
2797,16159.0,282,1,348.2,5.645446897643238,0.6931471805599453,5.855644823965447,3,At Risk
2798,16160.0,65,2,1025.44,4.189654742026425,1.0986122886681098,6.933851783703411,2,Potential Customers
2799,16161.0,2,19,5575.56,1.0986122886681098,2.995732273553991,8.626327377813633,1,Champions
2800,16162.0,252,1,37.4,5.53338948872752,0.6931471805599453,3.648057459593681,3,At Risk
2801,16163.0,232,2,856.6,5.4510384535657,1.0986122886681098,6.754137790316538,3,At Risk
2802,16164.0,17,3,822.48,2.8903717578961645,1.3862943611198906,6.713539262741108,0,Champions
2803,16168.0,11,27,3787.6,2.4849066497880004,3.332204510175204,8.239751836694179,1,Champions
2804,16169.0,8,4,1822.97,2.19722457733622,1.6094379124341005,7.508770723130596,2,Champions
2805,16170.0,51,6,1885.05,3.951243718581428,1.9459101490553128,7.542239973976665,2,Potential Customers
2806,16171.0,59,1,73.19999999999999,4.0943445622221,0.6931471805599453,4.306764150173335,3,Potential Customers
2807,16172.0,95,5,1140.21,4.564348191467836,1.791759469228055,7.039844382006876,2,Potential Customers
2808,16173.0,16,6,1418.32,2.833213344056216,1.9459101490553128,7.257933162659462,2,Champions
2809,16174.0,126,3,1009.55,4.844187086458591,1.3862943611198906,6.918250016074778,2,Potential Customers
2810,16175.0,94,4,1037.59,4.553876891600541,1.6094379124341005,6.945619303018016,2,Potential Customers
2811,16177.0,50,1,331.95,3.9318256327243257,0.6931471805599453,5.807992328556631,3,Potential Customers
2812,16178.0,138,1,197.9,4.934473933130692,0.6931471805599453,5.292802185859927,3,Potential Customers
2813,16179.0,61,1,215.83,4.127134385045092,0.6931471805599453,5.379113636376126,3,Potential Customers
2814,16180.0,100,8,10254.18,4.61512051684126,2.19722457733622,9.235538222765896,2,Potential Customers
2815,16181.0,73,1,305.54,4.30406509320417,0.6931471805599453,5.725348252570762,3,Potential Customers
2816,16182.0,72,4,6617.65,4.290459441148391,1.6094379124341005,8.797646700642568,2,Potential Customers
2817,16183.0,67,1,338.71000000000004,4.219507705176107,0.6931471805599453,5.828092312472438,3,Potential Customers
2818,16184.0,64,6,1158.79,4.174387269895637,1.9459101490553128,7.055994233228931,2,Potential Customers
2819,16185.0,17,2,529.41,2.8903717578961645,1.0986122886681098,6.273650292389248,0,Champions
2820,16186.0,23,12,4006.94,3.1780538303479458,2.5649493574615367,8.296032672592768,1,Champions
2821,16187.0,32,15,6911.4400000000005,3.49650756146648,2.772588722239781,8.841077965865253,1,Champions
2822,16188.0,45,4,981.86,3.828641396489095,1.6094379124341005,6.890466688844595,2,Champions
2823,16189.0,16,2,215.48,2.833213344056216,1.0986122886681098,5.3774981644224775,0,Potential Customers
2824,16190.0,40,1,215.08,3.713572066704308,0.6931471805599453,5.37564870948436,3,Potential Customers
2825,16191.0,3,13,5180.52,1.3862943611198906,2.6390573296152584,8.552853728502956,1,Champions
2826,16193.0,237,1,314.45,5.472270673671475,0.6931471805599453,5.754000190816819,3,At Risk
2827,16198.0,75,1,400.681,4.330733340286331,0.6931471805599453,5.995658241267267,3,Potential Customers
2828,16200.0,4,2,1080.62,1.6094379124341005,1.0986122886681098,6.986215196242001,0,Champions
2829,16201.0,3,4,1863.47,1.3862943611198906,1.6094379124341005,7.530732109384843,1,Champions
2830,16202.0,361,1,365.27,5.891644211825772,0.6931471805599453,5.903370766348874,3,At Risk
2831,16203.0,59,4,592.9,4.0943445622221,1.6094379124341005,6.386710955021814,2,Potential Customers
2832,16204.0,23,1,405.71,3.1780538303479458,0.6931471805599453,6.008100400759408,0,Potential Customers
2833,16205.0,31,4,761.38,3.4657359027997265,1.6094379124341005,6.636445119047319,2,Champions
2834,16206.0,55,4,537.0600000000001,4.02535169073515,1.6094379124341005,6.287970078106996,2,Potential Customers
2835,16207.0,25,1,394.38,3.258096538021482,0.6931471805599453,5.979847327767791,0,Potential Customers
2836,16208.0,45,2,664.26,3.828641396489095,1.0986122886681098,6.500177941687698,0,Champions
2837,16209.0,89,5,2262.62,4.499809670330265,1.791759469228055,7.724720580712637,2,Potential Customers
2838,16210.0,2,18,21086.3,1.0986122886681098,2.9444389791664403,9.956426242517606,1,Champions
2839,16211.0,89,1,547.02,4.499809670330265,0.6931471805599453,6.306311782632405,3,Potential Customers
2840,16212.0,19,2,690.34,2.995732273553991,1.0986122886681098,6.538631743276411,0,Champions
2841,16213.0,79,1,159.0,4.382026634673881,0.6931471805599453,5.075173815233827,3,Potential Customers
2842,16214.0,171,3,1062.75,5.147494476813453,1.3862943611198906,6.969555679887584,2,Potential Customers
2843,16215.0,81,1,242.35,4.406719247264253,0.6931471805599453,5.494500736279464,3,Potential Customers
2844,16216.0,267,1,914.93,5.5909869805108565,0.6931471805599453,6.81993994254006,3,At Risk
2845,16217.0,235,2,304.25,5.4638318050256105,1.0986122886681098,5.721131112990814,3,At Risk
2846,16218.0,30,7,3084.68,3.4339872044851463,2.079441541679836,8.034527333444103,2,Champions
2847,16221.0,37,3,864.86,3.6375861597263857,1.3862943611198906,6.763723232676042,2,Champions
2848,16222.0,318,1,846.72,5.765191102784844,0.6931471805599453,6.742550392588373,3,At Risk
2849,16224.0,57,4,1295.3,4.060443010546419,1.6094379124341005,7.167269331605997,2,Potential Customers
2850,16225.0,45,5,1096.32,3.828641396489095,1.791759469228055,7.000626122386744,2,Champions
2851,16226.0,203,3,255.12,5.318119993844216,1.3862943611198906,5.545646084650602,3,At Risk
2852,16227.0,225,1,314.22,5.420534999272286,0.6931471805599453,5.753270807747395,3,At Risk
2853,16229.0,87,2,1010.6,4.477336814478207,1.0986122886681098,6.91928851479581,2,Potential Customers
2854,16230.0,190,2,542.03,5.25227342804663,1.0986122886681098,6.297164567026571,3,Potential Customers
2855,16232.0,44,4,990.88,3.80666248977032,1.6094379124341005,6.89960213222575,2,Champions
2856,16233.0,71,3,536.6800000000001,4.276666119016055,1.3862943611198906,6.287263587661711,2,Potential Customers
2857,16235.0,41,5,867.3100000000001,3.737669618283368,1.791759469228055,6.766548793757163,2,Champions
2858,16236.0,78,1,432.2,4.3694478524670215,0.6931471805599453,6.071199515126835,3,Potential Customers
2859,16239.0,57,2,414.2,4.060443010546419,1.0986122886681098,6.028760331851679,3,Potential Customers
2860,16240.0,24,2,3718.8,3.218875824868201,1.0986122886681098,8.221425182381026,2,Champions
2861,16241.0,10,13,2607.87,2.3978952727983707,2.6390573296152584,7.866672456375173,1,Champions
2862,16242.0,8,7,3603.21,2.19722457733622,2.079441541679836,8.189857885621135,1,Champions
2863,16243.0,34,2,409.1,3.555348061489413,1.0986122886681098,6.016401032398013,0,Potential Customers
2864,16244.0,212,2,1522.75,5.3612921657094255,1.0986122886681098,7.328929680795481,2,At Risk
2865,16245.0,24,3,1413.66,3.218875824868201,1.3862943611198906,7.254644498519316,2,Champions
2866,16247.0,170,1,114.56,5.14166355650266,0.6931471805599453,4.749789875598035,3,Potential Customers
2867,16248.0,62,1,152.94,4.143134726391533,0.6931471805599453,5.036562916106171,3,Potential Customers
2868,16249.0,53,5,1800.07,3.9889840465642745,1.791759469228055,7.496136211716589,2,Potential Customers
2869,16250.0,261,2,389.44,5.568344503761097,1.0986122886681098,5.967274308306765,3,At Risk
2870,16253.0,67,2,3683.86,4.219507705176107,1.0986122886681098,8.21198781204284,2,Potential Customers
2871,16255.0,17,8,2619.91,2.8903717578961645,2.19722457733622,7.871276864694926,1,Champions
2872,16256.0,267,1,752.4300000000001,5.5909869805108565,0.6931471805599453,6.624636113950167,3,At Risk
2873,16257.0,177,1,46.95,5.181783550292085,0.6931471805599453,3.8701588013294472,3,Potential Customers
2874,16258.0,45,5,5203.51,3.828641396489095,1.791759469228055,8.557280836367838,2,Champions
2875,16260.0,51,1,1035.45,3.951243718581428,0.6931471805599453,6.9435566914455205,0,Potential Customers
2876,16261.0,17,4,746.83,2.8903717578961645,1.6094379124341005,6.617175679416844,0,Champions
2877,16265.0,9,9,5447.0,2.302585092994046,2.302585092994046,8.60300384782935,1,Champions
2878,16266.0,74,7,861.89,4.31748811353631,2.079441541679836,6.760287220618741,2,Potential Customers
2879,16268.0,71,2,667.65,4.276666119016055,1.0986122886681098,6.5052607543188055,2,Potential Customers
2880,16270.0,353,1,1141.24,5.869296913133774,0.6931471805599453,7.040746525754151,3,At Risk
2881,16271.0,3,5,1429.24,1.3862943611198906,1.791759469228055,7.265597541339543,1,Champions
2882,16272.0,117,1,411.7,4.770684624465665,0.6931471805599453,6.022720936758536,3,Potential Customers
2883,16274.0,373,1,357.95,5.924255797414532,0.6931471805599453,5.883183103022492,3,At Risk
2884,16275.0,197,1,559.87,5.288267030694535,0.6931471805599453,6.329489149614112,3,Potential Customers
2885,16276.0,177,1,810.6,5.181783550292085,0.6931471805599453,6.69900760795166,3,Potential Customers
2886,16278.0,100,1,566.38,4.61512051684126,0.6931471805599453,6.34102927325157,3,Potential Customers
2887,16279.0,21,3,1509.58,3.091042453358316,1.3862943611198906,7.320248962019425,2,Champions
2888,16281.0,72,1,2062.06,4.290459441148391,0.6931471805599453,7.631945596506783,2,Potential Customers
2889,16282.0,340,1,168.3,5.831882477283517,0.6931471805599453,5.13167228913909,3,At Risk
2890,16283.0,6,5,1570.81,1.9459101490553128,1.791759469228055,7.359983100544423,1,Champions
2891,16284.0,31,2,823.97,3.4657359027997265,1.0986122886681098,6.715347022037144,0,Champions
2892,16287.0,170,1,142.5,5.14166355650266,0.6931471805599453,4.966335035199676,3,Potential Customers
2893,16292.0,122,1,302.25,4.812184355372417,0.6931471805599453,5.71455754782416,3,Potential Customers
2894,16293.0,22,10,2248.99,3.1354942159291497,2.3978952727983707,7.718681050744145,1,Champions
2895,16295.0,10,4,1328.55,2.3978952727983707,1.6094379124341005,7.192595818099261,0,Champions
2896,16297.0,269,1,301.9,5.598421958998375,0.6931471805599453,5.713402718033191,3,At Risk
2897,16298.0,23,3,598.2,3.1780538303479458,1.3862943611198906,6.3955954322030095,0,Champions
2898,16302.0,127,1,233.22,4.852030263919617,0.6931471805599453,5.456260844613992,3,Potential Customers
2899,16303.0,26,3,5360.63,3.295836866004329,1.3862943611198906,8.587023312312065,2,Champions
2900,16305.0,139,1,361.22,4.941642422609304,0.6931471805599453,5.8922517620363895,3,Potential Customers
2901,16306.0,214,6,632.27,5.3706380281276624,1.9459101490553128,6.450896871486089,2,At Risk
2902,16308.0,38,4,2560.0,3.6635616461296463,1.6094379124341005,7.848153086199526,2,Champions
2903,16309.0,106,2,706.57,4.672828834461906,1.0986122886681098,6.56183656455249,3,Potential Customers
2904,16311.0,18,2,616.26,2.9444389791664403,1.0986122886681098,6.425290328985104,0,Champions
2905,16313.0,3,2,274.15000000000003,1.3862943611198906,1.0986122886681098,5.617316403505768,0,Potential Customers
2906,16315.0,331,1,226.37,5.805134968916488,0.6931471805599453,5.426578646492048,3,At Risk
2907,16316.0,64,8,2938.91,4.174387269895637,2.19722457733622,7.986134247619265,2,Potential Customers
2908,16317.0,120,3,1341.65,4.795790545596741,1.3862943611198906,7.202400551985058,2,Potential Customers
2909,16318.0,35,1,328.15000000000003,3.58351893845611,0.6931471805599453,5.796513573913886,0,Potential Customers
2910,16319.0,218,1,404.4,5.389071729816501,0.6931471805599453,6.004874234017899,3,At Risk
2911,16320.0,172,2,1038.46,5.153291594497779,1.0986122886681098,6.946456626519212,2,Potential Customers
2912,16321.0,72,5,373.65,4.290459441148391,1.791759469228055,5.92599225681032,2,Potential Customers
2913,16322.0,1,2,326.75,0.6931471805599453,1.0986122886681098,5.792251122643809,0,Potential Customers
2914,16323.0,196,1,207.50000000000003,5.2832037287379885,0.6931471805599453,5.339939041238856,3,Potential Customers
2915,16324.0,128,3,428.68,4.859812404361672,1.3862943611198906,6.063040745597204,3,Potential Customers
2916,16325.0,47,3,594.24,3.871201010907891,1.3862943611198906,6.38896468556185,2,Champions
2917,16326.0,6,14,3110.96,1.9459101490553128,2.70805020110221,8.043008031745238,1,Champions
2918,16327.0,14,6,3844.22,2.70805020110221,1.9459101490553128,8.254586097468055,1,Champions
2919,16330.0,18,3,251.91,2.9444389791664403,1.3862943611198906,5.533033694214862,0,Potential Customers
2920,16332.0,28,7,1593.2,3.367295829986474,2.079441541679836,7.374127321993823,2,Champions
2921,16333.0,8,22,26626.8,2.19722457733622,3.1354942159291497,10.189711061801596,1,Champions
2922,16337.0,37,1,151.05,3.6375861597263857,0.6931471805599453,5.024209414123374,3,Potential Customers
2923,16338.0,157,1,214.8,5.062595033026967,0.6931471805599453,5.374352052824034,3,Potential Customers
2924,16339.0,284,1,109.95,5.652489180268651,0.6931471805599453,4.709079649378603,3,At Risk
2925,16340.0,107,1,549.07,4.68213122712422,0.6931471805599453,6.310045542855303,3,Potential Customers
2926,16341.0,25,4,1971.87,3.258096538021482,1.6094379124341005,7.587244614343444,2,Champions
2927,16342.0,75,4,322.41,4.330733340286331,1.6094379124341005,5.778920868124441,2,Potential Customers
2928,16343.0,16,2,370.48,2.833213344056216,1.0986122886681098,5.917495026907807,0,Potential Customers
2929,16344.0,158,1,101.1,5.068904202220232,0.6931471805599453,4.62595272517062,3,Potential Customers
2930,16345.0,44,1,575.41,3.80666248977032,0.6931471805599453,6.356819213038024,0,Champions
2931,16347.0,11,2,887.65,2.4849066497880004,1.0986122886681098,6.789703457206,0,Champions
2932,16348.0,32,7,1469.45,3.49650756146648,2.079441541679836,7.293323755375843,2,Champions
2933,16349.0,291,1,53.5,5.676753802268282,0.6931471805599453,3.9982007016692,3,At Risk
2934,16350.0,21,4,1116.47,3.091042453358316,1.6094379124341005,7.018822480489789,2,Champions
2935,16351.0,333,1,153.9,5.811140992976701,0.6931471805599453,5.042779747422823,3,At Risk
2936,16352.0,18,2,494.44,2.9444389791664403,1.0986122886681098,6.205446256629806,0,Potential Customers
2937,16353.0,4,23,6675.71,1.6094379124341005,3.1780538303479458,8.806380630235296,1,Champions
2938,16354.0,63,2,395.8,4.158883083359672,1.0986122886681098,5.983432375410718,3,Potential Customers
2939,16356.0,198,3,211.77,5.293304824724492,1.3862943611198906,5.360211770085627,3,Potential Customers
2940,16357.0,33,3,658.88,3.5263605246161616,1.3862943611198906,6.492058000307724,2,Champions
2941,16358.0,1,4,2027.5,0.6931471805599453,1.6094379124341005,7.615051882646502,1,Champions
2942,16359.0,7,9,1750.92,2.079441541679836,2.302585092994046,7.468467608353334,1,Champions
2943,16360.0,5,6,3512.53,1.791759469228055,1.9459101490553128,8.164376509090179,1,Champions
2944,16361.0,10,4,896.66,2.3978952727983707,1.6094379124341005,6.799791377454196,0,Champions
2945,16362.0,32,5,734.77,3.49650756146648,1.791759469228055,6.600917569890576,2,Champions
2946,16363.0,53,1,109.36,3.9889840465642745,0.6931471805599453,4.703747749349086,3,Potential Customers
2947,16364.0,12,2,707.04,2.5649493574615367,1.0986122886681098,6.562500589272956,0,Champions
2948,16365.0,18,9,1540.42,2.9444389791664403,2.302585092994046,7.340459348477051,1,Champions
2949,16366.0,19,1,327.3,2.995732273553991,0.6931471805599453,5.793927824507547,0,Potential Customers
2950,16367.0,37,2,804.49,3.6375861597263857,1.0986122886681098,6.69145078789068,0,Champions
2951,16368.0,2,2,497.43,1.0986122886681098,1.0986122886681098,6.211463158278113,0,Potential Customers
2952,16369.0,18,3,1553.66,2.9444389791664403,1.3862943611198906,7.349012151188359,2,Champions
2953,16370.0,82,4,1320.56,4.418840607796598,1.6094379124341005,7.186568135964853,2,Potential Customers
2954,16372.0,33,2,367.93,3.5263605246161616,1.0986122886681098,5.910606924147827,0,Potential Customers
2955,16374.0,66,2,473.03,4.204692619390966,1.0986122886681098,6.161270610831517,3,Potential Customers
2956,16376.0,9,2,987.01,2.302585092994046,1.0986122886681098,6.895692819154136,0,Champions
2957,16377.0,267,1,676.2,5.5909869805108565,0.6931471805599453,6.51796665025898,3,At Risk
2958,16378.0,247,3,362.95,5.513428746164983,1.3862943611198906,5.897016495564267,3,At Risk
2959,16379.0,4,4,2157.4,1.6094379124341005,1.6094379124341005,7.677122485453491,1,Champions
2960,16380.0,61,1,1780.59,4.127134385045092,0.6931471805599453,7.485261502995209,2,Potential Customers
2961,16383.0,75,2,668.36,4.330733340286331,1.0986122886681098,6.506322031987343,2,Potential Customers
2962,16384.0,90,2,584.5,4.51085950651685,1.0986122886681098,6.372466183037772,3,Potential Customers
2963,16385.0,60,3,555.89,4.110873864173311,1.3862943611198906,6.322367733889242,2,Potential Customers
2964,16386.0,29,2,317.2,3.4011973816621555,1.0986122886681098,5.762680115903686,0,Potential Customers
2965,16387.0,323,1,94.36,5.780743515792329,0.6931471805599453,4.55765920331704,3,At Risk
2966,16389.0,53,4,1382.0700000000002,3.9889840465642745,1.6094379124341005,7.2320609449898114,2,Potential Customers
2967,16392.0,270,1,221.19,5.602118820879701,0.6931471805599453,5.403532871692347,3,At Risk
2968,16393.0,2,13,3046.21,1.0986122886681098,2.6390573296152584,8.021981696860243,1,Champions
2969,16394.0,57,5,1555.34,4.060443010546419,1.791759469228055,7.350092189866152,2,Potential Customers
2970,16395.0,61,5,1486.9,4.127134385045092,1.791759469228055,7.305121008833652,2,Potential Customers
2971,16398.0,154,2,1705.8,5.043425116919247,1.0986122886681098,7.442375551313843,2,Potential Customers
2972,16399.0,19,2,408.57,2.995732273553991,1.0986122886681098,6.015107828855458,0,Potential Customers
2973,16400.0,95,1,303.93,4.564348191467836,0.6931471805599453,5.720082242069654,3,Potential Customers
2974,16401.0,1,12,4098.32,0.6931471805599453,2.5649493574615367,8.318576385278623,1,Champions
2975,16402.0,265,2,299.6,5.583496308781699,1.0986122886681098,5.705780477318874,3,At Risk
2976,16403.0,312,1,177.5,5.746203190540153,0.6931471805599453,5.184588601219693,3,At Risk
2977,16404.0,70,1,443.05,4.262679877041316,0.6931471805599453,6.095937168704513,3,Potential Customers
2978,16405.0,302,2,167.25,5.713732805509369,1.0986122886681098,5.125450968524837,3,At Risk
2979,16406.0,19,1,163.07,2.995732273553991,0.6931471805599453,5.100293166026791,0,Potential Customers
2980,16407.0,13,10,2126.93,2.6390573296152584,2.3978952727983707,7.662904955183649,1,Champions
2981,16409.0,36,5,2028.88,3.610917912644224,1.791759469228055,7.61573195698808,2,Champions
2982,16411.0,19,2,214.65,2.995732273553991,1.0986122886681098,5.373656723093852,0,Potential Customers
2983,16412.0,54,1,151.83,4.007333185232471,0.6931471805599453,5.029326192539745,3,Potential Customers
2984,16413.0,57,1,262.2,4.060443010546419,0.6931471805599453,5.572914199451162,3,Potential Customers
2985,16414.0,22,2,126.25,3.1354942159291497,1.0986122886681098,4.846153655430632,0,Potential Customers
2986,16415.0,44,1,210.35,3.80666248977032,0.6931471805599453,5.353515527012799,3,Potential Customers
2987,16416.0,27,3,1051.4,3.332204510175204,1.3862943611198906,6.958828549166138,2,Champions
2988,16418.0,45,3,675.27,3.828641396489095,1.3862943611198906,6.516592404584731,2,Champions
2989,16419.0,113,6,972.23,4.736198448394496,1.9459101490553128,6.880620436574819,2,Potential Customers
2990,16422.0,17,51,34684.4,2.8903717578961645,3.951243718581428,10.454074128115597,1,Champions
2991,16423.0,25,1,346.12,3.258096538021482,0.6931471805599453,5.849670541490095,0,Potential Customers
2992,16424.0,191,1,133.56,5.2574953720277815,0.6931471805599453,4.902010196224638,3,Potential Customers
2993,16425.0,302,1,302.7,5.713732805509369,0.6931471805599453,5.716040372051703,3,At Risk
2994,16426.0,2,10,1908.25,1.0986122886681098,2.3978952727983707,7.554465773768493,1,Champions
2995,16427.0,263,2,241.06,5.575949103146316,1.0986122886681098,5.489185629310458,3,At Risk
2996,16429.0,106,1,284.55,4.672828834461906,0.6931471805599453,5.654417145110872,3,Potential Customers
2997,16430.0,57,1,300.85,4.060443010546419,0.6931471805599453,5.709930205242435,3,Potential Customers
2998,16431.0,213,3,642.81,5.365976015021851,1.3862943611198906,6.467403651518229,3,At Risk
2999,16432.0,64,1,287.40000000000003,4.174387269895637,0.6931471805599453,5.664348405410794,3,Potential Customers
3000,16433.0,28,1,184.26,3.367295829986474,0.6931471805599453,5.221760243825881,0,Potential Customers
3001,16434.0,29,7,1522.25,3.4011973816621555,2.079441541679836,7.328601489128603,2,Champions
3002,16438.0,6,5,798.35,1.9459101490553128,1.791759469228055,6.683798897410901,0,Champions
3003,16440.0,8,5,3640.67,2.19722457733622,1.791759469228055,8.20019764662707,1,Champions
3004,16441.0,67,2,381.2,4.219507705176107,1.0986122886681098,5.945944031806173,3,Potential Customers
3005,16442.0,2,3,616.79,1.0986122886681098,1.3862943611198906,6.426148593885366,0,Champions
3006,16444.0,46,4,654.67,3.8501476017100575,1.6094379124341005,6.485657613592114,2,Champions
3007,16445.0,34,1,230.51,3.555348061489413,0.6931471805599453,5.444623069137621,0,Potential Customers
3008,16446.0,1,2,168472.5,0.6931471805599453,1.0986122886681098,12.034533746376653,1,Champions
3009,16447.0,136,1,259.01,4.919980925828125,0.6931471805599453,5.560720091814363,3,Potential Customers
3010,16448.0,198,1,188.89,5.293304824724492,0.6931471805599453,5.246444957137325,3,Potential Customers
3011,16449.0,198,2,707.69,5.293304824724492,1.0986122886681098,6.563418195373777,3,Potential Customers
3012,16450.0,150,1,311.92,5.017279836814924,0.6931471805599453,5.74594756681688,3,Potential Customers
3013,16451.0,88,1,266.97,4.48863636973214,0.6931471805599453,5.590875033946567,3,Potential Customers
3014,16454.0,45,2,6.9,3.828641396489095,1.0986122886681098,2.066862759472976,3,Potential Customers
3015,16455.0,64,7,1841.18,4.174387269895637,2.079441541679836,7.518704931910683,2,Potential Customers
3016,16456.0,99,5,2158.37,4.605170185988092,1.791759469228055,7.67757179146855,2,Potential Customers
3017,16457.0,218,1,208.36,5.389071729816501,0.6931471805599453,5.34405525822189,3,At Risk
3018,16458.0,3,18,3482.74,1.3862943611198906,2.9444389791664403,8.155861708321998,1,Champions
3019,16460.0,28,3,814.72,3.367295829986474,1.3862943611198906,6.704071158824147,2,Champions
3020,16461.0,178,1,151.42,5.187385805840755,0.6931471805599453,5.026639868237972,3,Potential Customers
3021,16462.0,74,3,136.0,4.31748811353631,1.3862943611198906,4.919980925828125,3,Potential Customers
3022,16463.0,21,4,1422.4,3.091042453358316,1.6094379124341005,7.260803654865171,2,Champions
3023,16464.0,20,3,1314.68,3.044522437723423,1.3862943611198906,7.182108921222586,2,Champions
3024,16466.0,34,7,1603.46,3.555348061489413,2.079441541679836,7.380542530354457,2,Champions
3025,16468.0,74,1,74.9,4.31748811353631,0.6931471805599453,4.329416684401584,3,Potential Customers
3026,16469.0,24,4,650.43,3.218875824868201,1.6094379124341005,6.47916994643317,2,Champions
3027,16470.0,52,4,762.39,3.970291913552122,1.6094379124341005,6.637769040932695,2,Potential Customers
3028,16471.0,275,1,223.95,5.62040086571715,0.6931471805599453,5.4158781552871815,3,At Risk
3029,16473.0,165,3,316.11,5.111987788356544,1.3862943611198906,5.759248716840184,3,Potential Customers
3030,16474.0,7,7,1871.5,2.079441541679836,2.079441541679836,7.535029715391374,1,Champions
3031,16475.0,88,4,544.3,4.48863636973214,1.6094379124341005,6.301336101932016,2,Potential Customers
3032,16477.0,64,7,2494.46,4.174387269895637,2.079441541679836,7.822228359929267,2,Potential Customers
3033,16478.0,25,3,331.0,3.258096538021482,1.3862943611198906,5.805134968916488,0,Potential Customers
3034,16479.0,10,2,300.83,2.3978952727983707,1.0986122886681098,5.709863944972069,0,Potential Customers
3035,16480.0,76,1,769.29,4.343805421853684,0.6931471805599453,6.646767067319571,3,Potential Customers
3036,16482.0,16,1,220.62,2.833213344056216,0.6931471805599453,5.400964203508179,0,Potential Customers
3037,16483.0,192,1,139.35,5.262690188904886,0.6931471805599453,4.944139302807892,3,Potential Customers
3038,16484.0,174,2,404.3,5.1647859739235145,1.0986122886681098,6.004627533634263,3,Potential Customers
3039,16485.0,77,1,363.65,4.356708826689592,0.6931471805599453,5.898937989430242,3,Potential Customers
3040,16488.0,33,3,498.8,3.5263605246161616,1.3862943611198906,6.214208018400852,0,Potential Customers
3041,16491.0,47,1,731.5,3.871201010907891,0.6931471805599453,6.596463340891223,0,Champions
3042,16493.0,80,4,1351.63,4.394449154672439,1.6094379124341005,7.209806124401014,2,Potential Customers
3043,16494.0,297,1,826.53,5.697093486505405,0.6931471805599453,6.7184453603705006,3,At Risk
3044,16495.0,3,3,684.41,1.3862943611198906,1.3862943611198906,6.530017199354501,0,Champions
3045,16496.0,9,3,1599.52,2.302585092994046,1.3862943611198906,7.378083855426812,0,Champions
3046,16497.0,50,6,2965.69,3.9318256327243257,1.9459101490553128,7.99520213218973,2,Potential Customers
3047,16498.0,161,2,100.97,5.087596335232384,1.0986122886681098,4.624678652376135,3,Potential Customers
3048,16499.0,360,2,365.45,5.8888779583328805,1.0986122886681098,5.903862086371859,3,At Risk
3049,16500.0,5,6,400.86,1.791759469228055,1.9459101490553128,5.996103769256407,0,Potential Customers
3050,16503.0,107,4,1431.93,4.68213122712422,1.6094379124341005,7.267476578065607,2,Potential Customers
3051,16504.0,25,1,484.38,3.258096538021482,0.6931471805599453,6.18493208931219,0,Potential Customers
3052,16505.0,32,1,777.6,3.49650756146648,0.6931471805599453,6.657497435176356,0,Champions
3053,16506.0,20,2,90.3,3.044522437723423,1.0986122886681098,4.514150787600923,0,Potential Customers
3054,16509.0,297,1,363.7000000000001,5.697093486505405,0.6931471805599453,5.8990750978146345,3,At Risk
3055,16510.0,372,1,248.1,5.921578419643816,0.6931471805599453,5.517854422268135,3,At Risk
3056,16511.0,22,3,950.26,3.1354942159291497,1.3862943611198906,6.857787421604214,2,Champions
3057,16513.0,5,4,874.59,1.791759469228055,1.6094379124341005,6.774897944843427,0,Champions
3058,16515.0,52,5,1627.13,3.970291913552122,1.791759469228055,7.395187395954291,2,Potential Customers
3059,16516.0,30,1,101.7,3.4339872044851463,0.6931471805599453,4.631812116934513,0,Potential Customers
3060,16517.0,277,1,162.70000000000002,5.627621113690637,0.6931471805599453,5.098035484377089,3,At Risk
3061,16518.0,61,2,484.32,4.127134385045092,1.0986122886681098,6.1848084671836725,3,Potential Customers
3062,16519.0,25,2,215.08,3.258096538021482,1.0986122886681098,5.37564870948436,0,Potential Customers
3063,16520.0,186,3,1046.57,5.231108616854587,1.3862943611198906,6.954228475339207,2,Potential Customers
3064,16523.0,2,21,9418.47,1.0986122886681098,3.091042453358316,9.150534102717932,1,Champions
3065,16525.0,2,26,13027.45,1.0986122886681098,3.295836866004329,9.474890706788235,1,Champions
3066,16526.0,172,1,290.36,5.153291594497779,0.6931471805599453,5.674559615979298,3,Potential Customers
3067,16527.0,81,1,228.06,4.406719247264253,0.6931471805599453,5.43398397796957,3,Potential Customers
3068,16528.0,4,1,244.41,1.6094379124341005,0.6931471805599453,5.502930281242811,0,Potential Customers
3069,16529.0,190,1,455.25,5.25227342804663,0.6931471805599453,6.123040904896701,3,Potential Customers
3070,16531.0,22,7,1244.59,3.1354942159291497,2.079441541679836,7.127364592228089,2,Champions
3071,16532.0,18,3,6748.8,2.9444389791664403,1.3862943611198906,8.81726815379798,2,Champions
3072,16533.0,19,3,1095.56,2.995732273553991,1.3862943611198906,6.999933285923126,2,Champions
3073,16535.0,5,1,593.75,1.791759469228055,0.6931471805599453,6.388141149183067,0,Champions
3074,16536.0,110,1,548.97,4.709530201312334,0.6931471805599453,6.309863731284314,3,Potential Customers
3075,16539.0,3,4,1388.81,1.3862943611198906,1.6094379124341005,7.236922326134238,0,Champions
3076,16542.0,54,1,119.62,4.007333185232471,0.6931471805599453,4.792645108022841,3,Potential Customers
3077,16545.0,165,1,339.3,5.111987788356544,0.6931471805599453,5.82982758150686,3,Potential Customers
3078,16546.0,291,2,787.15,5.676753802268282,1.0986122886681098,6.669688427072551,3,At Risk
3079,16549.0,10,10,4154.64,2.3978952727983707,2.3978952727983707,8.332221726715554,1,Champions
3080,16550.0,109,5,2298.97,4.700480365792417,1.791759469228055,7.740651358353913,2,Potential Customers
3081,16551.0,96,3,922.12,4.574710978503383,1.3862943611198906,6.827759236886412,2,Potential Customers
3082,16552.0,243,2,379.73,5.497168225293202,1.0986122886681098,5.942090462490183,3,At Risk
3083,16553.0,163,12,5719.82,5.099866427824199,2.5649493574615367,8.651867430742618,2,Loyal Customers
3084,16554.0,42,3,837.1,3.7612001156935615,1.3862943611198906,6.73113742510486,2,Champions
3085,16555.0,35,2,285.89,3.58351893845611,1.0986122886681098,5.659098867029561,0,Potential Customers
3086,16556.0,67,7,3313.79,4.219507705176107,2.079441541679836,8.106149552197078,2,Potential Customers
3087,16557.0,24,2,281.85,3.218875824868201,1.0986122886681098,5.644916721789165,0,Potential Customers
3088,16558.0,1,20,8338.49,0.6931471805599453,3.044522437723423,9.028757342403852,1,Champions
3089,16560.0,27,2,841.41,3.332204510175204,1.0986122886681098,6.736266831594512,0,Champions
3090,16561.0,6,2,511.12,1.9459101490553128,1.0986122886681098,6.238558972577978,0,Champions
3091,16563.0,54,1,1077.74,4.007333185232471,0.6931471805599453,6.9835489723662585,2,Potential Customers
3092,16565.0,364,1,173.7,5.899897353582492,0.6931471805599453,5.163070217140011,3,At Risk
3093,16566.0,15,5,614.66,2.772588722239781,1.791759469228055,6.422694863102173,0,Champions
3094,16567.0,194,2,865.6,5.272999558563747,1.0986122886681098,6.764577509305809,3,Potential Customers
3095,16569.0,3,1,124.2,1.3862943611198906,0.6931471805599453,4.829912458665998,0,Potential Customers
3096,16570.0,15,10,3738.4,2.772588722239781,2.3978952727983707,8.226680449731173,1,Champions
3097,16571.0,27,3,1421.69,3.332204510175204,1.3862943611198906,7.260304724743686,2,Champions
3098,16572.0,127,3,1009.6,4.852030263919617,1.3862943611198906,6.918299492857808,2,Potential Customers
3099,16573.0,85,2,663.61,4.454347296253507,1.0986122886681098,6.499200402451892,3,Potential Customers
3100,16574.0,71,1,451.44,4.276666119016055,0.6931471805599453,6.11465515766318,3,Potential Customers
3101,16581.0,183,1,105.84,5.214935757608986,0.6931471805599453,4.67133238824176,3,Potential Customers
3102,16582.0,113,1,313.62,4.736198448394496,0.6931471805599453,5.751365561394358,3,Potential Customers
3103,16583.0,374,1,233.45,5.926926025970411,0.6931471805599453,5.457242345535596,3,At Risk
3104,16584.0,80,2,936.08,4.394449154672439,1.0986122886681098,6.842768657462584,2,Potential Customers
3105,16586.0,249,1,463.95,5.521460917862246,0.6931471805599453,6.141929872924206,3,At Risk
3106,16587.0,232,1,225.15,5.4510384535657,0.6931471805599453,5.421198495923853,3,At Risk
3107,16589.0,71,3,459.24,4.276666119016055,1.3862943611198906,6.131748092555038,2,Potential Customers
3108,16591.0,69,1,213.5,4.248495242049359,0.6931471805599453,5.368309738368072,3,Potential Customers
3109,16592.0,4,16,4113.68,1.6094379124341005,2.833213344056216,8.322316345810338,1,Champions
3110,16593.0,51,3,330.03,3.951243718581428,1.3862943611198906,5.802209005711098,0,Potential Customers
3111,16594.0,75,1,181.09,4.330733340286331,0.6931471805599453,5.204501070343752,3,Potential Customers
3112,16595.0,61,1,360.16,4.127134385045092,0.6931471805599453,5.889321073439279,3,Potential Customers
3113,16596.0,16,2,250.15,2.833213344056216,1.0986122886681098,5.526050370196054,0,Potential Customers
3114,16597.0,4,1,90.04,1.6094379124341005,0.6931471805599453,4.511298970378021,0,Potential Customers
3115,16598.0,286,1,145.05,5.659482215759621,0.6931471805599453,4.983949028833751,3,At Risk
3116,16600.0,4,6,813.52,1.6094379124341005,1.9459101490553128,6.702598982682314,0,Champions
3117,16601.0,41,1,244.8,3.737669618283368,0.6931471805599453,5.504518197131935,3,Potential Customers
3118,16602.0,36,1,528.08,3.610917912644224,0.6931471805599453,6.271139649157846,0,Champions
3119,16603.0,75,2,482.47,4.330733340286331,1.0986122886681098,6.180989265398516,3,Potential Customers
3120,16607.0,18,14,3347.71,2.9444389791664403,2.70805020110221,8.116330476031974,1,Champions
3121,16609.0,15,7,5493.46,2.772588722239781,2.079441541679836,8.611495590853199,1,Champions
3122,16610.0,219,1,75.66,5.393627546352362,0.6931471805599453,4.339380059952409,3,At Risk
3123,16611.0,186,1,129.49,5.231108616854587,0.6931471805599453,4.871296595474155,3,Potential Customers
3124,16612.0,33,4,1187.66,3.5263605246161616,1.6094379124341005,7.08058190121429,2,Champions
3125,16613.0,70,1,618.59,4.262679877041316,0.6931471805599453,6.429057968967668,3,Potential Customers
3126,16614.0,183,1,506.19,5.214935757608986,0.6931471805599453,6.228885686840323,3,Potential Customers
3127,16616.0,15,2,500.42,2.772588722239781,1.0986122886681098,6.2174440732414,0,Champions
3128,16617.0,236,1,151.85,5.468060141135132,0.6931471805599453,5.029457048336844,3,At Risk
3129,16618.0,31,5,2647.59,3.4657359027997265,1.791759469228055,7.881782701906185,2,Champions
3130,16619.0,264,1,226.21,5.579729825986222,0.6931471805599453,5.425874699962912,3,At Risk
3131,16620.0,4,2,178.96,1.6094379124341005,1.0986122886681098,5.192734603972972,0,Potential Customers
3132,16621.0,52,4,813.48,3.970291913552122,1.6094379124341005,6.70254987279894,2,Potential Customers
3133,16623.0,246,1,129.45000000000002,5.5093883366279774,0.6931471805599453,4.870990011582737,3,At Risk
3134,16624.0,81,2,810.57,4.406719247264253,1.0986122886681098,6.698970643246788,2,Potential Customers
3135,16625.0,275,1,333.08,5.62040086571715,0.6931471805599453,5.811380485254219,3,At Risk
3136,16626.0,1,17,4413.1,0.6931471805599453,2.8903717578961645,8.392559241748096,1,Champions
3137,16627.0,79,1,322.8,4.382026634673881,0.6931471805599453,5.780126041243535,3,Potential Customers
3138,16628.0,30,5,2188.05,3.4339872044851463,1.791759469228055,7.691222938742128,2,Champions
3139,16629.0,74,2,417.73,4.31748811353631,1.0986122886681098,6.037226320804645,3,Potential Customers
3140,16633.0,17,6,2883.1,2.8903717578961645,1.9459101490553128,7.966968171867508,1,Champions
3141,16634.0,223,2,217.9,5.41164605185504,1.0986122886681098,5.388615004528817,3,At Risk
3142,16637.0,32,4,1154.47,3.49650756146648,1.6094379124341005,7.052262466590724,2,Champions
3143,16638.0,23,10,1680.72,3.1780538303479458,2.3978952727983707,7.427572358185583,1,Champions
3144,16639.0,31,3,1257.51,3.4657359027997265,1.3862943611198906,7.137683760511223,2,Champions
3145,16641.0,106,1,231.1,4.672828834461906,0.6931471805599453,5.447168313280391,3,Potential Customers
3146,16642.0,5,2,688.33,1.791759469228055,1.0986122886681098,6.535720111358577,0,Champions
3147,16643.0,246,1,487.51,5.5093883366279774,0.6931471805599453,6.191359942102381,3,At Risk
3148,16644.0,178,2,833.78,5.187385805840755,1.0986122886681098,6.72716821708184,3,Potential Customers
3149,16647.0,170,2,214.06,5.14166355650266,1.0986122886681098,5.37091705896238,3,Potential Customers
3150,16648.0,43,1,290.66,3.784189633918261,0.6931471805599453,5.675588740285419,3,Potential Customers
3151,16650.0,72,1,518.42,4.290459441148391,0.6931471805599453,6.252712804455737,3,Potential Customers
3152,16652.0,59,7,6773.97,4.0943445622221,2.079441541679836,8.820990217693817,2,Potential Customers
3153,16653.0,16,2,1212.66,2.833213344056216,1.0986122886681098,7.101395866495808,0,Champions
3154,16654.0,141,4,601.27,4.955827057601261,1.6094379124341005,6.400705849743913,2,Potential Customers
3155,16655.0,18,6,3794.52,2.9444389791664403,1.9459101490553128,8.241576702840911,1,Champions
3156,16656.0,22,15,8625.8,3.1354942159291497,2.772588722239781,9.062628915777823,1,Champions
3157,16657.0,10,4,933.62,2.3978952727983707,1.6094379124341005,6.8401400295665695,0,Champions
3158,16658.0,368,1,123.24,5.910796644040527,0.6931471805599453,4.822215178840431,3,At Risk
3159,16659.0,189,1,39.12,5.247024072160486,0.6931471805599453,3.691874963093735,3,Potential Customers
3160,16660.0,16,4,1267.65,2.833213344056216,1.6094379124341005,7.145708621949827,2,Champions
3161,16665.0,362,1,135.4,5.8944028342648505,0.6931471805599453,4.915591745409362,3,At Risk
3162,16666.0,19,1,118.98,2.995732273553991,0.6931471805599453,4.787325062224947,0,Potential Customers
3163,16667.0,68,2,570.13,4.23410650459726,1.0986122886681098,6.347616854496022,3,Potential Customers
3164,16668.0,15,6,306.72,2.772588722239781,1.9459101490553128,5.729190278590734,0,Potential Customers
3165,16669.0,24,3,1374.87,3.218875824868201,1.3862943611198906,7.226841537285894,2,Champions
3166,16670.0,17,11,4095.9,2.8903717578961645,2.4849066497880004,8.317985869145499,1,Champions
3167,16671.0,28,3,1692.27,3.367295829986474,1.3862943611198906,7.434416849630159,2,Champions
3168,16672.0,2,20,8134.94,1.0986122886681098,3.044522437723423,9.004046563069934,1,Champions
3169,16674.0,55,2,319.61,4.02535169073515,1.0986122886681098,5.770225431204915,3,Potential Customers
3170,16676.0,34,4,1592.12,3.555348061489413,1.6094379124341005,7.373449636639774,2,Champions
3171,16678.0,3,12,3109.99,1.3862943611198906,2.5649493574615367,8.042696282491956,1,Champions
3172,16679.0,366,1,129.75,5.905361848054571,0.6931471805599453,4.873287102945032,3,At Risk
3173,16680.0,43,1,183.7,3.784189633918261,0.6931471805599453,5.218732887205194,3,Potential Customers
3174,16681.0,73,6,1770.34,4.30406509320417,1.9459101490553128,7.479491601287774,2,Potential Customers
3175,16682.0,5,5,1028.0,1.791759469228055,1.791759469228055,6.9363427358340495,0,Champions
3176,16684.0,4,28,66653.56,1.6094379124341005,3.367295829986474,11.107278740370788,1,Champions
3177,16685.0,61,2,324.24,4.127134385045092,1.0986122886681098,5.784563371339637,3,Potential Customers
3178,16686.0,47,7,3062.83,3.871201010907891,2.079441541679836,8.02742104629252,2,Champions
3179,16688.0,1,4,1260.86,0.6931471805599453,1.6094379124341005,7.1403421019236415,0,Champions
3180,16689.0,76,2,422.6,4.343805421853684,1.0986122886681098,6.048789613727251,3,Potential Customers
3181,16690.0,72,2,225.58,4.290459441148391,1.0986122886681098,5.423098083445343,3,Potential Customers
3182,16692.0,256,2,1276.0,5.54907608489522,1.0986122886681098,7.152268856032539,2,At Risk
3183,16693.0,69,2,482.01,4.248495242049359,1.0986122886681098,6.180037357371996,3,Potential Customers
3184,16696.0,135,4,657.9,4.912654885736052,1.6094379124341005,6.490571777919774,2,Potential Customers
3185,16697.0,241,1,112.75,5.488937726156687,0.6931471805599453,4.73400305783106,3,At Risk
3186,16698.0,227,2,1998.0,5.429345628954441,1.0986122886681098,7.6004023345004,2,At Risk
3187,16700.0,9,13,5076.55,2.302585092994046,2.6390573296152584,8.532584140771885,1,Champions
3188,16701.0,9,13,5398.3,2.302585092994046,2.6390573296152584,8.59402459452009,1,Champions
3189,16705.0,1,20,14034.99,0.6931471805599453,3.044522437723423,9.549380024249162,1,Champions
3190,16706.0,37,3,531.35,3.6375861597263857,1.3862943611198906,6.277301167760616,0,Champions
3191,16708.0,46,1,656.63,3.8501476017100575,0.6931471805599453,6.488642463139346,0,Champions
3192,16709.0,85,5,3029.87,4.454347296253507,1.791759469228055,8.016604986002726,2,Potential Customers
3193,16710.0,19,10,2483.04,2.995732273553991,2.3978952727983707,7.817641545983298,1,Champions
3194,16711.0,3,5,1651.03,1.3862943611198906,1.791759469228055,7.4097601137223315,1,Champions
3195,16712.0,9,11,3645.43,2.302585092994046,2.4849066497880004,8.201503885750247,1,Champions
3196,16713.0,19,15,6923.13,2.995732273553991,2.772588722239781,8.842767691394254,1,Champions
3197,16714.0,219,3,1161.53,5.393627546352362,1.3862943611198906,7.058353943580143,2,At Risk
3198,16715.0,78,1,301.72,4.3694478524670215,0.6931471805599453,5.712808285863513,3,Potential Customers
3199,16716.0,267,2,901.2,5.5909869805108565,1.0986122886681098,6.804836224974296,3,At Risk
3200,16717.0,24,6,3858.38,3.218875824868201,1.9459101490553128,8.258261827796161,1,Champions
3201,16718.0,369,1,623.75,5.91350300563827,0.6931471805599453,6.437351569715061,3,At Risk
3202,16719.0,15,7,1790.42,2.772588722239781,2.079441541679836,7.490763880431157,1,Champions
3203,16720.0,26,1,155.24,3.295836866004329,0.6931471805599453,5.051393286568423,0,Potential Customers
3204,16721.0,262,1,292.47,5.572154032177765,0.6931471805599453,5.681775419393111,3,At Risk
3205,16722.0,17,13,4730.81,2.8903717578961645,2.6390573296152584,8.46206307213662,1,Champions
3206,16723.0,91,2,589.15,4.5217885770490405,1.0986122886681098,6.380376741875078,3,Potential Customers
3207,16725.0,302,7,781.02,5.713732805509369,2.079441541679836,6.661880315665835,2,At Risk
3208,16726.0,26,5,1382.02,3.295836866004329,1.791759469228055,7.2320247928761745,2,Champions
3209,16727.0,364,1,272.82,5.899897353582492,0.6931471805599453,5.61247095620561,3,At Risk
3210,16728.0,46,4,1054.67,3.8501476017100575,1.6094379124341005,6.9619309154279065,2,Champions
3211,16729.0,38,21,7239.92,3.6635616461296463,3.091042453358316,8.887503549130026,1,Champions
3212,16730.0,52,3,743.11,3.970291913552122,1.3862943611198906,6.612188873366803,2,Potential Customers
3213,16732.0,32,1,603.75,3.49650756146648,0.6931471805599453,6.404815149490137,0,Champions
3214,16734.0,52,3,650.51,3.970291913552122,1.3862943611198906,6.47929274564127,2,Potential Customers
3215,16735.0,79,5,2300.56,4.382026634673881,1.791759469228055,7.741342432871859,2,Potential Customers
3216,16737.0,53,1,417.6,3.9889840465642745,0.6931471805599453,6.0369158100119,3,Potential Customers
3217,16738.0,298,1,3.75,5.700443573390687,0.6931471805599453,1.55814461804655,3,At Risk
3218,16739.0,177,1,323.0,5.181783550292085,0.6931471805599453,5.780743515792329,3,Potential Customers
3219,16742.0,47,1,464.9,3.871201010907891,0.6931471805599453,6.143971018822751,3,Potential Customers
3220,16743.0,29,7,2238.09,3.4011973816621555,2.079441541679836,7.713824812307198,2,Champions
3221,16744.0,11,7,1304.76,2.4849066497880004,2.079441541679836,7.174540525720933,1,Champions
3222,16745.0,87,17,7194.3,4.477336814478207,2.8903717578961645,8.881183314074189,1,Loyal Customers
3223,16746.0,5,18,6697.66,1.791759469228055,2.9444389791664403,8.809662785376391,1,Champions
3224,16747.0,38,2,836.0600000000001,3.6635616461296463,1.0986122886681098,6.729895752508072,2,Champions
3225,16748.0,18,5,1515.9,2.9444389791664403,1.791759469228055,7.324424057597627,2,Champions
3226,16750.0,45,5,623.93,3.828641396489095,1.791759469228055,6.437639643463933,2,Champions
3227,16751.0,31,1,1764.72,3.4657359027997265,0.6931471805599453,7.476313818197086,2,Champions
3228,16752.0,373,1,207.5,5.924255797414532,0.6931471805599453,5.339939041238856,3,At Risk
3229,16753.0,58,1,223.92,4.07753744390572,0.6931471805599453,5.415744783424001,3,Potential Customers
3230,16754.0,372,1,2002.4,5.921578419643816,0.6931471805599453,7.602601016177664,3,At Risk
3231,16755.0,114,3,1496.83,4.74493212836325,1.3862943611198906,7.311772672991101,2,Potential Customers
3232,16756.0,215,1,239.4,5.375278407684165,0.6931471805599453,5.4823042026610525,3,At Risk
3233,16757.0,319,1,106.83,5.768320995793772,0.6931471805599453,4.680555912893981,3,At Risk
3234,16758.0,65,1,369.34,4.189654742026425,0.6931471805599453,5.91442150260967,3,Potential Customers
3235,16759.0,8,3,789.79,2.19722457733622,1.3862943611198906,6.673032445794151,0,Champions
3236,16761.0,97,1,316.62,4.584967478670572,0.6931471805599453,5.760855699682501,3,Potential Customers
3237,16762.0,20,3,1501.38,3.044522437723423,1.3862943611198906,7.314805796331314,2,Champions
3238,16763.0,199,1,611.8499999999999,5.298317366548036,0.6931471805599453,6.418120207787174,3,Potential Customers
3239,16764.0,4,13,2799.25,1.6094379124341005,2.6390573296152584,7.937463977891848,1,Champions
3240,16765.0,294,1,34.0,5.68697535633982,0.6931471805599453,3.555348061489413,3,At Risk
3241,16766.0,273,2,1145.6,5.613128106388071,1.0986122886681098,7.044556320474283,3,At Risk
3242,16767.0,31,11,5580.6,3.4657359027997265,2.4849066497880004,8.627230752625026,1,Champions
3243,16768.0,48,3,478.09,3.8918202981106265,1.3862943611198906,6.17188847120203,2,Potential Customers
3244,16769.0,260,1,380.39,5.564520407322694,0.6931471805599453,5.94382247363014,3,At Risk
3245,16770.0,58,5,770.1,4.07753744390572,1.791759469228055,6.647818066838915,2,Potential Customers
3246,16771.0,33,5,2246.81,3.5263605246161616,1.791759469228055,7.717711687868648,2,Champions
3247,16773.0,57,1,171.59,4.060443010546419,0.6931471805599453,5.150918839543312,3,Potential Customers
3248,16774.0,68,4,661.52,4.23410650459726,1.6094379124341005,6.496050746083953,2,Potential Customers
3249,16775.0,10,11,1695.66,2.3978952727983707,2.4849066497880004,7.4364168915956546,1,Champions
3250,16776.0,60,1,388.28,4.110873864173311,0.6931471805599453,5.964298879035212,3,Potential Customers
3251,16777.0,80,2,226.35,4.394449154672439,1.0986122886681098,5.426490680271019,3,Potential Customers
3252,16778.0,74,2,245.94,4.31748811353631,1.0986122886681098,5.509145392139597,3,Potential Customers
3253,16779.0,2,22,10629.72,1.0986122886681098,3.1354942159291497,9.271503201873838,1,Champions
3254,16780.0,100,2,425.19,4.61512051684126,1.0986122886681098,6.054885256226418,3,Potential Customers
3255,16781.0,372,1,311.25,5.921578419643816,0.6931471805599453,5.743804149005687,3,At Risk
3256,16782.0,10,13,2279.9,2.3978952727983707,2.6390573296152584,7.732325380902501,1,Champions
3257,16784.0,20,1,107.6,3.044522437723423,0.6931471805599453,4.687671407499835,0,Potential Customers
3258,16788.0,123,2,597.48,4.820281565605037,1.0986122886681098,6.39439310756415,3,Potential Customers
3259,16789.0,8,1,80.80000000000001,2.19722457733622,0.6931471805599453,4.404277243608702,0,Potential Customers
3260,16790.0,4,6,1545.62,1.6094379124341005,1.9459101490553128,7.343827183683202,1,Champions
3261,16791.0,29,7,1721.78,3.4011973816621555,2.079441541679836,7.4516945441039795,2,Champions
3262,16792.0,282,2,110.38,5.645446897643238,1.0986122886681098,4.7129477781615225,3,At Risk
3263,16793.0,57,1,243.84,4.060443010546419,0.6931471805599453,5.500604935982869,3,Potential Customers
3264,16794.0,1,10,1222.71,0.6931471805599453,2.3978952727983707,7.109642506895799,1,Champions
3265,16795.0,365,1,414.88,5.902633333401366,0.6931471805599453,6.030396757109769,3,At Risk
3266,16796.0,89,1,305.62,4.499809670330265,0.6931471805599453,5.725609195882308,3,Potential Customers
3267,16800.0,11,1,1201.49,2.4849066497880004,0.6931471805599453,7.092149685937022,0,Champions
3268,16801.0,163,4,1619.73,5.099866427824199,1.6094379124341005,7.390631944012902,2,Potential Customers
3269,16803.0,65,1,332.3,4.189654742026425,0.6931471805599453,5.809042985313695,3,Potential Customers
3270,16804.0,23,3,536.99,3.1780538303479458,1.3862943611198906,6.287839972628443,0,Champions
3271,16805.0,174,2,460.59,5.1647859739235145,1.0986122886681098,6.134677051181064,3,Potential Customers
3272,16806.0,103,4,801.49,4.6443908991413725,1.6094379124341005,6.687719393867341,2,Potential Customers
3273,16807.0,143,3,1121.59,4.969813299576001,1.3862943611198906,7.02339379457603,2,Potential Customers
3274,16808.0,99,2,288.42,4.605170185988092,1.0986122886681098,5.667878920309847,3,Potential Customers
3275,16809.0,23,5,914.69,3.1780538303479458,1.791759469228055,6.81967787944687,2,Champions
3276,16810.0,192,1,309.54,5.262690188904886,0.6931471805599453,5.738312717553024,3,Potential Customers
3277,16811.0,5,2,547.07,1.791759469228055,1.0986122886681098,6.3064030160165885,0,Champions
3278,16812.0,361,1,479.35,5.891644211825772,0.6931471805599453,6.174515004855747,3,At Risk
3279,16813.0,8,10,1692.98,2.19722457733622,2.3978952727983707,7.434836068766861,1,Champions
3280,16814.0,14,21,6509.1,2.70805020110221,3.091042453358316,8.781110096067739,1,Champions
3281,16816.0,103,4,417.06,4.6443908991413725,1.6094379124341005,6.035624962893636,2,Potential Customers
3282,16817.0,3,9,1604.75,1.3862943611198906,2.302585092994046,7.381346216137902,1,Champions
3283,16818.0,11,11,3349.57,2.4849066497880004,2.4849066497880004,8.116885759599102,1,Champions
3284,16820.0,96,1,497.61,4.574710978503383,0.6931471805599453,6.211824227045576,3,Potential Customers
3285,16823.0,227,1,358.38,5.429345628954441,0.6931471805599453,5.884380324498308,3,At Risk
3286,16824.0,16,2,460.64,2.833213344056216,1.0986122886681098,6.134785366552204,0,Potential Customers
3287,16825.0,39,2,775.18,3.688879454113936,1.0986122886681098,6.654384452047831,2,Champions
3288,16826.0,51,1,341.7,3.951243718581428,0.6931471805599453,5.836855428880563,3,Potential Customers
3289,16828.0,93,2,128.5,4.543294782270004,1.0986122886681098,4.863680881139593,3,Potential Customers
3290,16829.0,157,1,197.22,5.062595033026967,0.6931471805599453,5.289377524978562,3,Potential Customers
3291,16830.0,39,1,325.91,3.688879454113936,0.6931471805599453,5.789684903656904,0,Potential Customers
3292,16832.0,184,3,199.15,5.220355825078324,1.3862943611198906,5.299067085438582,3,Potential Customers
3293,16833.0,1,4,1106.53,0.6931471805599453,1.6094379124341005,7.0098875895885335,0,Champions
3294,16834.0,228,1,413.46,5.43372200355424,0.6931471805599453,6.026976468109342,3,At Risk
3295,16835.0,128,2,180.85,4.859812404361672,1.0986122886681098,5.203182171432998,3,Potential Customers
3296,16836.0,40,2,251.87,3.713572066704308,1.0986122886681098,5.5328755226775,0,Potential Customers
3297,16837.0,31,11,3170.98,3.4657359027997265,2.4849066497880004,8.062111277564622,1,Champions
3298,16838.0,197,2,588.85,5.288267030694535,1.0986122886681098,6.379868267287852,3,Potential Customers
3299,16839.0,9,34,16594.35,2.302585092994046,3.555348061489413,9.716877814621636,1,Champions
3300,16841.0,37,6,1869.82,3.6375861597263857,1.9459101490553128,7.534132116408228,2,Champions
3301,16842.0,101,3,1264.19,4.624972813284271,1.3862943611198906,7.142977587511544,2,Potential Customers
3302,16843.0,43,16,10196.57,3.784189633918261,2.833213344056216,9.22990473559571,1,Champions
3303,16846.0,50,1,214.32,3.9318256327243257,0.6931471805599453,5.372125293692757,3,Potential Customers
3304,16847.0,43,1,193.44,3.784189633918261,0.6931471805599453,5.270123632177254,3,Potential Customers
3305,16848.0,53,1,281.42,3.9889840465642745,0.6931471805599453,5.643395324641106,3,Potential Customers
3306,16849.0,187,1,124.57,5.236441962829949,0.6931471805599453,4.8328633720008725,3,Potential Customers
3307,16850.0,334,1,332.41,5.814130531825066,0.6931471805599453,5.809372963868082,3,At Risk
3308,16851.0,4,3,342.45,1.6094379124341005,1.3862943611198906,5.839041540659891,0,Potential Customers
3309,16852.0,10,2,144.91,2.3978952727983707,1.0986122886681098,4.982989993275931,0,Potential Customers
3310,16855.0,24,2,328.40000000000003,3.218875824868201,1.0986122886681098,5.79727281774354,0,Potential Customers
3311,16856.0,15,1,35.400000000000006,2.772588722239781,0.6931471805599453,3.594568774642695,0,Potential Customers
3312,16858.0,369,1,375.69000000000005,5.91350300563827,0.6931471805599453,5.931422568022302,3,At Risk
3313,16859.0,145,2,747.81,4.983606621708336,1.0986122886681098,6.618485279775063,3,Potential Customers
3314,16861.0,60,2,173.76,4.110873864173311,1.0986122886681098,5.163413604083235,3,Potential Customers
3315,16863.0,31,2,502.8,3.4657359027997265,1.0986122886681098,6.22217936391851,0,Champions
3316,16866.0,141,3,207.74,4.955827057601261,1.3862943611198906,5.341089458391906,3,Potential Customers
3317,16869.0,23,4,825.4200000000001,3.1780538303479458,1.6094379124341005,6.717103118867857,2,Champions
3318,16871.0,22,6,2812.34,3.1354942159291497,1.9459101490553128,7.942127668587332,2,Champions
3319,16872.0,77,3,680.02,4.356708826689592,1.3862943611198906,6.523591674293888,2,Potential Customers
3320,16873.0,5,6,7123.62,1.791759469228055,1.9459101490553128,8.871311670381246,1,Champions
3321,16875.0,67,5,2095.53,4.219507705176107,1.791759469228055,7.648038876071995,2,Potential Customers
3322,16877.0,12,6,853.72,2.5649493574615367,1.9459101490553128,6.750773929921596,2,Champions
3323,16878.0,84,1,13.3,4.442651256490317,0.6931471805599453,2.660259537265861,3,Potential Customers
3324,16880.0,31,7,1519.08,3.4657359027997265,2.079441541679836,7.326518244034276,2,Champions
3325,16881.0,67,1,432.0,4.219507705176107,0.6931471805599453,6.07073772800249,3,Potential Customers
3326,16882.0,67,3,705.12,4.219507705176107,1.3862943611198906,6.559785194721083,2,Potential Customers
3327,16883.0,187,2,276.73,5.236441962829949,1.0986122886681098,5.626649418726377,3,Potential Customers
3328,16884.0,38,2,429.84,3.6635616461296463,1.0986122886681098,6.0657367914825695,0,Potential Customers
3329,16885.0,15,3,471.51,2.772588722239781,1.3862943611198906,6.158058910731007,0,Potential Customers
3330,16887.0,35,1,194.88,3.58351893845611,0.6931471805599453,5.277502226834117,0,Potential Customers
3331,16889.0,195,3,1578.67,5.278114659230517,1.3862943611198906,7.364971243447073,2,Potential Customers
3332,16891.0,2,5,809.7,1.0986122886681098,1.791759469228055,6.697898071993661,0,Champions
3333,16892.0,1,5,525.54,0.6931471805599453,1.791759469228055,6.266327302097504,0,Champions
3334,16893.0,367,1,145.93,5.908082938168931,0.6931471805599453,4.989956282887855,3,At Risk
3335,16895.0,65,1,219.14,4.189654742026425,0.6931471805599453,5.394263707595246,3,Potential Customers
3336,16897.0,299,2,289.78,5.703782474656201,1.0986122886681098,5.672566967503279,3,At Risk
3337,16898.0,26,3,508.81,3.295836866004329,1.3862943611198906,6.234038107285137,0,Champions
3338,16899.0,8,6,1281.56,2.19722457733622,1.9459101490553128,7.156613359576336,1,Champions
3339,16900.0,17,3,887.11,2.8903717578961645,1.3862943611198906,6.789095609194309,0,Champions
3340,16902.0,116,1,1706.88,4.762173934797756,0.6931471805599453,7.443008114269093,2,Potential Customers
3341,16903.0,29,1,373.24,3.4011973816621555,0.6931471805599453,5.924897302835869,0,Potential Customers
3342,16904.0,4,16,3754.27,1.6094379124341005,2.833213344056216,8.230915465741086,1,Champions
3343,16905.0,5,7,3102.43,1.791759469228055,2.079441541679836,8.040263230419699,1,Champions
3344,16906.0,82,4,579.77,4.418840607796598,1.6094379124341005,6.364354809283968,2,Potential Customers
3345,16907.0,29,5,981.65,3.4011973816621555,1.791759469228055,6.890253003845995,2,Champions
3346,16909.0,72,1,379.14,4.290459441148391,0.6931471805599453,5.940539605922692,3,Potential Customers
3347,16910.0,4,8,1510.06,1.6094379124341005,2.19722457733622,7.320566670286484,1,Champions
3348,16912.0,29,11,2575.38,3.4011973816621555,2.4849066497880004,7.854140591872849,1,Champions
3349,16913.0,290,1,113.44,5.673323267171493,0.6931471805599453,4.74005066818191,3,At Risk
3350,16914.0,36,1,208.46,3.610917912644224,0.6931471805599453,5.344532790344999,0,Potential Customers
3351,16915.0,9,6,621.6800000000001,2.302585092994046,1.9459101490553128,6.4340327431676485,0,Champions
3352,16916.0,24,2,576.26,3.218875824868201,1.0986122886681098,6.358292771601228,0,Champions
3353,16917.0,277,1,391.52,5.627621113690637,0.6931471805599453,5.972587491338293,3,At Risk
3354,16918.0,50,6,1068.82,3.9318256327243257,1.9459101490553128,6.975245689005592,2,Potential Customers
3355,16919.0,156,11,2596.45,5.056245805348308,2.4849066497880004,7.862285473509961,2,Loyal Customers
3356,16921.0,61,1,169.79,4.127134385045092,0.6931471805599453,5.1404347316311005,3,Potential Customers
3357,16923.0,12,19,7247.61,2.5649493574615367,2.995732273553991,8.888565005329367,1,Champions
3358,16924.0,21,3,846.75,3.091042453358316,1.3862943611198906,6.742585781005748,0,Champions
3359,16926.0,371,1,230.25,5.918893854273146,0.6931471805599453,5.443499376392535,3,At Risk
3360,16927.0,116,3,543.05,4.762173934797756,1.3862943611198906,6.299041154397021,2,Potential Customers
3361,16928.0,80,17,2847.6,4.394449154672439,2.8903717578961645,7.954582924500486,1,Loyal Customers
3362,16929.0,4,7,1295.39,1.6094379124341005,2.079441541679836,7.167338757569021,1,Champions
3363,16930.0,26,3,380.55,3.295836866004329,1.3862943611198906,5.944241903735643,0,Potential Customers
3364,16931.0,5,21,4604.22,1.791759469228055,3.091042453358316,8.434945721706782,1,Champions
3365,16932.0,53,1,161.94,3.9889840465642745,0.6931471805599453,5.093382034882496,3,Potential Customers
3366,16933.0,1,2,563.23,0.6931471805599453,1.0986122886681098,6.335461969788099,0,Champions
3367,16934.0,55,2,950.93,4.02535169073515,1.0986122886681098,6.858491502676181,2,Potential Customers
3368,16936.0,26,1,262.68,3.295836866004329,0.6931471805599453,5.574736246721107,0,Potential Customers
3369,16938.0,9,4,2736.38,2.302585092994046,1.6094379124341005,7.914756537547509,1,Champions
3370,16940.0,52,3,3049.88,3.970291913552122,1.3862943611198906,8.023185352576407,2,Potential Customers
3371,16942.0,13,9,1920.59,2.6390573296152584,2.302585092994046,7.560908247315509,1,Champions
3372,16943.0,212,3,816.73,5.3612921657094255,1.3862943611198906,6.706532208766916,2,At Risk
3373,16945.0,22,19,4345.5,3.1354942159291497,2.995732273553991,8.377126202519118,1,Champions
3374,16947.0,236,1,406.48,5.468060141135132,0.6931471805599453,6.009991851721866,3,At Risk
3375,16948.0,139,3,435.02,4.941642422609304,1.3862943611198906,6.0776881138566,3,Potential Customers
3376,16949.0,4,6,1286.27,1.6094379124341005,1.9459101490553128,7.160278975803028,1,Champions
3377,16950.0,57,3,1178.56,4.060443010546419,1.3862943611198906,7.072896766566239,2,Potential Customers
3378,16951.0,135,3,1277.75,4.912654885736052,1.3862943611198906,7.153638317265837,2,Potential Customers
3379,16952.0,109,2,167.61,4.700480365792417,1.0986122886681098,5.127588355789889,3,Potential Customers
3380,16953.0,30,1,20.8,3.4339872044851463,0.6931471805599453,3.0819099697950434,3,Potential Customers
3381,16954.0,1,9,2085.08,0.6931471805599453,2.302585092994046,7.643041985736175,1,Champions
3382,16955.0,185,4,518.67,5.225746673713202,1.6094379124341005,6.25319399473728,2,Potential Customers
3383,16956.0,18,1,308.74,2.9444389791664403,0.6931471805599453,5.735733235888028,0,Potential Customers
3384,16957.0,239,2,416.64,5.480638923341991,1.0986122886681098,6.03461981742191,3,At Risk
3385,16959.0,87,1,117.35,4.477336814478207,0.6931471805599453,4.773646335959993,3,Potential Customers
3386,16960.0,39,3,507.05,3.688879454113936,1.3862943611198906,6.23057986793189,0,Champions
3387,16961.0,116,1,234.17,4.762173934797756,0.6931471805599453,5.46030865686874,3,Potential Customers
3388,16963.0,187,1,110.55,5.236441962829949,0.6931471805599453,4.714472920878541,3,Potential Customers
3389,16965.0,227,1,201.19,5.429345628954441,0.6931471805599453,5.309207849379209,3,At Risk
3390,16966.0,8,7,2154.97,2.19722457733622,2.079441541679836,7.675996017275306,1,Champions
3391,16967.0,189,1,319.02,5.247024072160486,0.6931471805599453,5.768383493840728,3,Potential Customers
3392,16968.0,4,2,439.43,1.6094379124341005,1.0986122886681098,6.087751522419478,0,Potential Customers
3393,16969.0,39,3,650.41,3.688879454113936,1.3862943611198906,6.479139244274806,2,Champions
3394,16971.0,38,1,357.21,3.6635616461296463,0.6931471805599453,5.881119406601529,0,Potential Customers
3395,16976.0,267,1,251.52,5.5909869805108565,0.6931471805599453,5.5314904534994245,3,At Risk
3396,16978.0,78,1,344.33,4.3694478524670215,0.6931471805599453,5.84450048159508,3,Potential Customers
3397,16979.0,4,6,1852.0,1.6094379124341005,1.9459101490553128,7.52456122628536,1,Champions
3398,16980.0,255,2,1078.96,5.545177444479562,1.0986122886681098,6.984679282395341,3,At Risk
3399,16982.0,61,1,384.06,4.127134385045092,0.6931471805599453,5.95339916630119,3,Potential Customers
3400,16983.0,13,7,1931.25,2.6390573296152584,2.079441541679836,7.56644040598698,1,Champions
3401,16984.0,88,2,4481.35,4.48863636973214,1.0986122886681098,8.407902741450327,2,Potential Customers
3402,16985.0,17,10,5464.12,2.8903717578961645,2.3978952727983707,8.606141358283566,1,Champions
3403,16986.0,30,2,1873.2,3.4339872044851463,1.0986122886681098,7.535937180689723,2,Champions
3404,16987.0,3,7,1625.05,1.3862943611198906,2.079441541679836,7.393909039942478,1,Champions
3405,16988.0,5,1,126.12,1.791759469228055,0.6931471805599453,4.845131522228461,0,Potential Customers
3406,16989.0,7,6,1133.25,2.079441541679836,1.9459101490553128,7.033726918544073,1,Champions
3407,16990.0,219,1,179.0,5.393627546352362,0.6931471805599453,5.19295685089021,3,At Risk
3408,16992.0,11,5,1614.31,2.4849066497880004,1.791759469228055,7.38728216770102,2,Champions
3409,16996.0,30,6,1456.96,3.4339872044851463,1.9459101490553128,7.284793477350012,2,Champions
3410,16997.0,288,3,702.0,5.666426688112432,1.3862943611198906,6.555356891810665,3,At Risk
3411,16998.0,150,4,295.0,5.017279836814924,1.6094379124341005,5.69035945432406,3,Potential Customers
3412,16999.0,23,2,484.82,3.1780538303479458,1.0986122886681098,6.185838184926078,0,Potential Customers
3413,17001.0,1,11,3989.57,0.6931471805599453,2.4849066497880004,8.291689356823657,1,Champions
3414,17002.0,86,3,1493.73,4.465908118654584,1.3862943611198906,7.309700867507591,2,Potential Customers
3415,17004.0,46,2,1412.94,3.8501476017100575,1.0986122886681098,7.254135412741511,2,Champions
3416,17006.0,5,4,781.78,1.791759469228055,1.6094379124341005,6.662851685885364,0,Champions
3417,17007.0,51,6,889.9300000000001,3.951243718581428,1.9459101490553128,6.792265860972647,2,Potential Customers
3418,17010.0,18,1,195.36,2.9444389791664403,0.6931471805599453,5.279949709189852,0,Potential Customers
3419,17011.0,30,1,270.9,3.4339872044851463,0.6931471805599453,5.605434351638425,0,Potential Customers
3420,17014.0,8,3,586.33,2.19722457733622,1.3862943611198906,6.375586842443012,0,Champions
3421,17015.0,29,3,1842.56,3.4011973816621555,1.3862943611198906,7.519453763930569,2,Champions
3422,17017.0,3,20,8694.26,1.3862943611198906,3.044522437723423,9.070533328583988,1,Champions
3423,17018.0,41,2,920.1,3.737669618283368,1.0986122886681098,6.82556860799419,2,Champions
3424,17019.0,11,4,1272.61,2.4849066497880004,1.6094379124341005,7.149610666818088,0,Champions
3425,17022.0,31,1,71.0,3.4657359027997265,0.6931471805599453,4.276666119016055,3,Potential Customers
3426,17024.0,45,3,95.85,3.828641396489095,1.3862943611198906,4.573163389853005,3,Potential Customers
3427,17025.0,61,3,357.77,4.127134385045092,1.3862943611198906,5.882681514648826,3,Potential Customers
3428,17026.0,185,2,154.83,5.225746673713202,1.0986122886681098,5.048765669457524,3,Potential Customers
3429,17027.0,79,6,890.29,4.382026634673881,1.9459101490553128,6.792669851506807,2,Potential Customers
3430,17029.0,111,2,716.0,4.718498871295094,1.0986122886681098,6.57507584059962,3,Potential Customers
3431,17030.0,64,1,146.87,4.174387269895637,0.6931471805599453,4.996333509385396,3,Potential Customers
3432,17031.0,12,2,380.35,2.5649493574615367,1.0986122886681098,5.943717588610248,0,Potential Customers
3433,17033.0,86,3,1030.14,4.465908118654584,1.3862943611198906,6.9384202652929305,2,Potential Customers
3434,17034.0,16,3,745.52,2.833213344056216,1.3862943611198906,6.615422408314929,0,Champions
3435,17035.0,246,2,433.53,5.5093883366279774,1.0986122886681098,6.07426498720113,3,At Risk
3436,17037.0,88,1,1267.32,4.48863636973214,0.6931471805599453,7.145448469088846,3,Potential Customers
3437,17038.0,30,1,112.4,3.4339872044851463,0.6931471805599453,4.730921391293652,0,Potential Customers
3438,17040.0,138,1,449.73,4.934473933130692,0.6931471805599453,6.110868490605405,3,Potential Customers
3439,17041.0,27,3,1081.57,3.332204510175204,1.3862943611198906,6.987093122912967,2,Champions
3440,17042.0,3,5,1044.38,1.3862943611198906,1.791759469228055,6.952135734662869,0,Champions
3441,17043.0,32,4,1735.18,3.49650756146648,1.6094379124341005,7.459442576481153,2,Champions
3442,17044.0,25,1,948.48,3.258096538021482,0.6931471805599453,6.855914466312751,0,Champions
3443,17045.0,113,3,339.44,4.736198448394496,1.3862943611198906,5.83023889860876,3,Potential Customers
3444,17046.0,157,1,642.02,5.062595033026967,0.6931471805599453,6.466175827952961,3,Potential Customers
3445,17047.0,85,3,1100.9,4.454347296253507,1.3862943611198906,7.004791241493732,2,Potential Customers
3446,17048.0,118,3,925.35,4.77912349311153,1.3862943611198906,6.831252132996021,2,Potential Customers
3447,17049.0,3,9,5659.9800000000005,1.3862943611198906,2.302585092994046,8.64135230108571,1,Champions
3448,17050.0,96,6,3228.84,4.574710978503383,1.9459101490553128,8.080187879386058,2,Potential Customers
3449,17051.0,194,1,247.14,5.272999558563747,0.6931471805599453,5.513993103014726,3,Potential Customers
3450,17052.0,28,1,413.75,3.367295829986474,0.6931471805599453,6.027675929070554,0,Potential Customers
3451,17053.0,131,1,498.48,4.882801922586371,0.6931471805599453,6.213567557246944,3,Potential Customers
3452,17054.0,28,5,1356.33,3.367295829986474,1.791759469228055,7.213274813763555,2,Champions
3453,17058.0,82,3,1179.89,4.418840607796598,1.3862943611198906,7.074023670453844,2,Potential Customers
3454,17059.0,30,5,3095.04,3.4339872044851463,1.791759469228055,8.037879154522797,2,Champions
3455,17060.0,266,1,234.24,5.58724865840025,0.6931471805599453,5.460606269591755,3,At Risk
3456,17061.0,74,11,5232.2300000000005,4.31748811353631,2.4849066497880004,8.56278395725042,1,Loyal Customers
3457,17062.0,314,4,538.37,5.752572638825633,1.6094379124341005,6.290401791806313,3,At Risk
3458,17063.0,21,7,1461.14,3.091042453358316,2.079441541679836,7.287656394959027,2,Champions
3459,17064.0,59,3,859.35,4.0943445622221,1.3862943611198906,6.757339283199166,2,Potential Customers
3460,17068.0,12,21,4552.14,2.5649493574615367,3.091042453358316,8.423572383818774,1,Champions
3461,17069.0,28,9,2709.7000000000003,3.367295829986474,2.302585092994046,7.904962183102404,1,Champions
3462,17070.0,114,1,312.14,4.74493212836325,0.6931471805599453,5.746650374883377,3,Potential Customers
3463,17071.0,28,9,2429.03,3.367295829986474,2.302585092994046,7.795658881937399,1,Champions
3464,17073.0,18,4,1446.09,2.9444389791664403,1.6094379124341005,7.277309922347601,2,Champions
3465,17075.0,18,4,834.12,2.9444389791664403,1.6094379124341005,6.727575427100043,2,Champions
3466,17076.0,36,3,841.0799999999999,3.610917912644224,1.3862943611198906,6.735875021605469,2,Champions
3467,17078.0,36,2,378.2,3.610917912644224,1.0986122886681098,5.938063770380866,0,Potential Customers
3468,17079.0,78,1,118.8,4.3694478524670215,0.6931471805599453,4.785823685681349,3,Potential Customers
3469,17080.0,22,2,287.62,3.1354942159291497,1.0986122886681098,5.665110944007932,0,Potential Customers
3470,17081.0,25,2,290.16,3.258096538021482,1.0986122886681098,5.673872944250057,0,Potential Customers
3471,17082.0,33,2,2003.85,3.5263605246161616,1.0986122886681098,7.603324523974459,2,Champions
3472,17083.0,109,3,1405.78,4.700480365792417,1.3862943611198906,7.249058683836842,2,Potential Customers
3473,17084.0,35,2,2949.75,3.58351893845611,1.0986122886681098,7.989814654309178,2,Champions
3474,17085.0,123,5,1566.65,4.820281565605037,1.791759469228055,7.3573329617086225,2,Potential Customers
3475,17086.0,7,6,2050.08,2.079441541679836,1.9459101490553128,7.626121762674929,1,Champions
3476,17088.0,28,4,1991.01,3.367295829986474,1.6094379124341005,7.596899458212264,2,Champions
3477,17090.0,4,7,2043.95,1.6094379124341005,2.079441541679836,7.623128618300249,1,Champions
3478,17091.0,3,9,3827.76,1.3862943611198906,2.302585092994046,8.250296269962053,1,Champions
3479,17092.0,50,4,1777.78,3.9318256327243257,1.6094379124341005,7.483683015038365,2,Potential Customers
3480,17094.0,322,1,302.0,5.777652323222656,0.6931471805599453,5.713732805509369,3,At Risk
3481,17095.0,23,3,1324.16,3.1780538303479458,1.3862943611198906,7.189288485847039,2,Champions
3482,17096.0,15,4,1022.13,2.772588722239781,1.6094379124341005,6.930621835101851,2,Champions
3483,17097.0,2,8,954.42,1.0986122886681098,2.19722457733622,6.862151034377116,1,Champions
3484,17100.0,18,2,971.74,2.9444389791664403,1.0986122886681098,6.880116831678181,0,Champions
3485,17101.0,10,4,1621.73,2.3978952727983707,1.6094379124341005,7.391865195080271,2,Champions
3486,17102.0,262,1,25.5,5.572154032177765,0.6931471805599453,3.277144732992177,3,At Risk
3487,17105.0,159,2,665.78,5.075173815233827,1.0986122886681098,6.50246015642561,3,Potential Customers
3488,17107.0,33,6,10815.43,3.5263605246161616,1.9459101490553128,9.28882155340966,1,Champions
3489,17109.0,29,6,885.04,3.4011973816621555,1.9459101490553128,6.78676209631286,2,Champions
3490,17110.0,165,1,163.29999999999998,5.111987788356544,0.6931471805599453,5.101694025043222,3,Potential Customers
3491,17111.0,47,1,248.61,3.871201010907891,0.6931471805599453,5.519899699795292,3,Potential Customers
3492,17114.0,6,8,808.62,1.9459101490553128,2.19722457733622,6.696565001785386,1,Champions
3493,17115.0,8,3,837.5,2.19722457733622,1.3862943611198906,6.731614581263264,0,Champions
3494,17117.0,288,1,116.2,5.666426688112432,0.6931471805599453,4.763881877142913,3,At Risk
3495,17118.0,318,1,157.02,5.765191102784844,0.6931471805599453,5.062721607294587,3,At Risk
3496,17119.0,3,2,606.91,1.3862943611198906,1.0986122886681098,6.410026844693401,0,Champions
3497,17120.0,233,1,307.46,5.455321115357702,0.6931471805599453,5.731592175295468,3,At Risk
3498,17122.0,119,1,138.32,4.787491742782046,0.6931471805599453,4.9367734454978,3,Potential Customers
3499,17123.0,162,1,345.3,5.093750200806762,0.6931471805599453,5.847305451408376,3,Potential Customers
3500,17124.0,185,1,298.89,5.225746673713202,0.6931471805599453,5.703415740750875,3,Potential Customers
3501,17125.0,50,1,259.35,3.9318256327243257,0.6931471805599453,5.562026879608908,3,Potential Customers
3502,17126.0,152,5,1004.75,5.030437921392435,1.791759469228055,6.9134888108298975,2,Potential Customers
3503,17128.0,335,1,157.09,5.817111159963204,0.6931471805599453,5.063164491108096,3,At Risk
3504,17131.0,5,5,2463.17,1.791759469228055,1.791759469228055,7.8096103157799615,1,Champions
3505,17133.0,16,7,4892.240000000001,2.833213344056216,2.079441541679836,8.495609939749011,1,Champions
3506,17134.0,107,2,425.0,4.68213122712422,1.0986122886681098,6.054439346269371,3,Potential Customers
3507,17135.0,16,7,1139.73,2.833213344056216,2.079441541679836,7.039423687328594,2,Champions
3508,17138.0,276,1,380.5,5.6240175061873385,0.6931471805599453,5.944110850724512,3,At Risk
3509,17139.0,16,12,10668.47,2.833213344056216,2.5649493574615367,9.2751416710846,1,Champions
3510,17140.0,247,1,465.32,5.513428746164983,0.6931471805599453,6.144872093737295,3,At Risk
3511,17142.0,239,1,579.0,5.480638923341991,0.6931471805599453,6.363028103540465,3,At Risk
3512,17144.0,1,2,984.57,0.6931471805599453,1.0986122886681098,6.893220154004312,0,Champions
3513,17146.0,106,3,749.78,4.672828834461906,1.3862943611198906,6.621112666105018,2,Potential Customers
3514,17147.0,23,4,1714.59,3.1780538303479458,1.6094379124341005,7.447512323761201,2,Champions
3515,17148.0,52,1,124.88,3.970291913552122,0.6931471805599453,4.835329072196206,3,Potential Customers
3516,17152.0,195,3,1689.5,5.278114659230517,1.3862943611198906,7.43277962214794,2,Potential Customers
3517,17153.0,24,1,213.78,3.218875824868201,0.6931471805599453,5.369614248430071,0,Potential Customers
3518,17154.0,75,1,329.34,4.330733340286331,0.6931471805599453,5.800122427092944,3,Potential Customers
3519,17155.0,18,2,251.7,2.9444389791664403,1.0986122886681098,5.532203014394148,0,Potential Customers
3520,17157.0,8,2,319.0,2.19722457733622,1.0986122886681098,5.768320995793772,0,Potential Customers
3521,17158.0,32,3,1266.97,3.49650756146648,1.3862943611198906,7.145172475411292,2,Champions
3522,17159.0,22,3,1538.88,3.1354942159291497,1.3862943611198906,7.33945977029367,2,Champions
3523,17160.0,31,6,3518.03,3.4657359027997265,1.9459101490553128,8.165940662434437,2,Champions
3524,17162.0,29,10,1715.46,3.4011973816621555,2.3978952727983707,7.448019309392898,1,Champions
3525,17163.0,22,2,293.1,3.1354942159291497,1.0986122886681098,5.68391984555995,0,Potential Customers
3526,17164.0,33,7,2467.35,3.5263605246161616,2.079441541679836,7.811305190205457,2,Champions
3527,17165.0,284,1,158.68,5.652489180268651,0.6931471805599453,5.073171812563154,3,At Risk
3528,17166.0,39,2,206.34,3.688879454113936,1.0986122886681098,5.334359957894966,0,Potential Customers
3529,17169.0,58,2,835.78,4.07753744390572,1.0986122886681098,6.729561192451421,2,Potential Customers
3530,17171.0,289,1,224.91,5.66988092298052,0.6931471805599453,5.420136689869131,3,At Risk
3531,17172.0,79,1,317.76,4.382026634673881,0.6931471805599453,5.764438468529548,3,Potential Customers
3532,17173.0,5,8,3766.6,1.791759469228055,2.19722457733622,8.234193472948663,1,Champions
3533,17174.0,218,1,59.9,5.389071729816501,0.6931471805599453,4.109233174715851,3,At Risk
3534,17175.0,44,4,1443.69,3.80666248977032,1.6094379124341005,7.275650044659092,2,Champions
3535,17176.0,202,1,306.13,5.313205979041787,0.6931471805599453,5.7272711107251055,3,At Risk
3536,17179.0,178,3,711.79,5.187385805840755,1.3862943611198906,6.569186846877494,2,Potential Customers
3537,17180.0,56,4,796.03,4.04305126783455,1.6094379124341005,6.680892319236134,2,Potential Customers
3538,17181.0,57,2,239.92,4.060443010546419,1.0986122886681098,5.48446492817552,3,Potential Customers
3539,17183.0,8,6,3347.31,2.19722457733622,1.9459101490553128,8.116211019915529,1,Champions
3540,17186.0,47,2,144.0,3.871201010907891,1.0986122886681098,4.976733742420574,3,Potential Customers
3541,17187.0,227,1,203.95,5.429345628954441,0.6931471805599453,5.322766046950346,3,At Risk
3542,17188.0,11,7,2474.23,2.4849066497880004,2.079441541679836,7.814088599978061,1,Champions
3543,17189.0,106,2,384.4,4.672828834461906,1.0986122886681098,5.954281755980266,3,Potential Customers
3544,17190.0,59,2,444.74,4.0943445622221,1.0986122886681098,6.09973582239177,3,Potential Customers
3545,17191.0,28,7,2095.13,3.367295829986474,2.079441541679836,7.647848066418356,2,Champions
3546,17193.0,36,7,1699.3,3.610917912644224,2.079441541679836,7.43855998506344,2,Champions
3547,17194.0,274,2,262.62,5.616771097666572,1.0986122886681098,5.57450867228432,3,At Risk
3548,17197.0,30,1,1013.01,3.4339872044851463,0.6931471805599453,6.921668046035439,0,Champions
3549,17198.0,24,3,692.22,3.218875824868201,1.3862943611198906,6.541347409127499,0,Champions
3550,17201.0,54,1,342.63,4.007333185232471,0.6931471805599453,5.839565497125275,3,Potential Customers
3551,17203.0,36,6,3563.85,3.610917912644224,1.9459101490553128,8.178877256226862,2,Champions
3552,17204.0,175,4,1564.56,5.170483995038151,1.6094379124341005,7.355998866445309,2,Potential Customers
3553,17205.0,54,1,384.08,4.007333185232471,0.6931471805599453,5.953451104909766,3,Potential Customers
3554,17206.0,53,1,204.24,3.9889840465642745,0.6931471805599453,5.324180026073764,3,Potential Customers
3555,17211.0,27,8,2317.2200000000003,3.332204510175204,2.19722457733622,7.748554928800743,1,Champions
3556,17212.0,253,1,226.85,5.537334267018537,0.6931471805599453,5.428687517709892,3,At Risk
3557,17213.0,40,7,2781.23,3.713572066704308,2.079441541679836,7.931008043401064,2,Champions
3558,17214.0,60,6,1069.12,4.110873864173311,1.9459101490553128,6.975526070700374,2,Potential Customers
3559,17217.0,234,1,113.5,5.459585514144159,0.6931471805599453,4.740574822994295,3,At Risk
3560,17218.0,4,10,1960.72,1.6094379124341005,2.3978952727983707,7.581576918422193,1,Champions
3561,17219.0,32,1,114.23,3.49650756146648,0.6931471805599453,4.746930131025923,3,Potential Customers
3562,17220.0,24,14,3198.25,3.218875824868201,2.70805020110221,8.070671686317706,1,Champions
3563,17221.0,7,2,335.13,2.079441541679836,1.0986122886681098,5.817497989896762,0,Potential Customers
3564,17222.0,65,1,354.15,4.189654742026425,0.6931471805599453,5.872540235443819,3,Potential Customers
3565,17223.0,310,2,426.79,5.739792912179234,1.0986122886681098,6.058632420966027,3,At Risk
3566,17226.0,309,1,393.49,5.736572297479192,0.6931471805599453,5.977593791422191,3,At Risk
3567,17227.0,19,6,939.32,2.995732273553991,1.9459101490553128,6.84622024286434,2,Champions
3568,17228.0,16,8,1906.09,2.833213344056216,2.19722457733622,7.553333799033199,1,Champions
3569,17229.0,96,2,318.76,4.574710978503383,1.0986122886681098,5.767570714403068,3,Potential Customers
3570,17230.0,264,8,3638.41,5.579729825986222,2.19722457733622,8.199576859581033,2,At Risk
3571,17231.0,12,10,3174.32,2.5649493574615367,2.3978952727983707,8.063163693649658,1,Champions
3572,17232.0,3,2,421.52,1.3862943611198906,1.0986122886681098,6.046236782954962,0,Potential Customers
3573,17233.0,35,1,190.88,3.58351893845611,0.6931471805599453,5.256870176633863,0,Potential Customers
3574,17234.0,183,1,149.89,5.214935757608986,0.6931471805599453,5.01655109452556,3,Potential Customers
3575,17235.0,25,2,550.0600000000001,3.258096538021482,1.0986122886681098,6.311843696146471,0,Champions
3576,17236.0,13,6,916.13,2.6390573296152584,1.9459101490553128,6.821249228838842,2,Champions
3577,17237.0,11,2,314.69,2.4849066497880004,1.0986122886681098,5.754760719420831,0,Potential Customers
3578,17238.0,3,17,3744.65,1.3862943611198906,2.8903717578961645,8.228350445643704,1,Champions
3579,17239.0,313,1,382.5,5.749392985908253,0.6931471805599453,5.949339620807311,3,At Risk
3580,17242.0,108,2,1135.04,4.691347882229144,1.0986122886681098,7.0353038099288,2,Potential Customers
3581,17243.0,1,26,8676.85,0.6931471805599453,3.295836866004329,9.068529081120175,1,Champions
3582,17244.0,53,1,954.9,3.9889840465642745,0.6931471805599453,6.862653305069717,0,Potential Customers
3583,17245.0,205,1,171.45000000000002,5.327876168789581,0.6931471805599453,5.15010733938285,3,At Risk
3584,17247.0,15,1,282.19,2.772588722239781,0.6931471805599453,5.646118050461663,0,Potential Customers
3585,17248.0,120,1,318.65,4.795790545596741,0.6931471805599453,5.767226647212736,3,Potential Customers
3586,17250.0,4,2,384.52,1.6094379124341005,1.0986122886681098,5.954593072332077,0,Potential Customers
3587,17251.0,363,1,283.28000000000003,5.8971538676367405,0.6931471805599453,5.649959667958695,3,At Risk
3588,17252.0,117,2,353.86,4.770684624465665,1.0986122886681098,5.871723345495433,3,Potential Customers
3589,17253.0,18,1,178.26,2.9444389791664403,0.6931471805599453,5.188837265929216,0,Potential Customers
3590,17254.0,5,2,272.44,1.791759469228055,1.0986122886681098,5.6110822193672805,0,Potential Customers
3591,17255.0,41,2,298.41,3.737669618283368,1.0986122886681098,5.701813871561357,0,Potential Customers
3592,17256.0,107,2,240.0,4.68213122712422,1.0986122886681098,5.484796933490655,3,Potential Customers
3593,17259.0,148,2,603.37,5.003946305945459,1.0986122886681098,6.40418659316403,3,Potential Customers
3594,17262.0,52,5,1253.36,3.970291913552122,1.791759469228055,7.134380761332616,2,Potential Customers
3595,17263.0,208,1,63.440000000000005,5.342334251964811,0.6931471805599453,4.165734558308774,3,At Risk
3596,17265.0,139,2,562.9,4.941642422609304,1.0986122886681098,6.334876930813136,3,Potential Customers
3597,17266.0,2,3,310.64,1.0986122886681098,1.3862943611198906,5.741848675462657,0,Potential Customers
3598,17267.0,127,2,317.62,4.852030263919617,1.0986122886681098,5.763999170144749,3,Potential Customers
3599,17268.0,108,4,763.64,4.691347882229144,1.6094379124341005,6.639405134829848,2,Potential Customers
3600,17272.0,42,4,2148.63,3.7612001156935615,1.6094379124341005,7.673051013288749,2,Champions
3601,17274.0,35,1,111.98,3.58351893845611,0.6931471805599453,4.727210811897116,3,Potential Customers
3602,17277.0,228,2,1065.35,5.43372200355424,1.0986122886681098,6.9719968810436015,3,At Risk
3603,17278.0,241,1,246.04,5.488937726156687,0.6931471805599453,5.509550266836412,3,At Risk
3604,17279.0,58,1,187.83,4.07753744390572,0.6931471805599453,5.240847139393487,3,Potential Customers
3605,17282.0,130,3,1703.41,4.875197323201151,1.3862943611198906,7.440974288775877,2,Potential Customers
3606,17284.0,60,6,1652.58,4.110873864173311,1.9459101490553128,7.410697913471,2,Potential Customers
3607,17286.0,22,1,153.92,3.1354942159291497,0.6931471805599453,5.042908854646552,0,Potential Customers
3608,17287.0,26,7,1064.11,3.295836866004329,2.079441541679836,6.97083335919483,2,Champions
3609,17288.0,9,7,1419.73,2.302585092994046,2.079441541679836,7.258926103006179,1,Champions
3610,17289.0,32,3,944.41,3.49650756146648,1.3862943611198906,6.851618695836513,2,Champions
3611,17290.0,4,2,525.24,1.6094379124341005,1.0986122886681098,6.265757382440746,0,Champions
3612,17291.0,308,1,550.8000000000001,5.733341276897746,0.6931471805599453,6.313185661783185,3,At Risk
3613,17293.0,8,9,1875.11,2.19722457733622,2.302585092994046,7.536955763241639,1,Champions
3614,17295.0,29,3,556.95,3.4011973816621555,1.3862943611198906,6.324269352631711,0,Champions
3615,17297.0,17,1,131.78,2.8903717578961645,0.6931471805599453,4.888693623291013,0,Potential Customers
3616,17298.0,101,2,498.42,4.624972813284271,1.0986122886681098,6.21344742510144,3,Potential Customers
3617,17299.0,12,4,669.11,2.5649493574615367,1.6094379124341005,6.507441878013575,0,Champions
3618,17301.0,21,1,197.63,3.091042453358316,0.6931471805599453,5.291443797604864,0,Potential Customers
3619,17302.0,15,5,1135.63,2.772588722239781,1.791759469228055,7.035823023024634,2,Champions
3620,17303.0,361,1,250.04,5.891644211825772,0.6931471805599453,5.525612288984722,3,At Risk
3621,17306.0,11,19,8631.31,2.4849066497880004,2.995732273553991,9.063267419175418,1,Champions
3622,17309.0,95,1,82.75,4.564348191467836,0.6931471805599453,4.427836170705175,3,Potential Customers
3623,17311.0,78,2,1384.85,4.3694478524670215,1.0986122886681098,7.234068948784864,2,Potential Customers
3624,17312.0,139,3,644.3,4.941642422609304,1.3862943611198906,6.469715324941794,2,Potential Customers
3625,17313.0,31,1,2328.84,3.4657359027997265,0.6931471805599453,7.753554874673989,2,Champions
3626,17314.0,25,8,2527.92,3.258096538021482,2.19722457733622,7.835547613113086,1,Champions
3627,17315.0,2,38,6292.26,1.0986122886681098,3.6635616461296463,8.747234498421118,1,Champions
3628,17317.0,46,3,2600.34,3.8501476017100575,1.3862943611198906,7.863781975859922,2,Champions
3629,17320.0,100,3,1200.62,4.61512051684126,1.3862943611198906,7.091425925345387,2,Potential Customers
3630,17321.0,8,2,700.86,2.19722457733622,1.0986122886681098,6.553733953937535,0,Champions
3631,17323.0,15,7,921.07,2.772588722239781,2.079441541679836,6.826621142583565,2,Champions
3632,17324.0,18,4,990.23,2.9444389791664403,1.6094379124341005,6.898946596200742,2,Champions
3633,17325.0,280,1,96.8,5.638354669333745,0.6931471805599453,4.582924577040772,3,At Risk
3634,17329.0,14,2,523.11,2.70805020110221,1.0986122886681098,6.261701585954275,0,Champions
3635,17330.0,23,2,363.9,3.1780538303479458,1.0986122886681098,5.899623343442402,0,Potential Customers
3636,17331.0,124,1,175.2,4.8283137373023015,0.6931471805599453,5.171619713502079,3,Potential Customers
3637,17333.0,86,1,494.25,4.465908118654584,0.6931471805599453,6.20506268557866,3,Potential Customers
3638,17334.0,302,2,307.02000000000004,5.713732805509369,1.0986122886681098,5.73016471593032,3,At Risk
3639,17337.0,151,4,2027.87,5.0238805208462765,1.6094379124341005,7.615234266802261,2,Potential Customers
3640,17338.0,17,8,6643.93,2.8903717578961645,2.19722457733622,8.801609436855593,1,Champions
3641,17339.0,94,2,243.36,4.553876891600541,1.0986122886681098,5.498642547781566,3,Potential Customers
3642,17340.0,30,11,12353.29,3.4339872044851463,2.4849066497880004,9.421758650158734,1,Champions
3643,17341.0,157,3,781.36,5.062595033026967,1.3862943611198906,6.662314992669317,2,Potential Customers
3644,17343.0,355,1,193.64,5.87493073085203,0.6931471805599453,5.271151698475268,3,At Risk
3645,17344.0,46,1,160.57,3.8501476017100575,0.6931471805599453,5.084938485288739,3,Potential Customers
3646,17345.0,15,4,537.74,2.772588722239781,1.6094379124341005,6.2892330797607725,0,Champions
3647,17346.0,4,15,2676.56,1.6094379124341005,2.772588722239781,7.8926612110344125,1,Champions
3648,17347.0,86,1,228.96,4.465908118654584,0.6931471805599453,5.43790538075509,3,Potential Customers
3649,17348.0,15,5,1159.52,2.772588722239781,1.791759469228055,7.056623459516872,2,Champions
3650,17349.0,179,1,110.75,5.19295685089021,0.6931471805599453,4.716264233493678,3,Potential Customers
3651,17350.0,8,4,1286.07,2.19722457733622,1.6094379124341005,7.160123596171431,0,Champions
3652,17351.0,36,3,587.15,3.610917912644224,1.3862943611198906,6.37698201740645,2,Champions
3653,17353.0,129,2,1740.0,4.867534450455582,1.0986122886681098,7.462214939768189,2,Potential Customers
3654,17354.0,51,1,1393.06,3.951243718581428,0.6931471805599453,7.239975632001093,2,Potential Customers
3655,17356.0,312,1,178.22,5.746203190540153,0.6931471805599453,5.188614101456073,3,At Risk
3656,17357.0,24,2,388.14,3.218875824868201,1.0986122886681098,5.96393917604323,0,Potential Customers
3657,17358.0,303,2,365.85,5.717027701406222,1.0986122886681098,5.904953045160004,3,At Risk
3658,17359.0,11,1,127.86,2.4849066497880004,0.6931471805599453,4.858726543710496,0,Potential Customers
3659,17360.0,17,3,585.79,2.8903717578961645,1.3862943611198906,6.374667004542158,0,Champions
3660,17361.0,49,3,488.2,3.912023005428146,1.3862943611198906,6.192771403813017,2,Potential Customers
3661,17362.0,239,2,312.23,5.480638923341991,1.0986122886681098,5.746937744970129,3,At Risk
3662,17364.0,1,11,4481.18,0.6931471805599453,2.4849066497880004,8.407864814197026,1,Champions
3663,17365.0,13,8,4801.56,2.6390573296152584,2.19722457733622,8.47690438805764,1,Champions
3664,17367.0,238,1,168.4,5.476463551931511,0.6931471805599453,5.132262782217954,3,At Risk
3665,17368.0,23,8,1912.67,3.1780538303479458,2.19722457733622,7.55677814335483,1,Champions
3666,17370.0,73,4,446.18,4.30406509320417,1.6094379124341005,6.102961198121657,2,Potential Customers
3667,17371.0,17,3,423.89,2.8903717578961645,1.3862943611198906,6.051830311894415,0,Potential Customers
3668,17372.0,41,8,1342.68,3.737669618283368,2.19722457733622,7.203167397495829,2,Champions
3669,17373.0,40,4,646.92,3.713572066704308,1.6094379124341005,6.473767231940735,2,Champions
3670,17374.0,219,2,495.77,5.393627546352362,1.0986122886681098,6.208127142322502,3,At Risk
3671,17375.0,199,3,400.1,5.298317366548036,1.3862943611198906,5.994210772776008,3,Potential Customers
3672,17376.0,71,2,203.2,4.276666119016055,1.0986122886681098,5.319099905730565,3,Potential Customers
3673,17377.0,24,20,4100.92,3.218875824868201,3.044522437723423,8.319210435760528,1,Champions
3674,17379.0,11,1,404.66,2.4849066497880004,0.6931471805599453,6.005515370330642,0,Potential Customers
3675,17381.0,9,29,20275.61,2.302585092994046,3.4011973816621555,9.917223283969056,1,Champions
3676,17382.0,65,1,65.4,4.189654742026425,0.6931471805599453,4.1956970564823886,3,Potential Customers
3677,17383.0,4,1,199.29,1.6094379124341005,0.6931471805599453,5.299766316313141,0,Potential Customers
3678,17384.0,19,2,336.4,2.995732273553991,1.0986122886681098,5.821269170111868,0,Potential Customers
3679,17385.0,15,1,261.11,2.772588722239781,0.6931471805599453,5.568764262978113,0,Potential Customers
3680,17386.0,8,6,2686.42,2.19722457733622,1.9459101490553128,7.896336904550998,1,Champions
3681,17387.0,20,2,784.11,3.044522437723423,1.0986122886681098,6.6658238353540185,0,Champions
3682,17388.0,78,4,1259.56,4.3694478524670215,1.6094379124341005,7.13931134565379,2,Potential Customers
3683,17389.0,1,34,31833.68,0.6931471805599453,3.555348061489413,10.36831154057086,1,Champions
3684,17391.0,164,2,508.8,5.10594547390058,1.0986122886681098,6.234018491942015,3,Potential Customers
3685,17392.0,307,2,457.91,5.730099782973574,1.0986122886681098,6.128854112403284,3,At Risk
3686,17394.0,219,1,203.87,5.393627546352362,0.6931471805599453,5.322375631641108,3,At Risk
3687,17396.0,39,8,7330.8,3.688879454113936,2.19722457733622,8.899976330900701,1,Champions
3688,17397.0,22,2,696.41,3.1354942159291497,1.0986122886681098,6.547373473112078,0,Champions
3689,17398.0,115,3,653.38,4.7535901911063645,1.3862943611198906,6.483688222474311,2,Potential Customers
3690,17400.0,126,5,2129.96,4.844187086458591,1.791759469228055,7.664327861392181,2,Potential Customers
3691,17402.0,5,13,2633.85,1.791759469228055,2.6390573296152584,7.876581533358911,1,Champions
3692,17403.0,36,1,281.62,3.610917912644224,0.6931471805599453,5.6441032391546,0,Potential Customers
3693,17404.0,4,15,31906.82,1.6094379124341005,2.772588722239781,10.370606399796603,1,Champions
3694,17405.0,1,3,1031.41,0.6931471805599453,1.3862943611198906,6.9396511539657,0,Champions
3695,17406.0,333,3,2200.42,5.811140992976701,1.3862943611198906,7.6968578856756675,2,At Risk
3696,17408.0,163,1,32.65,5.099866427824199,0.6931471805599453,3.516013056090737,3,Potential Customers
3697,17409.0,185,2,771.85,5.225746673713202,1.0986122886681098,6.650084980598328,3,Potential Customers
3698,17410.0,16,5,1214.72,2.833213344056216,1.791759469228055,7.1030917728535865,2,Champions
3699,17411.0,12,3,778.94,2.5649493574615367,1.3862943611198906,6.659216993647982,0,Champions
3700,17412.0,3,7,1258.06,1.3862943611198906,2.079441541679836,7.138120689779327,1,Champions
3701,17414.0,44,2,778.0,3.80666248977032,1.0986122886681098,6.658011045870748,2,Champions
3702,17415.0,80,1,507.84,4.394449154672439,0.6931471805599453,6.23213362528801,3,Potential Customers
3703,17416.0,30,7,6893.42,3.4339872044851463,2.079441541679836,8.838467667762448,1,Champions
3704,17418.0,42,2,463.46,3.7612001156935615,1.0986122886681098,6.1408754404446775,0,Potential Customers
3705,17419.0,11,12,4226.57,2.4849066497880004,2.5649493574615367,8.349382638885205,1,Champions
3706,17420.0,50,3,598.83,3.9318256327243257,1.3862943611198906,6.3966462817363405,2,Potential Customers
3707,17422.0,16,6,1979.37,2.833213344056216,1.9459101490553128,7.591038974917671,2,Champions
3708,17423.0,46,2,698.41,3.8501476017100575,1.0986122886681098,6.550237122496749,2,Champions
3709,17425.0,19,2,759.1700000000001,2.995732273553991,1.0986122886681098,6.63354209247732,0,Champions
3710,17426.0,8,6,5037.26,2.19722457733622,1.9459101490553128,8.524816063361785,1,Champions
3711,17427.0,72,1,100.8,4.290459441148391,0.6931471805599453,4.623010104116422,3,Potential Customers
3712,17428.0,1,28,17256.85,0.6931471805599453,3.367295829986474,9.756022391409203,1,Champions
3713,17429.0,128,3,524.9200000000001,4.859812404361672,1.3862943611198906,6.265149109915909,3,Potential Customers
3714,17430.0,33,2,265.76,3.5263605246161616,1.0986122886681098,5.586349377764106,0,Potential Customers
3715,17431.0,313,1,403.3,5.749392985908253,0.6931471805599453,6.002157176646725,3,At Risk
3716,17432.0,18,2,365.76,2.9444389791664403,1.0986122886681098,5.9047076831817,0,Potential Customers
3717,17433.0,88,1,303.16,4.48863636973214,0.6931471805599453,5.717553878740119,3,Potential Customers
3718,17434.0,2,7,2373.82,1.0986122886681098,2.079441541679836,7.77267692412289,1,Champions
3719,17436.0,2,2,216.3,1.0986122886681098,1.0986122886681098,5.381278887262384,0,Potential Customers
3720,17438.0,254,1,388.4500000000001,5.541263545158426,0.6931471805599453,5.9647354873659575,3,At Risk
3721,17440.0,157,3,186.42,5.062595033026967,1.3862943611198906,5.233352087695677,3,Potential Customers
3722,17442.0,37,6,2248.56,3.6375861597263857,1.9459101490553128,7.718489920519429,2,Champions
3723,17443.0,220,1,534.24,5.3981627015177525,0.6931471805599453,6.282715244436788,3,At Risk
3724,17444.0,148,3,2940.04,5.003946305945459,1.3862943611198906,7.9865185392775535,2,Potential Customers
3725,17446.0,177,2,120.9,5.181783550292085,1.0986122886681098,4.803201036487226,3,Potential Customers
3726,17447.0,40,2,541.53,3.713572066704308,1.0986122886681098,6.296243383424822,0,Champions
3727,17449.0,2,7,2520.86,1.0986122886681098,2.079441541679836,7.832752003485234,1,Champions
3728,17450.0,8,46,194550.79,2.19722457733622,3.8501476017100575,12.178453679089984,1,Champions
3729,17451.0,1,7,1721.4,0.6931471805599453,2.079441541679836,7.451473946050153,1,Champions
3730,17453.0,18,2,486.72,2.9444389791664403,1.0986122886681098,6.189741470692064,0,Potential Customers
3731,17454.0,192,4,517.53,5.262690188904886,1.6094379124341005,6.25099788520506,2,Potential Customers
3732,17455.0,204,1,131.7,5.3230099791384085,0.6931471805599453,4.888090941338162,3,At Risk
3733,17456.0,365,1,249.86,5.902633333401366,0.6931471805599453,5.524895014596528,3,At Risk
3734,17457.0,127,5,1737.7,4.852030263919617,1.791759469228055,7.460892986533744,2,Potential Customers
3735,17458.0,15,1,316.5,2.772588722239781,0.6931471805599453,5.760477818332746,0,Potential Customers
3736,17459.0,43,2,657.3,3.784189633918261,1.0986122886681098,6.489660754473831,0,Champions
3737,17460.0,94,6,622.4300000000001,4.553876891600541,1.9459101490553128,6.435236489370733,2,Potential Customers
3738,17461.0,23,3,757.46,3.1780538303479458,1.3862943611198906,6.6312900617355215,0,Champions
3739,17462.0,60,2,675.69,4.110873864173311,1.0986122886681098,6.517213265531828,2,Potential Customers
3740,17463.0,16,5,1896.41,2.833213344056216,1.791759469228055,7.548245077314868,2,Champions
3741,17464.0,158,1,289.96000000000004,5.068904202220232,0.6931471805599453,5.673185800678734,3,Potential Customers
3742,17466.0,10,2,763.28,2.3978952727983707,1.0986122886681098,6.638934214171274,0,Champions
3743,17468.0,10,2,137.0,2.3978952727983707,1.0986122886681098,4.927253685157205,0,Potential Customers
3744,17469.0,16,5,1870.97,2.833213344056216,1.791759469228055,7.5347466312681,2,Champions
3745,17470.0,45,5,1125.07,3.828641396489095,1.791759469228055,7.02648897373005,2,Champions
3746,17472.0,191,3,710.29,5.2574953720277815,1.3862943611198906,6.567080222875004,2,Potential Customers
3747,17475.0,79,1,194.37,4.382026634673881,0.6931471805599453,5.274895196603544,3,Potential Customers
3748,17480.0,78,1,511.82,4.3694478524670215,0.6931471805599453,6.239924906405982,3,Potential Customers
3749,17481.0,4,4,1255.59,1.6094379124341005,1.6094379124341005,7.136156981955326,0,Champions
3750,17483.0,65,3,414.04,4.189654742026425,1.3862943611198906,6.028374901128079,2,Potential Customers
3751,17486.0,261,1,396.87,5.568344503761097,0.6931471805599453,5.986125318762377,3,At Risk
3752,17489.0,59,2,376.64,4.0943445622221,1.0986122886681098,5.933941360864316,3,Potential Customers
3753,17490.0,1,7,2092.32,0.6931471805599453,2.079441541679836,7.646506601347098,1,Champions
3754,17491.0,1,10,3558.87,0.6931471805599453,2.3978952727983707,8.177479306325386,1,Champions
3755,17492.0,248,1,374.57,5.517452896464707,0.6931471805599453,5.92844487193968,3,At Risk
3756,17495.0,8,2,497.56,2.19722457733622,1.0986122886681098,6.211723943242329,0,Potential Customers
3757,17496.0,359,1,271.05,5.886104031450156,0.6931471805599453,5.605985872931934,3,At Risk
3758,17498.0,76,1,272.22,4.343805421853684,0.6931471805599453,5.610277331459341,3,Potential Customers
3759,17499.0,290,1,622.88,5.673323267171493,0.6931471805599453,6.435958042183625,3,At Risk
3760,17500.0,17,3,1138.0,2.8903717578961645,1.3862943611198906,7.037905963447182,0,Champions
3761,17501.0,221,2,288.6,5.402677381872279,1.0986122886681098,5.668500660511562,3,At Risk
3762,17502.0,9,4,689.1,2.302585092994046,1.6094379124341005,6.536836514626557,0,Champions
3763,17503.0,3,2,558.96,1.3862943611198906,1.0986122886681098,6.327865352606625,0,Champions
3764,17504.0,206,9,2997.03,5.332718793265369,2.302585092994046,8.00571068528359,2,At Risk
3765,17505.0,162,2,1145.84,5.093750200806762,1.0986122886681098,7.0447656130660885,2,Potential Customers
3766,17506.0,76,1,302.2,4.343805421853684,0.6931471805599453,5.714392653768217,3,Potential Customers
3767,17507.0,262,2,605.58,5.572154032177765,1.0986122886681098,6.407836624054821,3,At Risk
3768,17508.0,281,1,387.31,5.641907070938114,0.6931471805599453,5.961803989689555,3,At Risk
3769,17509.0,58,8,6115.14,4.07753744390572,2.19722457733622,8.71868645756525,2,Potential Customers
3770,17510.0,25,1,308.48,3.258096538021482,0.6931471805599453,5.7348934696812535,0,Potential Customers
3771,17511.0,3,31,91062.38,1.3862943611198906,3.4657359027997265,11.419311026583388,1,Champions
3772,17512.0,29,10,2924.99,3.4011973816621555,2.3978952727983707,7.981388163939233,1,Champions
3773,17513.0,72,1,513.2,4.290459441148391,0.6931471805599453,6.2426122948317895,3,Potential Customers
3774,17514.0,128,1,208.65,4.859812404361672,0.6931471805599453,5.345439473616771,3,Potential Customers
3775,17515.0,31,4,639.02,3.4657359027997265,1.6094379124341005,6.461499425865447,2,Champions
3776,17516.0,15,5,768.08,2.772588722239781,1.791759469228055,6.645194995304136,2,Champions
3777,17517.0,309,1,153.94,5.736572297479192,0.6931471805599453,5.043037945203756,3,At Risk
3778,17519.0,17,6,1844.02,2.8903717578961645,1.9459101490553128,7.520245396524275,2,Champions
3779,17520.0,54,1,546.81,4.007333185232471,0.6931471805599453,6.305928511499892,3,Potential Customers
3780,17521.0,30,3,723.21,3.4339872044851463,1.3862943611198906,6.585081405576444,2,Champions
3781,17522.0,2,5,1070.71,1.0986122886681098,1.791759469228055,6.977010782644906,1,Champions
3782,17523.0,11,4,652.74,2.4849066497880004,1.6094379124341005,6.48270971889503,0,Champions
3783,17524.0,361,1,145.0,5.891644211825772,0.6931471805599453,4.983606621708336,3,At Risk
3784,17525.0,360,1,422.7,5.8888779583328805,0.6931471805599453,6.049025657632513,3,At Risk
3785,17526.0,5,4,1195.9,1.791759469228055,1.6094379124341005,7.087490159879325,0,Champions
3786,17527.0,54,4,939.37,4.007333185232471,1.6094379124341005,6.8462734148384685,2,Potential Customers
3787,17528.0,1,8,3628.5,0.6931471805599453,2.19722457733622,8.196850176724896,1,Champions
3788,17530.0,1,10,2385.0,0.6931471805599453,2.3978952727983707,7.777373602657861,1,Champions
3789,17531.0,190,1,296.7,5.25227342804663,0.6931471805599453,5.69608626802173,3,Potential Customers
3790,17534.0,54,1,223.36,4.007333185232471,0.6931471805599453,5.413251904640136,3,Potential Customers
3791,17535.0,280,1,164.4,5.638354669333745,0.6931471805599453,5.108366782589591,3,At Risk
3792,17536.0,177,1,76.5,5.181783550292085,0.6931471805599453,4.350277936359301,3,Potential Customers
3793,17537.0,30,2,897.62,3.4339872044851463,1.0986122886681098,6.80086025323236,0,Champions
3794,17538.0,26,1,98.42,3.295836866004329,0.6931471805599453,4.599353300666526,0,Potential Customers
3795,17540.0,25,2,578.9,3.258096538021482,1.0986122886681098,6.362855674882395,0,Champions
3796,17542.0,270,1,170.75,5.602118820879701,0.6931471805599453,5.146039931102459,3,At Risk
3797,17545.0,43,3,645.96,3.784189633918261,1.3862943611198906,6.472284468787567,2,Champions
3798,17548.0,234,1,103.3,5.459585514144159,0.6931471805599453,4.647271362006727,3,At Risk
3799,17549.0,24,2,148.86,3.218875824868201,1.0986122886681098,5.0097015249361645,0,Potential Customers
3800,17550.0,197,3,267.16,5.288267030694535,1.3862943611198906,5.591583817293718,3,Potential Customers
3801,17551.0,359,1,306.84,5.886104031450156,0.6931471805599453,5.729580167477342,3,At Risk
3802,17552.0,60,4,930.41,4.110873864173311,1.6094379124341005,6.836699567016301,2,Potential Customers
3803,17553.0,130,1,1487.6,4.875197323201151,0.6931471805599453,7.305591359925811,3,Potential Customers
3804,17554.0,1,5,1952.45,0.6931471805599453,1.791759469228055,7.577352319081822,1,Champions
3805,17555.0,20,2,483.26,3.044522437723423,1.0986122886681098,6.182621952564336,0,Potential Customers
3806,17556.0,206,1,157.9,5.332718793265369,0.6931471805599453,5.068275073542671,3,At Risk
3807,17557.0,14,3,541.46,2.70805020110221,1.3862943611198906,6.29611434997733,0,Champions
3808,17560.0,95,4,854.95,4.564348191467836,1.6094379124341005,6.752211963220788,2,Potential Customers
3809,17561.0,19,1,167.62,2.995732273553991,0.6931471805599453,5.12764766249453,0,Potential Customers
3810,17562.0,14,7,1122.38,2.70805020110221,2.079441541679836,7.024097276842117,2,Champions
3811,17564.0,24,3,454.01,3.218875824868201,1.3862943611198906,6.120319396731415,0,Potential Customers
3812,17566.0,8,2,901.21,2.19722457733622,1.0986122886681098,6.804847308929716,0,Champions
3813,17567.0,7,8,4331.48,2.079441541679836,2.19722457733622,8.373895405306746,1,Champions
3814,17569.0,332,1,344.14,5.808142489980444,0.6931471805599453,5.843950131819433,3,At Risk
3815,17571.0,50,4,1498.51,3.9318256327243257,1.6094379124341005,7.312893667056457,2,Potential Customers
3816,17572.0,71,4,226.75000000000003,4.276666119016055,1.6094379124341005,5.428248536140067,3,Potential Customers
3817,17573.0,29,3,380.6,3.4011973816621555,1.3862943611198906,5.944372939574132,0,Potential Customers
3818,17574.0,243,1,185.65,5.497168225293202,0.6931471805599453,5.229235205360593,3,At Risk
3819,17576.0,8,19,3622.68,2.19722457733622,2.995732273553991,8.195245363043425,1,Champions
3820,17578.0,218,1,143.45999999999998,5.389071729816501,0.6931471805599453,4.973002652622701,3,At Risk
3821,17579.0,5,3,448.9,1.791759469228055,1.3862943611198906,6.109025335847127,0,Potential Customers
3822,17580.0,253,3,215.72,5.537334267018537,1.3862943611198906,5.37860619777684,3,At Risk
3823,17581.0,1,25,11045.04,0.6931471805599453,3.258096538021482,9.309827271674928,1,Champions
3824,17582.0,236,1,175.27,5.468060141135132,0.6931471805599453,5.172016910431863,3,At Risk
3825,17584.0,7,2,1242.3,2.079441541679836,1.0986122886681098,7.125524413958892,0,Champions
3826,17585.0,109,4,1133.07,4.700480365792417,1.6094379124341005,7.0335682107776405,2,Potential Customers
3827,17588.0,100,3,1240.2,4.61512051684126,1.3862943611198906,7.123833932574225,2,Potential Customers
3828,17589.0,60,4,2404.17,4.110873864173311,1.6094379124341005,7.785375866112405,2,Potential Customers
3829,17590.0,2,3,1479.22,1.0986122886681098,1.3862943611198906,7.299946004359694,0,Champions
3830,17591.0,73,7,2225.9700000000003,4.30406509320417,2.079441541679836,7.708397196129362,2,Potential Customers
3831,17593.0,4,5,3927.34,1.6094379124341005,1.791759469228055,8.275972223773232,1,Champions
3832,17594.0,85,2,993.18,4.454347296253507,1.0986122886681098,6.901918276781505,2,Potential Customers
3833,17595.0,12,2,388.79,2.5649493574615367,1.0986122886681098,5.965608132562755,0,Potential Customers
3834,17596.0,23,7,2827.93,3.1780538303479458,2.079441541679836,7.947653827269738,1,Champions
3835,17597.0,214,1,2044.37,5.3706380281276624,0.6931471805599453,7.623333981206562,3,At Risk
3836,17600.0,18,1,161.67000000000002,2.9444389791664403,0.6931471805599453,5.091723608778362,0,Potential Customers
3837,17601.0,239,1,116.01,5.480638923341991,0.6931471805599453,4.7622594012308666,3,At Risk
3838,17602.0,2,6,5102.97,1.0986122886681098,1.9459101490553128,8.537773947264405,1,Champions
3839,17603.0,78,1,394.72,4.3694478524670215,0.6931471805599453,5.980706890455022,3,Potential Customers
3840,17604.0,217,2,309.36,5.384495062789089,1.0986122886681098,5.737732914025749,3,At Risk
3841,17608.0,33,2,193.42,3.5263605246161616,1.0986122886681098,5.270020767392923,0,Potential Customers
3842,17609.0,41,5,1112.22,3.737669618283368,1.791759469228055,7.015011995713845,2,Champions
3843,17611.0,7,15,3984.22,2.079441541679836,2.772588722239781,8.290347796726813,1,Champions
3844,17612.0,53,6,2048.45,3.9889840465642745,1.9459101490553128,7.625326743452606,2,Potential Customers
3845,17613.0,23,14,4559.150000000001,3.1780538303479458,2.70805020110221,8.425110796704255,1,Champions
3846,17614.0,57,1,390.07,4.060443010546419,0.6931471805599453,5.968886572094735,3,Potential Customers
3847,17615.0,130,3,329.6,4.875197323201151,1.3862943611198906,5.800909185386924,3,Potential Customers
3848,17616.0,174,3,571.1999999999999,5.1647859739235145,1.3862943611198906,6.3494885806160095,3,Potential Customers
3849,17618.0,6,3,971.58,1.9459101490553128,1.3862943611198906,6.879952334320048,0,Champions
3850,17619.0,312,1,218.52,5.746203190540153,0.6931471805599453,5.39144334453752,3,At Risk
3851,17620.0,60,1,81.44,4.110873864173311,0.6931471805599453,4.412070756022258,3,Potential Customers
3852,17621.0,21,3,1379.9,3.091042453358316,1.3862943611198906,7.230490739491305,2,Champions
3853,17623.0,33,1,527.05,3.5263605246161616,0.6931471805599453,6.269190976192483,0,Champions
3854,17624.0,15,2,843.48,2.772588722239781,1.0986122886681098,6.73872105331496,0,Champions
3855,17625.0,18,4,2047.0,2.9444389791664403,1.6094379124341005,7.6246189861593985,2,Champions
3856,17628.0,81,1,75.75,4.406719247264253,0.6931471805599453,4.340553386467307,3,Potential Customers
3857,17629.0,6,8,1814.12,1.9459101490553128,2.19722457733622,7.503906860215884,1,Champions
3858,17630.0,170,2,503.6,5.14166355650266,1.0986122886681098,6.223766036206958,3,Potential Customers
3859,17631.0,2,3,528.33,1.0986122886681098,1.3862943611198906,6.271612055889925,0,Champions
3860,17633.0,31,4,1324.84,3.4657359027997265,1.6094379124341005,7.189801499815289,2,Champions
3861,17634.0,36,9,2361.9700000000003,3.610917912644224,2.302585092994046,7.767674581380544,2,Champions
3862,17636.0,19,1,285.56,2.995732273553991,0.6931471805599453,5.657947938312402,0,Potential Customers
3863,17637.0,31,2,547.0600000000001,3.4657359027997265,1.0986122886681098,6.3063847700056215,0,Champions
3864,17639.0,276,1,108.5,5.6240175061873385,0.6931471805599453,4.695924549256556,3,At Risk
3865,17640.0,87,1,621.66,4.477336814478207,0.6931471805599453,6.434000623425246,3,Potential Customers
3866,17642.0,120,2,712.29,4.795790545596741,1.0986122886681098,6.569888069839022,3,Potential Customers
3867,17643.0,373,1,101.55,5.924255797414532,0.6931471805599453,4.63035048451839,3,At Risk
3868,17644.0,1,11,2895.64,0.6931471805599453,2.4849066497880004,7.971306723565063,1,Champions
3869,17646.0,219,3,1008.39,5.393627546352362,1.3862943611198906,6.917101466981717,2,At Risk
3870,17647.0,65,1,133.06,4.189654742026425,0.6931471805599453,4.898287460929812,3,Potential Customers
3871,17648.0,61,4,1797.5,4.127134385045092,1.6094379124341005,7.494708263135679,2,Potential Customers
3872,17649.0,138,1,868.49,4.934473933130692,0.6931471805599453,6.767906832865638,3,Potential Customers
3873,17650.0,21,1,166.07999999999998,3.091042453358316,0.6931471805599453,5.118472739628975,0,Potential Customers
3874,17651.0,12,10,3945.0,2.5649493574615367,2.3978952727983707,8.28045768658256,1,Champions
3875,17652.0,25,12,4867.72,3.258096538021482,2.5649493574615367,8.490586347854247,1,Champions
3876,17653.0,37,4,1207.56,3.6375861597263857,1.6094379124341005,7.09718484723547,2,Champions
3877,17654.0,277,1,117.55,5.627621113690637,0.6931471805599453,4.775334812511415,3,At Risk
3878,17655.0,11,7,2638.94,2.4849066497880004,2.079441541679836,7.878511468609366,1,Champions
3879,17656.0,73,5,1674.69,4.30406509320417,1.791759469228055,7.4239802997335635,2,Potential Customers
3880,17658.0,26,2,595.42,3.295836866004329,1.0986122886681098,6.39094511686889,0,Champions
3881,17659.0,17,12,2999.46,2.8903717578961645,2.5649493574615367,8.006520889229225,1,Champions
3882,17660.0,141,1,196.0,4.955827057601261,0.6931471805599453,5.2832037287379885,3,Potential Customers
3883,17663.0,26,7,1802.91,3.295836866004329,2.079441541679836,7.4977118102428095,2,Champions
3884,17664.0,19,2,604.64,2.995732273553991,1.0986122886681098,6.406285750140171,0,Champions
3885,17666.0,4,2,728.16,1.6094379124341005,1.0986122886681098,6.591893186664721,0,Champions
3886,17667.0,66,5,2055.51,4.204692619390966,1.791759469228055,7.628765650289339,2,Potential Customers
3887,17668.0,1,2,347.75,0.6931471805599453,1.0986122886681098,5.854355333135575,0,Potential Customers
3888,17669.0,43,7,3406.7200000000003,3.784189633918261,2.079441541679836,8.133798724949507,2,Champions
3889,17670.0,228,1,205.7,5.43372200355424,0.6931471805599453,5.331268466687723,3,At Risk
3890,17671.0,16,4,1572.71,2.833213344056216,1.6094379124341005,7.361191168037922,2,Champions
3891,17672.0,50,2,3178.17,3.9318256327243257,1.0986122886681098,8.064375435416844,2,Potential Customers
3892,17673.0,2,6,1629.12,1.0986122886681098,1.9459101490553128,7.396408910722918,1,Champions
3893,17674.0,74,2,551.04,4.31748811353631,1.0986122886681098,6.313620507419839,3,Potential Customers
3894,17675.0,1,31,20374.28,0.6931471805599453,3.4657359027997265,9.922077680345929,1,Champions
3895,17676.0,4,6,1387.68,1.6094379124341005,1.9459101490553128,7.236108934642959,1,Champions
3896,17677.0,2,30,16363.23,1.0986122886681098,3.4339872044851463,9.702853134193733,1,Champions
3897,17678.0,264,1,298.11,5.579729825986222,0.6931471805599453,5.700811398711247,3,At Risk
3898,17679.0,53,2,1992.11,3.9889840465642745,1.0986122886681098,7.597451511865824,2,Potential Customers
3899,17680.0,24,1,184.4,3.218875824868201,0.6931471805599453,5.2225156531317545,0,Potential Customers
3900,17682.0,10,6,2474.33,2.3978952727983707,1.9459101490553128,7.814128999448025,1,Champions
3901,17684.0,44,1,239.41,3.80666248977032,0.6931471805599453,5.482345799133678,3,Potential Customers
3902,17685.0,17,7,3191.53,2.8903717578961645,2.079441541679836,8.068568984886818,1,Champions
3903,17686.0,7,7,5739.46,2.079441541679836,2.079441541679836,8.655294625475447,1,Champions
3904,17690.0,30,15,4757.95,3.4339872044851463,2.772588722239781,8.467782334657008,1,Champions
3905,17691.0,358,2,290.40000000000003,5.883322388488279,1.0986122886681098,5.674696893761104,3,At Risk
3906,17692.0,127,4,740.94,4.852030263919617,1.6094379124341005,6.6092683773641365,2,Potential Customers
3907,17693.0,137,1,200.47,4.927253685157205,0.6931471805599453,5.305640486927818,3,Potential Customers
3908,17694.0,142,1,283.12,4.962844630259907,0.6931471805599453,5.649396684129609,3,Potential Customers
3909,17695.0,132,2,765.34,4.890349128221754,1.0986122886681098,6.641625935491769,3,Potential Customers
3910,17696.0,38,8,2285.71,3.6635616461296463,2.19722457733622,7.734869382309582,2,Champions
3911,17697.0,236,1,338.95,5.468060141135132,0.6931471805599453,5.828798547972468,3,At Risk
3912,17698.0,261,1,154.95,5.568344503761097,0.6931471805599453,5.049535443053812,3,At Risk
3913,17700.0,17,4,2534.64,2.8903717578961645,1.6094379124341005,7.838201349644471,2,Champions
3914,17701.0,253,1,417.95,5.537334267018537,0.6931471805599453,6.037751581059295,3,At Risk
3915,17702.0,30,4,1824.37,3.4339872044851463,1.6094379124341005,7.509537985193698,2,Champions
3916,17703.0,35,3,798.74,3.58351893845611,1.3862943611198906,6.684286674843982,2,Champions
3917,17704.0,169,2,885.19,5.135798437050262,1.0986122886681098,6.786931374567216,3,Potential Customers
3918,17705.0,3,9,1823.52,1.3862943611198906,2.302585092994046,7.509072217723792,1,Champions
3919,17706.0,4,17,10504.49,1.6094379124341005,2.8903717578961645,9.259653256646304,1,Champions
3920,17707.0,185,2,152.4,5.225746673713202,1.0986122886681098,5.033048888933156,3,Potential Customers
3921,17708.0,188,2,267.08,5.241747015059643,1.0986122886681098,5.591285443429055,3,Potential Customers
3922,17709.0,170,1,137.45,5.14166355650266,0.6931471805599453,4.9305092496169705,3,Potential Customers
3923,17711.0,11,2,385.1,2.4849066497880004,1.0986122886681098,5.956096403270191,0,Potential Customers
3924,17712.0,45,1,522.91,3.828641396489095,0.6931471805599453,6.261319913844147,0,Champions
3925,17714.0,321,1,153.0,5.7745515455444085,0.6931471805599453,5.0369526024136295,3,At Risk
3926,17715.0,201,1,326.4,5.308267697401205,0.6931471805599453,5.791182664937034,3,At Risk
3927,17716.0,23,11,5655.99,3.1780538303479458,2.4849066497880004,8.640647227620185,1,Champions
3928,17718.0,232,1,139.35,5.4510384535657,0.6931471805599453,4.944139302807892,3,At Risk
3929,17719.0,38,15,5396.04,3.6635616461296463,2.772588722239781,8.593605934116098,1,Champions
3930,17720.0,26,4,1195.94,3.295836866004329,1.6094379124341005,7.087523578988375,2,Champions
3931,17722.0,96,4,2424.04,4.574710978503383,1.6094379124341005,7.793603298080906,2,Potential Customers
3932,17723.0,127,6,3276.4000000000005,4.852030263919617,1.9459101490553128,8.094805704112124,2,Potential Customers
3933,17724.0,71,3,1033.0,4.276666119016055,1.3862943611198906,6.941190055068375,2,Potential Customers
3934,17725.0,16,11,3439.08,2.833213344056216,2.4849066497880004,8.143250005910986,1,Champions
3935,17727.0,15,1,1060.25,2.772588722239781,0.6931471805599453,6.967202737625557,0,Champions
3936,17728.0,4,3,2876.01,1.6094379124341005,1.3862943611198906,7.964506839388399,1,Champions
3937,17730.0,3,13,5298.4800000000005,1.3862943611198906,2.6390573296152584,8.575363981519251,1,Champions
3938,17731.0,79,4,1240.11,4.382026634673881,1.6094379124341005,7.123761419471479,2,Potential Customers
3939,17732.0,373,1,303.97,5.924255797414532,0.6931471805599453,5.720213411113948,3,At Risk
3940,17733.0,39,2,692.19,3.688879454113936,1.0986122886681098,6.541304131886272,0,Champions
3941,17734.0,54,3,700.63,4.007333185232471,1.3862943611198906,6.553406199550886,2,Potential Customers
3942,17735.0,2,19,13110.02,1.0986122886681098,2.995732273553991,9.481208376934894,1,Champions
3943,17736.0,9,3,377.44,2.302585092994046,1.3862943611198906,5.936057539836243,0,Potential Customers
3944,17737.0,9,2,168.24,2.302585092994046,1.0986122886681098,5.131317825851867,0,Potential Customers
3945,17738.0,19,4,1879.05,2.995732273553991,1.6094379124341005,7.539053651215015,2,Champions
3946,17739.0,12,7,2791.35,2.5649493574615367,2.079441541679836,7.934638814191774,1,Champions
3947,17742.0,113,2,355.11,4.736198448394496,1.0986122886681098,5.875239671888878,3,Potential Customers
3948,17744.0,4,6,2322.4,1.6094379124341005,1.9459101490553128,7.750786909079374,1,Champions
3949,17746.0,240,1,110.25,5.484796933490655,0.6931471805599453,4.711779921046349,3,At Risk
3950,17747.0,113,1,71.4,4.736198448394496,0.6931471805599453,4.282206299391671,3,Potential Customers
3951,17749.0,178,2,674.52,5.187385805840755,1.0986122886681098,6.515482764659955,3,Potential Customers
3952,17750.0,5,9,1797.57,1.791759469228055,2.302585092994046,7.494747183701588,1,Champions
3953,17752.0,359,1,80.64,5.886104031450156,0.6931471805599453,4.402319337941644,3,At Risk
3954,17754.0,1,5,1772.26,0.6931471805599453,1.791759469228055,7.480574939429047,1,Champions
3955,17757.0,1,30,5605.29,0.6931471805599453,3.4339872044851463,8.631644460675744,1,Champions
3956,17758.0,19,8,3456.7,2.995732273553991,2.19722457733622,8.14835890712986,1,Champions
3957,17759.0,17,3,834.99,2.8903717578961645,1.3862943611198906,6.728616651290672,0,Champions
3958,17760.0,22,2,287.59,3.1354942159291497,1.0986122886681098,5.665006995704794,0,Potential Customers
3959,17761.0,33,1,712.78,3.5263605246161616,0.6931471805599453,6.570574791610563,0,Champions
3960,17763.0,263,1,15.0,5.575949103146316,0.6931471805599453,2.772588722239781,3,At Risk
3961,17764.0,51,2,818.82,3.951243718581428,1.0986122886681098,6.7090848039668485,2,Potential Customers
3962,17765.0,159,3,371.88,5.075173815233827,1.3862943611198906,5.921256652064486,3,Potential Customers
3963,17767.0,15,1,271.2,2.772588722239781,0.6931471805599453,5.6065370902173655,0,Potential Customers
3964,17768.0,8,3,2273.1800000000003,2.19722457733622,1.3862943611198906,7.72937482685066,0,Champions
3965,17769.0,13,10,3997.98,2.6390573296152584,2.3978952727983707,8.293794607584,1,Champions
3966,17770.0,199,5,1143.27,5.298317366548036,1.791759469228055,7.042522158078838,2,Potential Customers
3967,17771.0,57,2,245.81,4.060443010546419,1.0986122886681098,5.508618809848949,3,Potential Customers
3968,17772.0,11,2,182.77,2.4849066497880004,1.0986122886681098,5.213684975707333,0,Potential Customers
3969,17774.0,97,4,1225.41,4.584967478670572,1.6094379124341005,7.111846481470871,2,Potential Customers
3970,17775.0,255,1,56.4,5.545177444479562,0.6931471805599453,4.050044303325521,3,At Risk
3971,17777.0,25,3,665.86,3.258096538021482,1.3862943611198906,6.502580128832101,0,Champions
3972,17779.0,21,3,658.57,3.091042453358316,1.3862943611198906,6.491588107540731,0,Champions
3973,17781.0,159,2,188.02,5.075173815233827,1.0986122886681098,5.24185282956691,3,Potential Customers
3974,17783.0,72,2,283.47,4.290459441148391,1.0986122886681098,5.650627799851681,3,Potential Customers
3975,17785.0,53,1,131.94,3.9889840465642745,0.6931471805599453,4.889897898613436,3,Potential Customers
3976,17786.0,85,2,278.74,4.454347296253507,1.0986122886681098,5.6338606003511575,3,Potential Customers
3977,17787.0,153,4,1865.19,5.0369526024136295,1.6094379124341005,7.531654198303087,2,Potential Customers
3978,17788.0,74,2,1117.9,4.31748811353631,1.0986122886681098,7.020101338813675,2,Potential Customers
3979,17789.0,281,1,225.9,5.641907070938114,0.6931471805599453,5.424509391785796,3,At Risk
3980,17790.0,27,14,1965.55,3.332204510175204,2.70805020110221,7.584036017432181,1,Champions
3981,17791.0,30,1,106.1,3.4339872044851463,0.6931471805599453,4.673762977453703,0,Potential Customers
3982,17793.0,25,1,323.04,3.258096538021482,0.6931471805599453,5.78086696496229,0,Potential Customers
3983,17795.0,180,2,350.39,5.198497031265826,1.0986122886681098,5.861896717749893,3,Potential Customers
3984,17796.0,40,4,697.9,3.713572066704308,1.6094379124341005,6.549507670483084,2,Champions
3985,17797.0,22,3,780.43,3.1354942159291497,1.3862943611198906,6.661125574512608,0,Champions
3986,17799.0,22,10,3055.93,3.1354942159291497,2.3978952727983707,8.025166423362391,1,Champions
3987,17800.0,37,9,1199.01,3.6375861597263857,2.302585092994046,7.090085169074703,2,Champions
3988,17802.0,82,3,1285.04,4.418840607796598,1.3862943611198906,7.159323008512906,2,Potential Customers
3989,17805.0,74,1,512.31,4.31748811353631,0.6931471805599453,6.240879951161022,3,Potential Customers
3990,17806.0,11,1,546.04,2.4849066497880004,0.6931471805599453,6.304521925890991,0,Champions
3991,17809.0,16,12,5411.91,2.833213344056216,2.5649493574615367,8.596542120019182,1,Champions
3992,17811.0,4,39,7837.73,1.6094379124341005,3.688879454113936,8.966832110426772,1,Champions
3993,17812.0,13,4,732.16,2.6390573296152584,1.6094379124341005,6.597363959103647,0,Champions
3994,17813.0,14,5,1770.88,2.70805020110221,1.791759469228055,7.479796408781624,2,Champions
3995,17816.0,37,4,36.56,3.6375861597263857,1.6094379124341005,3.6259396543400624,3,Potential Customers
3996,17817.0,4,3,387.68,1.6094379124341005,1.3862943611198906,5.9627563829712384,0,Potential Customers
3997,17819.0,72,7,3704.87,4.290459441148391,2.079441541679836,8.217673327978565,2,Potential Customers
3998,17824.0,51,1,298.4,3.951243718581428,0.6931471805599453,5.701780471985528,3,Potential Customers
3999,17827.0,5,5,1995.46,1.791759469228055,1.791759469228055,7.599130891241214,1,Champions
4000,17828.0,23,4,1820.09,3.1780538303479458,1.6094379124341005,7.507190501900052,2,Champions
4001,17829.0,299,1,889.24,5.703782474656201,0.6931471805599453,6.791491089295024,3,At Risk
4002,17830.0,2,3,398.7,1.0986122886681098,1.3862943611198906,5.990714265717278,0,Potential Customers
4003,17831.0,33,1,35.400000000000006,3.5263605246161616,0.6931471805599453,3.594568774642695,3,Potential Customers
4004,17832.0,50,1,155.37,3.9318256327243257,0.6931471805599453,5.052224993855419,3,Potential Customers
4005,17835.0,3,3,350.64,1.3862943611198906,1.3862943611198906,5.862607924982978,0,Potential Customers
4006,17836.0,47,1,110.21,3.871201010907891,0.6931471805599453,4.71142030583075,3,Potential Customers
4007,17837.0,42,8,1593.38,3.7612001156935615,2.19722457733622,7.374240224916247,2,Champions
4008,17838.0,27,5,2779.3,3.332204510175204,1.791759469228055,7.930314114531487,2,Champions
4009,17839.0,42,1,338.8,3.7612001156935615,0.6931471805599453,5.828357209237832,3,Potential Customers
4010,17841.0,2,124,40991.57,1.0986122886681098,4.8283137373023015,10.62114610975201,1,Champions
4011,17843.0,303,1,205.48,5.717027701406222,0.6931471805599453,5.330203555410359,3,At Risk
4012,17844.0,107,1,51.56,4.68213122712422,0.6931471805599453,3.961955374176355,3,Potential Customers
4013,17846.0,85,1,2033.1,4.454347296253507,0.6931471805599453,7.617808739608441,2,Potential Customers
4014,17848.0,81,9,901.2,4.406719247264253,2.302585092994046,6.804836224974296,2,Potential Customers
4015,17849.0,218,4,605.8000000000001,5.389071729816501,1.6094379124341005,6.408199247474378,2,At Risk
4016,17850.0,372,34,5391.21,5.921578419643816,3.555348061489413,8.59271059842128,1,Loyal Customers
4017,17852.0,12,2,114.34,2.5649493574615367,1.0986122886681098,4.747884288187267,0,Potential Customers
4018,17854.0,185,2,311.26,5.225746673713202,1.0986122886681098,5.743836174113374,3,Potential Customers
4019,17855.0,373,1,208.97,5.924255797414532,0.6931471805599453,5.346964663369558,3,At Risk
4020,17856.0,2,4,1418.03,1.0986122886681098,1.6094379124341005,7.25772881858561,0,Champions
4021,17857.0,4,23,26879.04,1.6094379124341005,3.1780538303479458,10.199139282731217,1,Champions
4022,17858.0,6,12,5155.66,1.9459101490553128,2.5649493574615367,8.548044362073345,1,Champions
4023,17859.0,305,1,148.21,5.723585101952381,0.6931471805599453,5.00535470965233,3,At Risk
4024,17860.0,369,1,252.8,5.91350300563827,0.6931471805599453,5.536546555280287,3,At Risk
4025,17861.0,3,8,2100.8,1.3862943611198906,2.19722457733622,7.650549399431497,1,Champions
4026,17862.0,324,1,330.9,5.783825182329737,0.6931471805599453,5.804833718725929,3,At Risk
4027,17863.0,59,6,3160.0,4.0943445622221,1.9459101490553128,8.058643712215618,2,Potential Customers
4028,17864.0,13,3,597.5,2.6390573296152584,1.3862943611198906,6.394426524998027,0,Champions
4029,17865.0,31,20,10526.32,3.4657359027997265,3.044522437723423,9.261729061813442,1,Champions
4030,17866.0,143,1,329.65000000000003,4.969813299576001,0.6931471805599453,5.801060414120672,3,Potential Customers
4031,17867.0,30,6,1197.1,3.4339872044851463,1.9459101490553128,7.088492247645854,2,Champions
4032,17869.0,107,5,428.18,4.68213122712422,1.791759469228055,6.061876411348347,2,Potential Customers
4033,17870.0,2,12,1894.35,1.0986122886681098,2.5649493574615367,7.547158797032136,1,Champions
4034,17871.0,205,1,155.9,5.327876168789581,0.6931471805599453,5.055608659738987,3,At Risk
4035,17873.0,80,5,1859.16,4.394449154672439,1.791759469228055,7.528417784512985,2,Potential Customers
4036,17874.0,185,6,683.46,5.225746673713202,1.9459101490553128,6.528630206205813,2,Potential Customers
4037,17877.0,170,1,237.61,5.14166355650266,0.6931471805599453,5.474830419933934,3,Potential Customers
4038,17878.0,44,1,379.45,3.80666248977032,0.6931471805599453,5.941354762622532,3,Potential Customers
4039,17879.0,174,1,178.52,5.1647859739235145,0.6931471805599453,5.190286622334331,3,Potential Customers
4040,17880.0,365,1,458.92,5.902633333401366,0.6931471805599453,6.131052561315036,3,At Risk
4041,17881.0,304,1,133.35,5.720311776607412,0.6931471805599453,4.9004483350615,3,At Risk
4042,17883.0,3,4,671.77,1.3862943611198906,1.6094379124341005,6.511403517890506,0,Champions
4043,17884.0,4,4,717.45,1.6094379124341005,1.6094379124341005,6.577096113675216,0,Champions
4044,17885.0,12,1,190.19,2.5649493574615367,0.6931471805599453,5.253267697994312,0,Potential Customers
4045,17886.0,32,3,899.61,3.49650756146648,1.3862943611198906,6.803072311514464,2,Champions
4046,17887.0,129,1,111.35,4.867534450455582,0.6931471805599453,4.721618998631338,3,Potential Customers
4047,17888.0,21,8,726.05,3.091042453358316,2.19722457733622,6.588995250959495,2,Champions
4048,17889.0,212,2,203.87,5.3612921657094255,1.0986122886681098,5.322375631641108,3,At Risk
4049,17890.0,323,2,602.09,5.780743515792329,1.0986122886681098,6.402066439321299,3,At Risk
4050,17891.0,162,1,203.86,5.093750200806762,0.6931471805599453,5.3223268190083886,3,Potential Customers
4051,17892.0,56,3,244.1,4.04305126783455,1.3862943611198906,5.501666290534067,3,Potential Customers
4052,17893.0,225,1,112.25,5.420534999272286,0.6931471805599453,4.729597764363144,3,At Risk
4053,17894.0,72,8,1119.81,4.290459441148391,2.19722457733622,7.021806917181424,2,Potential Customers
4054,17895.0,44,1,98.0,3.80666248977032,0.6931471805599453,4.59511985013459,3,Potential Customers
4055,17896.0,23,1,256.32,3.1780538303479458,0.6931471805599453,5.550320446542799,0,Potential Customers
4056,17897.0,173,3,566.6,5.159055299214529,1.3862943611198906,6.341416945285888,3,Potential Customers
4057,17898.0,85,2,152.06,4.454347296253507,1.0986122886681098,5.030830001381775,3,Potential Customers
4058,17899.0,159,1,155.8,5.075173815233827,0.6931471805599453,5.054971107916307,3,Potential Customers
4059,17900.0,190,2,112.2,5.25227342804663,1.0986122886681098,4.729156165769083,3,Potential Customers
4060,17901.0,29,1,110.38,3.4011973816621555,0.6931471805599453,4.7129477781615225,0,Potential Customers
4061,17904.0,21,1,191.67,3.091042453358316,0.6931471805599453,5.260978880892669,0,Potential Customers
4062,17905.0,71,4,800.24,4.276666119016055,1.6094379124341005,6.686160527657778,2,Potential Customers
4063,17906.0,247,1,72.9,5.513428746164983,0.6931471805599453,4.302712827954156,3,At Risk
4064,17908.0,374,1,243.28,5.926926025970411,0.6931471805599453,5.498315108354934,3,At Risk
4065,17911.0,9,1,366.23,2.302585092994046,0.6931471805599453,5.9059883547555305,0,Potential Customers
4066,17912.0,310,5,311.01,5.739792912179234,1.791759469228055,5.743035238577902,3,At Risk
4067,17913.0,59,2,411.6,4.0943445622221,1.0986122886681098,6.022478600637151,3,Potential Customers
4068,17914.0,4,1,336.43,1.6094379124341005,0.6931471805599453,5.821358081393286,0,Potential Customers
4069,17917.0,45,3,341.28,3.828641396489095,1.3862943611198906,5.835629115549854,0,Potential Customers
4070,17919.0,88,1,1304.04,4.48863636973214,0.6931471805599453,7.173988970628047,2,Potential Customers
4071,17920.0,4,17,4204.1,1.6094379124341005,2.8903717578961645,8.344053353337122,1,Champions
4072,17921.0,64,4,826.52,4.174387269895637,1.6094379124341005,6.718433276143438,2,Potential Customers
4073,17923.0,282,1,207.50000000000003,5.645446897643238,0.6931471805599453,5.339939041238856,3,At Risk
4074,17924.0,12,7,2962.5,2.5649493574615367,2.079441541679836,7.994126281227893,1,Champions
4075,17925.0,373,1,244.08,5.924255797414532,0.6931471805599453,5.501584687857454,3,At Risk
4076,17926.0,133,2,397.29,4.897839799950911,1.0986122886681098,5.98718038316893,3,Potential Customers
4077,17928.0,45,2,212.54,3.828641396489095,1.0986122886681098,5.363824168750156,3,Potential Customers
4078,17929.0,11,4,843.0,2.4849066497880004,1.6094379124341005,6.738152494595957,0,Champions
4079,17930.0,36,5,1740.48,3.610917912644224,1.791759469228055,7.462490605387541,2,Champions
4080,17931.0,134,2,408.36,4.90527477843843,1.0986122886681098,6.014594964496837,3,Potential Customers
4081,17932.0,29,3,1331.57,3.4011973816621555,1.3862943611198906,7.19486468749322,2,Champions
4082,17934.0,52,2,704.25,3.970291913552122,1.0986122886681098,6.558552349882105,2,Potential Customers
4083,17935.0,138,2,145.79,4.934473933130692,1.0986122886681098,4.989002993969142,3,Potential Customers
4084,17936.0,5,1,389.84,1.791759469228055,0.6931471805599453,5.968298269076143,0,Potential Customers
4085,17937.0,9,7,4301.22,2.302585092994046,2.079441541679836,8.366886447525236,1,Champions
4086,17939.0,160,1,99.14,5.081404364984463,0.6931471805599453,4.606569206901798,3,Potential Customers
4087,17940.0,49,10,4106.4400000000005,3.912023005428146,2.3978952727983707,8.320555242379292,1,Champions
4088,17941.0,131,1,304.56,4.882801922586371,0.6931471805599453,5.722146158673159,3,Potential Customers
4089,17942.0,8,1,77.50000000000001,2.19722457733622,0.6931471805599453,4.363098624788363,0,Potential Customers
4090,17946.0,233,2,149.57999999999998,5.455321115357702,1.0986122886681098,5.014494504421976,3,At Risk
4091,17947.0,37,1,176.68,3.6375861597263857,0.6931471805599453,5.179984179586172,3,Potential Customers
4092,17948.0,147,1,358.56000000000006,4.997212273764115,0.6931471805599453,5.884881061705198,3,Potential Customers
4093,17949.0,1,45,58510.48,0.6931471805599453,3.828641396489095,10.976978253283772,1,Champions
4094,17950.0,72,3,482.2,4.290459441148391,1.3862943611198906,6.180430646620605,2,Potential Customers
4095,17951.0,40,3,1008.54,3.713572066704308,1.3862943611198906,6.917250060543926,2,Champions
4096,17954.0,5,12,2332.72,1.791759469228055,2.5649493574615367,7.755218839925959,1,Champions
4097,17955.0,199,4,557.3,5.298317366548036,1.6094379124341005,6.324896452316315,2,Potential Customers
4098,17956.0,249,1,12.75,5.521460917862246,0.6931471805599453,2.6210388241125804,3,At Risk
4099,17957.0,66,1,111.68,4.204692619390966,0.6931471805599453,4.724551943008172,3,Potential Customers
4100,17958.0,117,1,508.46,4.770684624465665,0.6931471805599453,6.233351341239327,3,Potential Customers
4101,17960.0,171,1,73.78,5.147494476813453,0.6931471805599453,4.314550469548967,3,Potential Customers
4102,17961.0,21,39,1296.44,3.091042453358316,3.688879454113936,7.168148371196248,1,Champions
4103,17962.0,142,1,102.83,4.962844630259907,0.6931471805599453,4.642754946315362,3,Potential Customers
4104,17964.0,32,2,471.7,3.49650756146648,1.0986122886681098,6.158460937799191,0,Potential Customers
4105,17965.0,38,14,2622.57,3.6635616461296463,2.70805020110221,7.872291264684285,1,Champions
4106,17966.0,38,5,1098.43,3.6635616461296463,1.791759469228055,7.0025471426656845,2,Champions
4107,17967.0,372,1,123.07,5.921578419643816,0.6931471805599453,4.82084592245478,3,At Risk
4108,17968.0,374,1,277.35,5.926926025970411,0.6931471805599453,5.628879314629517,3,At Risk
4109,17969.0,166,2,228.2,5.117993812416755,1.0986122886681098,5.434594984840585,3,Potential Customers
4110,17970.0,211,1,582.59,5.356586274672012,0.6931471805599453,6.369198681477835,3,At Risk
4111,17972.0,242,1,136.04,5.493061443340548,0.6931471805599453,4.920272854015864,3,At Risk
4112,17973.0,52,1,337.04,3.970291913552122,0.6931471805599453,5.823164231676282,3,Potential Customers
4113,17974.0,25,3,740.79,3.258096538021482,1.3862943611198906,6.6090661842420575,0,Champions
4114,17975.0,15,13,4488.81,2.772588722239781,2.6390573296152584,8.40956566358259,1,Champions
4115,17976.0,372,1,353.19,5.921578419643816,0.6931471805599453,5.869833492313257,3,At Risk
4116,17977.0,29,1,288.14,3.4011973816621555,0.6931471805599453,5.6669109998802965,0,Potential Customers
4117,17978.0,365,1,300.92,5.902633333401366,0.6931471805599453,5.71016208162024,3,At Risk
4118,17979.0,36,4,757.71,3.610917912644224,1.6094379124341005,6.631619622697395,2,Champions
4119,17980.0,166,3,811.45,5.117993812416755,1.3862943611198906,6.700054373848785,2,Potential Customers
4120,17984.0,145,1,152.68,4.983606621708336,0.6931471805599453,5.034872518460301,3,Potential Customers
4121,17985.0,22,1,634.95,3.1354942159291497,0.6931471805599453,6.455119943897493,0,Champions
4122,17986.0,56,1,20.8,4.04305126783455,0.6931471805599453,3.0819099697950434,3,Potential Customers
4123,17987.0,185,1,198.57,5.225746673713202,0.6931471805599453,5.2961650519798935,3,Potential Customers
4124,17988.0,12,7,201.12,2.5649493574615367,2.079441541679836,5.308861580423708,0,Potential Customers
4125,17990.0,237,3,630.84,5.472270673671475,1.3862943611198906,6.448636197538339,3,At Risk
4126,17991.0,225,2,93.35,5.420534999272286,1.0986122886681098,4.547011271814559,3,At Risk
4127,17994.0,122,4,678.49,4.812184355372417,1.6094379124341005,6.521342516779448,2,Potential Customers
4128,17995.0,282,1,76.1,5.645446897643238,0.6931471805599453,4.345103280569283,3,At Risk
4129,17997.0,74,8,1970.67,4.31748811353631,2.19722457733622,7.586636178360024,2,Potential Customers
4130,17999.0,37,2,382.06,3.6375861597263857,1.0986122886681098,5.948191634874515,0,Potential Customers
4131,18001.0,12,2,417.23,2.5649493574615367,1.0986122886681098,6.036031520433107,0,Potential Customers
4132,18004.0,362,1,169.47,5.8944028342648505,0.6931471805599453,5.138559328162834,3,At Risk
4133,18005.0,4,2,249.72,1.6094379124341005,1.0986122886681098,5.524336778607711,0,Potential Customers
4134,18006.0,23,1,444.68,3.1780538303479458,0.6931471805599453,6.09960120571256,0,Potential Customers
4135,18008.0,70,9,2116.19,4.262679877041316,2.302585092994046,7.657845016753332,2,Potential Customers
4136,18009.0,235,1,257.34,5.4638318050256105,0.6931471805599453,5.5542765468038695,3,At Risk
4137,18010.0,257,1,174.8,5.552959584921617,0.6931471805599453,5.169346985251076,3,At Risk
4138,18011.0,373,1,102.79,5.924255797414532,0.6931471805599453,4.642369626977198,3,At Risk
4139,18013.0,155,2,187.29,5.049856007249537,1.0986122886681098,5.237983327508337,3,Potential Customers
4140,18014.0,28,1,166.42,3.367295829986474,0.6931471805599453,5.12050562523191,0,Potential Customers
4141,18015.0,4,1,120.03,1.6094379124341005,0.6931471805599453,4.7960384487505126,0,Potential Customers
4142,18016.0,32,5,1483.56,3.49650756146648,1.791759469228055,7.302873711036083,2,Champions
4143,18017.0,81,3,523.0,4.406719247264253,1.3862943611198906,6.261491684321042,2,Potential Customers
4144,18018.0,108,2,122.14,4.691347882229144,1.0986122886681098,4.813321919483064,3,Potential Customers
4145,18019.0,52,1,38.45,3.970291913552122,0.6931471805599453,3.675034047291883,3,Potential Customers
4146,18022.0,36,1,668.11,3.610917912644224,0.6931471805599453,6.5059484711262,0,Champions
4147,18024.0,153,2,389.78,5.0369526024136295,1.0986122886681098,5.968144741786365,3,Potential Customers
4148,18027.0,99,1,115.31,4.605170185988092,0.6931471805599453,4.756259040350948,3,Potential Customers
4149,18030.0,4,2,230.65,1.6094379124341005,1.0986122886681098,5.4452276118626575,0,Potential Customers
4150,18032.0,334,1,73.5,5.814130531825066,0.6931471805599453,4.310799125385514,3,At Risk
4151,18033.0,65,1,97.97,4.189654742026425,0.6931471805599453,4.5948167739086,3,Potential Customers
4152,18034.0,22,2,422.88,3.1354942159291497,1.0986122886681098,6.049450396306635,0,Potential Customers
4153,18035.0,36,3,730.4,3.610917912644224,1.3862943611198906,6.594960505715281,2,Champions
4154,18036.0,32,3,405.62,3.49650756146648,1.3862943611198906,6.007879088376076,0,Potential Customers
4155,18037.0,154,6,70.02,5.043425116919247,1.9459101490553128,4.262961527514942,3,Potential Customers
4156,18040.0,19,2,357.20000000000005,2.995732273553991,1.0986122886681098,5.881091489626612,0,Potential Customers
4157,18041.0,12,21,4183.39,2.5649493574615367,3.091042453358316,8.339116213637862,1,Champions
4158,18042.0,54,1,165.04999999999998,4.007333185232471,0.6931471805599453,5.112288947822756,3,Potential Customers
4159,18043.0,25,3,559.51,3.258096538021482,1.3862943611198906,6.328847083566265,0,Champions
4160,18044.0,4,10,2088.6,1.6094379124341005,2.3978952727983707,7.644727939082112,1,Champions
4161,18045.0,45,1,189.4,3.828641396489095,0.6931471805599453,5.249127122357265,3,Potential Customers
4162,18048.0,203,2,172.29000000000002,5.318119993844216,1.0986122886681098,5.1549664916521545,3,At Risk
4163,18050.0,359,1,74.4,5.886104031450156,0.6931471805599453,4.32280727501391,3,At Risk
4164,18053.0,71,1,300.02,4.276666119016055,0.6931471805599453,5.707176707724217,3,Potential Customers
4165,18055.0,7,10,6784.1900000000005,2.079441541679836,2.3978952727983707,8.822497574824572,1,Champions
4166,18056.0,288,1,363.65,5.666426688112432,0.6931471805599453,5.898937989430242,3,At Risk
4167,18058.0,10,1,170.16,2.3978952727983707,0.6931471805599453,5.142598791548616,0,Potential Customers
4168,18059.0,23,3,306.46,3.1780538303479458,1.3862943611198906,5.728344997484453,0,Potential Customers
4169,18061.0,22,10,2119.41,3.1354942159291497,2.3978952727983707,7.659364745193834,1,Champions
4170,18062.0,173,3,720.52,5.159055299214529,1.3862943611198906,6.581360097857453,2,Potential Customers
4171,18064.0,133,2,814.0,4.897839799950911,1.0986122886681098,6.703188113240863,3,Potential Customers
4172,18065.0,6,14,2392.83,1.9459101490553128,2.70805020110221,7.780649872736044,1,Champions
4173,18066.0,75,1,318.0,4.330733340286331,0.6931471805599453,5.765191102784844,3,Potential Customers
4174,18067.0,40,1,396.33,3.713572066704308,0.6931471805599453,5.98476716966025,0,Potential Customers
4175,18068.0,289,1,101.7,5.66988092298052,0.6931471805599453,4.631812116934513,3,At Risk
4176,18069.0,26,5,2036.67,3.295836866004329,1.791759469228055,7.619562277217285,2,Champions
4177,18071.0,258,2,453.0,5.556828061699537,1.0986122886681098,6.118097198041348,3,At Risk
4178,18072.0,186,1,247.44,5.231108616854587,0.6931471805599453,5.515201367691102,3,Potential Customers
4179,18073.0,114,12,3877.52,4.74493212836325,2.5649493574615367,8.263208916550349,2,Loyal Customers
4180,18074.0,374,1,489.6,5.926926025970411,0.6931471805599453,6.195629131824389,3,At Risk
4181,18075.0,23,10,2611.75,3.1780538303479458,2.3978952727983707,7.868158585474613,1,Champions
4182,18077.0,8,11,2633.01,2.19722457733622,2.4849066497880004,7.876262678803233,1,Champions
4183,18078.0,217,2,336.13,5.384495062789089,1.0986122886681098,5.820468612643942,3,At Risk
4184,18079.0,45,4,3651.97,3.828641396489095,1.6094379124341005,8.20329581433342,2,Champions
4185,18080.0,19,2,1231.5,2.995732273553991,1.0986122886681098,7.116799905916845,0,Champions
4186,18081.0,36,3,343.45,3.610917912644224,1.3862943611198906,5.841948942039205,0,Potential Customers
4187,18082.0,26,1,703.37,3.295836866004329,0.6931471805599453,6.557303786277275,0,Champions
4188,18084.0,16,1,90.48,2.833213344056216,0.6931471805599453,4.516120369154581,0,Potential Customers
4189,18085.0,330,2,689.95,5.802118375377063,1.0986122886681098,6.538067462249494,3,At Risk
4190,18086.0,274,1,101.34,5.616771097666572,0.6931471805599453,4.628300603376946,3,At Risk
4191,18087.0,98,2,4055.72,4.59511985013459,1.0986122886681098,8.308130044310031,2,Potential Customers
4192,18088.0,61,1,167.67000000000002,4.127134385045092,0.6931471805599453,5.127944143269923,3,Potential Customers
4193,18092.0,2,11,9068.26,1.0986122886681098,2.4849066497880004,9.11264595212913,1,Champions
4194,18093.0,93,4,2106.52,4.543294782270004,1.6094379124341005,7.653267179747945,2,Potential Customers
4195,18094.0,82,7,3017.3,4.418840607796598,2.079441541679836,8.012449037966114,2,Potential Customers
4196,18095.0,313,2,580.05,5.749392985908253,1.0986122886681098,6.364836811668883,3,At Risk
4197,18096.0,12,3,911.15,2.5649493574615367,1.3862943611198906,6.8158044502342285,0,Champions
4198,18097.0,8,6,2697.8,2.19722457733622,1.9459101490553128,7.9005625087532705,1,Champions
4199,18099.0,127,1,168.31,4.852030263919617,0.6931471805599453,5.131731354140141,3,Potential Customers
4200,18101.0,11,2,223.65,2.4849066497880004,1.0986122886681098,5.414543635516169,0,Potential Customers
4201,18102.0,1,60,259657.3,0.6931471805599453,4.110873864173311,12.467121814869785,1,Champions
4202,18104.0,37,1,754.64,3.6375861597263857,0.6931471805599453,6.627565072288651,0,Champions
4203,18105.0,38,1,113.48000000000002,3.6635616461296463,0.6931471805599453,4.740400135248196,3,Potential Customers
4204,18106.0,330,1,430.7,5.802118375377063,0.6931471805599453,6.067730902561432,3,At Risk
4205,18108.0,254,1,271.0,5.541263545158426,0.6931471805599453,5.605802066295998,3,At Risk
4206,18109.0,2,26,8052.97,1.0986122886681098,3.295836866004329,8.99392041654725,1,Champions
4207,18110.0,20,1,236.3,3.044522437723423,0.6931471805599453,5.4693251634417175,0,Potential Customers
4208,18112.0,12,2,352.69,2.5649493574615367,1.0986122886681098,5.868420823264403,0,Potential Customers
4209,18113.0,369,1,76.32000000000001,5.91350300563827,0.6931471805599453,4.34795265434013,3,At Risk
4210,18114.0,290,1,220.1,5.673323267171493,0.6931471805599453,5.3986150878634005,3,At Risk
4211,18116.0,68,8,1418.03,4.23410650459726,2.19722457733622,7.25772881858561,2,Potential Customers
4212,18117.0,26,1,320.72,3.295836866004329,0.6931471805599453,5.773681602035868,0,Potential Customers
4213,18118.0,11,26,5653.82,2.4849066497880004,3.295836866004329,8.640263557804902,1,Champions
4214,18119.0,368,1,181.12,5.910796644040527,0.6931471805599453,5.204665810466581,3,At Risk
4215,18120.0,214,1,111.15,5.3706380281276624,0.6931471805599453,4.719837260966218,3,At Risk
4216,18121.0,149,2,673.1,5.010635294096256,1.0986122886681098,6.513378467859393,3,Potential Customers
4217,18122.0,8,6,1826.21,2.19722457733622,1.9459101490553128,7.510545492301356,1,Champions
4218,18123.0,24,2,589.4399999999999,3.218875824868201,1.0986122886681098,6.380868021668796,0,Champions
4219,18125.0,30,4,1142.99,3.4339872044851463,1.6094379124341005,7.042277430642797,2,Champions
4220,18126.0,61,1,206.83,4.127134385045092,0.6931471805599453,5.336720437830982,3,Potential Customers
4221,18127.0,19,3,348.73,2.995732273553991,1.3862943611198906,5.857161428207895,0,Potential Customers
4222,18129.0,243,1,112.55,5.497168225293202,0.6931471805599453,4.732243268551567,3,At Risk
4223,18130.0,15,3,1059.39,2.772588722239781,1.3862943611198906,6.966392043966783,0,Champions
4224,18133.0,212,1,931.5,5.3612921657094255,0.6931471805599453,6.837869151517971,3,At Risk
4225,18135.0,29,5,681.91,3.4011973816621555,1.791759469228055,6.52636307929225,2,Champions
4226,18136.0,63,3,784.33,4.158883083359672,1.3862943611198906,6.666104011612187,2,Potential Customers
4227,18138.0,295,1,152.65,5.69035945432406,0.6931471805599453,5.034677288576494,3,At Risk
4228,18139.0,18,6,8438.34,2.9444389791664403,1.9459101490553128,9.040659385480163,1,Champions
4229,18142.0,157,2,1019.52,5.062595033026967,1.0986122886681098,6.928067580294015,2,Potential Customers
4230,18143.0,117,2,1000.16,4.770684624465665,1.0986122886681098,6.908914606701983,2,Potential Customers
4231,18144.0,8,12,2888.75,2.19722457733622,2.5649493574615367,7.968925272174377,1,Champions
4232,18145.0,13,4,2861.55,2.6390573296152584,1.6094379124341005,7.959468114958852,2,Champions
4233,18146.0,141,2,160.35,4.955827057601261,1.0986122886681098,5.083575918497971,3,Potential Customers
4234,18147.0,46,2,179.34,3.8501476017100575,1.0986122886681098,5.19484395807176,3,Potential Customers
4235,18149.0,51,3,612.0799999999999,3.951243718581428,1.3862943611198906,6.4184954331307065,2,Potential Customers
4236,18150.0,32,3,566.58,3.49650756146648,1.3862943611198906,6.341381708583334,0,Champions
4237,18151.0,135,2,653.35,4.912654885736052,1.0986122886681098,6.483642376501489,3,Potential Customers
4238,18154.0,3,2,399.19,1.3862943611198906,1.0986122886681098,5.991939434331194,0,Potential Customers
4239,18155.0,75,3,371.62,4.330733340286331,1.3862943611198906,5.920559133592207,3,Potential Customers
4240,18156.0,13,2,734.94,2.6390573296152584,1.0986122886681098,6.601148593666668,0,Champions
4241,18158.0,9,2,453.4,2.302585092994046,1.0986122886681098,6.118977867406942,0,Potential Customers
4242,18159.0,301,1,530.15,5.71042701737487,0.6931471805599453,6.275044467226023,3,At Risk
4243,18160.0,57,2,638.0600000000001,4.060443010546419,1.0986122886681098,6.459998346683129,2,Potential Customers
4244,18161.0,15,5,1618.69,2.772588722239781,1.791759469228055,7.389990051890455,2,Champions
4245,18164.0,37,1,399.65,3.6375861597263857,0.6931471805599453,5.99308822822408,0,Potential Customers
4246,18165.0,177,1,302.46,5.181783550292085,0.6931471805599453,5.715249806097095,3,Potential Customers
4247,18167.0,23,3,1384.86,3.1780538303479458,1.3862943611198906,7.234076164546975,2,Champions
4248,18168.0,176,6,1169.94,5.176149732573829,1.9459101490553128,7.065562124027093,2,Potential Customers
4249,18169.0,61,1,202.65,4.127134385045092,0.6931471805599453,5.316402834094422,3,Potential Customers
4250,18170.0,33,3,980.31,3.5263605246161616,1.3862943611198906,6.888888413724063,2,Champions
4251,18171.0,59,5,1231.31,4.0943445622221,1.791759469228055,7.116645735818236,2,Potential Customers
4252,18172.0,15,20,7561.68,2.772588722239781,3.044522437723423,8.930980903708734,1,Champions
4253,18173.0,87,4,2106.84,4.477336814478207,1.6094379124341005,7.653419005452328,2,Potential Customers
4254,18174.0,7,1,104.0,2.079441541679836,0.6931471805599453,4.653960350157523,0,Potential Customers
4255,18176.0,358,1,476.35,5.883322388488279,0.6931471805599453,6.168249974444042,3,At Risk
4256,18177.0,31,6,1341.42,3.4657359027997265,1.9459101490553128,7.202229234290873,2,Champions
4257,18178.0,129,4,1590.81,4.867534450455582,1.6094379124341005,7.372627012548272,2,Potential Customers
4258,18179.0,9,6,1793.17,2.302585092994046,1.9459101490553128,7.492297798441418,1,Champions
4259,18180.0,5,6,1843.75,1.791759469228055,1.9459101490553128,7.520099045938476,1,Champions
4260,18181.0,24,1,382.8,3.218875824868201,0.6931471805599453,5.950121583573599,0,Potential Customers
4261,18183.0,227,2,632.07,5.429345628954441,1.0986122886681098,6.450581000548326,3,At Risk
4262,18184.0,15,1,49.8,2.772588722239781,0.6931471805599453,3.927896354584436,0,Potential Customers
4263,18185.0,249,1,304.25,5.521460917862246,0.6931471805599453,5.721131112990814,3,At Risk
4264,18188.0,15,3,2001.04,2.772588722239781,1.3862943611198906,7.601921939695548,2,Champions
4265,18189.0,78,2,1090.24,4.3694478524670215,1.0986122886681098,6.995069943308846,2,Potential Customers
4266,18190.0,192,2,284.46000000000004,5.262690188904886,1.0986122886681098,5.654101914201623,3,Potential Customers
4267,18191.0,262,1,207.8,5.572154032177765,0.6931471805599453,5.341376856008484,3,At Risk
4268,18192.0,72,1,957.97,4.290459441148391,0.6931471805599453,6.865859791808101,3,Potential Customers
4269,18193.0,165,1,243.76,5.111987788356544,0.6931471805599453,5.500278138594339,3,Potential Customers
4270,18194.0,82,1,973.84,4.418840607796598,0.6931471805599453,6.882273354967445,3,Potential Customers
4271,18196.0,95,2,689.13,4.564348191467836,1.0986122886681098,6.536879985642264,3,Potential Customers
4272,18198.0,4,17,5425.56,1.6094379124341005,2.8903717578961645,8.599060694675584,1,Champions
4273,18200.0,106,1,163.8,4.672828834461906,0.6931471805599453,5.104732617475372,3,Potential Customers
4274,18202.0,200,3,1396.99,5.303304908059076,1.3862943611198906,7.242790769692349,2,Potential Customers
4275,18203.0,157,1,160.42000000000002,5.062595033026967,0.6931471805599453,5.084009663896226,3,Potential Customers
4276,18204.0,71,3,1993.7,4.276666119016055,1.3862943611198906,7.598248942076519,2,Potential Customers
4277,18205.0,36,2,517.36,3.610917912644224,1.0986122886681098,6.2506699815672135,0,Champions
4278,18209.0,29,1,139.10000000000002,3.4011973816621555,0.6931471805599453,4.942356453342962,0,Potential Customers
4279,18210.0,2,6,2621.38,1.0986122886681098,1.9459101490553128,7.871837581358896,1,Champions
4280,18211.0,26,5,600.07,3.295836866004329,1.791759469228055,6.3987114002985646,2,Champions
4281,18212.0,326,1,248.42,5.7899601708972535,0.6931471805599453,5.519138222492601,3,At Risk
4282,18213.0,237,1,232.48,5.472270673671475,0.6931471805599453,5.453096420335591,3,At Risk
4283,18215.0,89,1,299.34000000000003,4.499809670330265,0.6931471805599453,5.704915166252135,3,Potential Customers
4284,18216.0,31,1,481.75,3.4657359027997265,0.6931471805599453,6.179498921308624,0,Potential Customers
4285,18217.0,29,2,621.75,3.4011973816621555,1.0986122886681098,6.43414515414229,0,Champions
4286,18218.0,211,2,662.08,5.356586274672012,1.0986122886681098,6.496895646556665,3,At Risk
4287,18219.0,3,10,2069.77,1.3862943611198906,2.3978952727983707,7.635675797768084,1,Champions
4288,18220.0,227,1,305.28,5.429345628954441,0.6931471805599453,5.724499716244923,3,At Risk
4289,18221.0,22,5,1041.61,3.1354942159291497,1.791759469228055,6.949482463694109,2,Champions
4290,18222.0,93,1,443.0,4.543294782270004,0.6931471805599453,6.095824562432225,3,Potential Customers
4291,18223.0,5,14,6484.54,1.791759469228055,2.70805020110221,8.777330362366365,1,Champions
4292,18224.0,264,1,158.95000000000002,5.579729825986222,0.6931471805599453,5.074861266395527,3,At Risk
4293,18225.0,3,12,5509.12,1.3862943611198906,2.5649493574615367,8.614341680494203,1,Champions
4294,18226.0,44,11,5228.05,3.80666248977032,2.4849066497880004,8.561984896200169,1,Champions
4295,18227.0,218,1,93.75,5.389071729816501,0.6931471805599453,4.551241843962536,3,At Risk
4296,18228.0,57,2,779.9,4.060443010546419,1.0986122886681098,6.660447100668629,2,Potential Customers
4297,18229.0,12,20,7276.9,2.5649493574615367,3.044522437723423,8.892597638039238,1,Champions
4298,18230.0,9,7,2810.2000000000003,2.302585092994046,2.079441541679836,7.941366717432833,1,Champions
4299,18231.0,192,5,2083.27,5.262690188904886,1.791759469228055,7.642173953022541,2,Potential Customers
4300,18232.0,82,4,592.97,4.418840607796598,1.6094379124341005,6.386828813036717,2,Potential Customers
4301,18233.0,326,1,440.0,5.7899601708972535,0.6931471805599453,6.089044875446846,3,At Risk
4302,18235.0,72,3,1796.48,4.290459441148391,1.3862943611198906,7.494140962968628,2,Potential Customers
4303,18236.0,30,6,882.24,3.4339872044851463,1.9459101490553128,6.783596964352348,2,Champions
4304,18237.0,3,5,987.1,1.3862943611198906,1.791759469228055,6.895783907200917,0,Champions
4305,18239.0,219,5,1561.61,5.393627546352362,1.791759469228055,7.354112779132593,2,At Risk
4306,18240.0,46,1,422.58,3.8501476017100575,0.6931471805599453,6.048742398259456,3,Potential Customers
4307,18241.0,10,17,2073.09,2.3978952727983707,2.8903717578961645,7.637277782254905,1,Champions
4308,18242.0,72,4,2232.49,4.290459441148391,1.6094379124341005,7.711320663504336,2,Potential Customers
4309,18245.0,7,7,2567.06,2.079441541679836,2.079441541679836,7.850906029022887,1,Champions
4310,18246.0,24,2,596.1,3.218875824868201,1.0986122886681098,6.392084603552947,0,Champions
4311,18248.0,123,2,804.02,4.820281565605037,1.0986122886681098,6.690867121830435,3,Potential Customers
4312,18249.0,17,1,95.34,2.8903717578961645,0.6931471805599453,4.567883601202075,0,Potential Customers
4313,18250.0,310,1,349.27,5.739792912179234,0.6931471805599453,5.858704285656805,3,At Risk
4314,18251.0,87,1,4314.72,4.477336814478207,0.6931471805599453,8.370019449389407,2,Potential Customers
4315,18252.0,51,2,526.67,3.951243718581428,1.0986122886681098,6.268471088312343,0,Potential Customers
4316,18255.0,89,1,103.3,4.499809670330265,0.6931471805599453,4.647271362006727,3,Potential Customers
4317,18257.0,39,8,2337.63,3.688879454113936,2.19722457733622,7.757320566811742,2,Champions
4318,18259.0,25,3,2338.6,3.258096538021482,1.3862943611198906,7.757735253568871,2,Champions
4319,18260.0,173,6,2643.2000000000003,5.159055299214529,1.9459101490553128,7.880123841075997,2,Potential Customers
4320,18261.0,43,2,324.24,3.784189633918261,1.0986122886681098,5.784563371339637,0,Potential Customers
4321,18262.0,140,1,149.48,4.948759890378168,0.6931471805599453,5.013830184992774,3,Potential Customers
4322,18263.0,26,3,1213.16,3.295836866004329,1.3862943611198906,7.10180775865179,2,Champions
4323,18265.0,72,2,801.51,4.290459441148391,1.0986122886681098,6.687744315985722,2,Potential Customers
4324,18268.0,134,1,25.5,4.90527477843843,0.6931471805599453,3.277144732992177,3,Potential Customers
4325,18269.0,366,1,168.60000000000002,5.905361848054571,0.6931471805599453,5.133442723357803,3,At Risk
4326,18270.0,38,2,283.15000000000003,3.6635616461296463,1.0986122886681098,5.649502267743131,0,Potential Customers
4327,18272.0,3,6,3078.58,1.3862943611198906,1.9459101490553128,8.03254850303289,1,Champions
4328,18273.0,2,3,204.0,1.0986122886681098,1.3862943611198906,5.3230099791384085,0,Potential Customers
4329,18274.0,30,1,175.92,3.4339872044851463,0.6931471805599453,5.1756976530001255,0,Potential Customers
4330,18276.0,44,1,335.86,3.80666248977032,0.6931471805599453,5.81966741377024,3,Potential Customers
4331,18277.0,58,1,110.38,4.07753744390572,0.6931471805599453,4.7129477781615225,3,Potential Customers
4332,18278.0,74,1,173.9,4.31748811353631,0.6931471805599453,5.164214382024556,3,Potential Customers
4333,18280.0,278,1,180.6,5.631211781821365,0.6931471805599453,5.201806466167193,3,At Risk
4334,18281.0,181,1,80.82,5.204006687076795,0.6931471805599453,4.404521712501253,3,Potential Customers
4335,18282.0,8,2,178.05,2.19722457733622,1.0986122886681098,5.187665096444442,0,Potential Customers
4336,18283.0,4,16,2094.88,1.6094379124341005,2.833213344056216,7.647728791893583,1,Champions
4337,18287.0,43,3,1837.28,3.784189633918261,1.3862943611198906,7.516585630812605,2,Champions
